# Exported from MakeClothes (TM)
# author MRT
# license CC0
# homepage http://www.makehuman.org/
v 0.1598 1.8528 1.3864
v 1.9943 -0.1266 0.5738
v 1.7539 0.8081 0.6236
v 0.0901 -0.0252 0.7026
v 0.0744 -0.0031 -0.0615
v 0.3628 0.8060 -1.0589
v 0.1638 0.2488 -0.5785
v 0.4999 -0.3542 -0.5534
v 0.2228 2.1428 -0.6569
v 0.0650 2.1393 -0.6407
v 0.0613 -0.0589 0.3420
v 0.4459 0.7145 1.3015
v 0.3647 1.8645 1.3617
v 0.6463 0.8277 -1.0681
v 0.7634 -0.3065 -0.7134
v 0.5334 2.1504 -0.6535
v 0.9271 0.8227 -1.0021
v 1.0510 -0.2601 -0.7308
v 0.8133 2.1478 -0.6007
v 1.2454 0.8169 -0.8295
v 1.3275 -0.2177 -0.6227
v 1.0686 2.1376 -0.4532
v 1.6038 0.7936 -0.2892
v 1.7898 -0.1517 -0.2506
v 1.3875 2.0958 -0.0206
v 0.6966 -0.3512 1.1576
v 0.2843 -0.4433 0.6669
v 0.2206 -0.4570 0.3498
v 0.1916 0.7299 1.3128
v 0.8234 0.7985 1.3470
v 0.6780 1.8986 1.3682
v 1.0556 -0.2925 1.3046
v 0.8142 1.9049 1.3226
v 0.9821 1.9280 1.2609
v 1.3039 1.9948 0.9586
v 0.9739 0.8592 1.3126
v 0.4400 -0.3991 0.9604
v 1.2892 -0.2477 1.2902
v 1.1789 0.8795 1.2500
v 1.5089 -0.2051 1.2152
v 1.8878 -0.1413 0.8441
v 1.6003 0.8724 0.9078
v 0.2277 -0.4420 0.0336
v 0.4024 0.3172 -0.8739
v 2.0298 -0.3766 0.5741
v 1.3547 -0.4973 1.2984
v 0.2848 -0.6874 0.0638
v 1.8182 -0.4102 -0.2331
v 1.3584 -0.4851 -0.5838
v 1.0828 -0.5324 -0.6752
v 0.7956 -0.5826 -0.6494
v 0.3623 -0.6663 -0.2207
v 0.3572 -0.6787 0.6527
v 0.2845 -0.6917 0.3532
v 1.5755 -0.4530 1.2197
v 0.7733 -0.6028 1.1569
v 0.5195 -0.6459 0.9416
v 1.0941 -0.5486 1.3061
v 1.9351 -0.3905 0.8418
v 0.5374 -0.6301 -0.4830
v 1.8701 0.3842 0.5709
v 1.1179 0.2959 1.2712
v 0.1550 0.7999 -0.9190
v 0.6974 0.3470 -0.9843
v 0.9916 0.3628 -0.9417
v 1.2602 0.3776 -0.7702
v 1.6897 0.3885 -0.2942
v 1.3355 0.3261 1.2102
v 0.9350 0.2699 1.2971
v 0.5185 0.2172 1.2227
v 1.7410 0.3806 0.8509
v 0.2196 0.1744 1.1114
v 0.3153 -0.4001 -0.2836
v 1.2079 0.0035 1.2769
v 1.4259 0.0420 1.2054
v 1.0039 -0.0299 1.2944
v 0.6098 -0.0872 1.1718
v 0.4596 -0.0430 -0.6800
v 1.9366 0.1217 0.5664
v 0.1468 -0.2378 0.3444
v 0.7348 -0.0000 -0.8286
v 1.0242 0.0361 -0.8207
v 1.2961 0.0671 -0.6919
v 1.7453 0.1112 -0.2734
v 0.1957 -0.2194 0.6838
v 0.1598 -0.2025 -0.0141
v 1.8196 0.1056 0.8445
v 0.3483 -0.1385 1.0081
v 0.2586 -0.1033 -0.3942
v 1.4818 0.8069 -0.5637
v 1.2539 2.1176 -0.2370
v 1.5849 -0.1810 -0.4526
v 1.6139 -0.4435 -0.4270
v 1.4964 0.3854 -0.5347
v 1.5446 0.0923 -0.4945
v 1.1482 1.9609 1.1396
v 1.7111 -0.1683 1.0640
v 1.7722 -0.4165 1.0643
v 1.3818 0.9006 1.1188
v 1.5477 0.3605 1.0685
v 1.6344 0.0781 1.0592
v 1.4218 2.0234 0.7310
v 2.2560 -3.4006 0.3678
v 1.7763 -3.5057 0.9164
v 0.9165 -3.6517 -0.0414
v 2.1155 -3.4221 -0.3016
v 1.7674 -3.4826 -0.5869
v 1.5487 -3.5223 -0.6501
v 1.3191 -3.5655 -0.6197
v 0.9750 -3.6365 -0.2604
v 0.9827 -3.6462 0.4200
v 0.9186 -3.6551 0.1846
v 1.9403 -3.4692 0.8656
v 1.3306 -3.5907 0.7996
v 1.1257 -3.6236 0.6401
v 1.5687 -3.5496 0.9183
v 2.1865 -3.4151 0.5826
v 1.1129 -3.6065 -0.4762
v 1.9611 -3.4484 -0.4633
v 2.0755 -3.4386 0.7522
v 1.9259 -1.9110 -0.2525
v 1.7589 -1.9437 -0.4312
v 0.6766 -2.1590 0.5722
v 0.8368 -2.1300 0.8386
v 1.5513 -1.9844 -0.5726
v 1.3150 -2.0307 -0.6523
v 0.6009 -2.1715 0.0298
v 0.6033 -2.1724 0.2907
v 1.9251 -1.9166 0.9290
v 2.0499 -1.8915 0.7364
v 1.0604 -2.0799 -0.6237
v 2.1142 -1.8774 0.4939
v 0.8262 -2.1253 -0.4640
v 0.6682 -2.1569 -0.2196
v 1.7647 -1.9506 1.0646
v 1.5741 -1.9924 1.1346
v 1.0696 -2.0907 1.0300
v 1.3192 -2.0449 1.1428
v 1.8649 -5.7243 -0.5605
v 1.6648 -5.7407 -0.5365
v 1.3117 -5.8001 0.1883
v 1.3720 -5.8047 0.4016
v 2.4307 -5.7255 0.5520
v 2.4901 -5.7132 0.3581
v 1.4834 -5.7601 -0.4091
v 1.3615 -5.7781 -0.2146
v 1.3096 -5.7912 -0.0164
v 2.3543 -5.6994 -0.2419
v 2.0660 -5.7710 0.8531
v 2.2155 -5.7549 0.8078
v 2.2210 -5.7039 -0.3864
v 2.0539 -5.7122 -0.4990
v 1.5051 -5.8038 0.6013
v 1.6808 -5.7981 0.7465
v 1.8517 -5.7939 0.8529
v 2.3347 -5.7398 0.7054
v 1.9039 -1.6603 -0.2428
v 1.8831 -1.4097 -0.2322
v 1.8639 -1.1590 -0.2230
v 1.8461 -0.9092 -0.2188
v 1.8328 -0.6608 -0.2220
v 1.7319 -1.6936 -0.4243
v 1.7054 -1.4435 -0.4159
v 1.6802 -1.1932 -0.4089
v 1.6560 -0.9435 -0.4067
v 1.6345 -0.6949 -0.4123
v 0.7848 -1.8817 0.8842
v 0.7338 -1.6335 0.9186
v 0.6845 -1.3851 0.9366
v 0.6349 -1.1368 0.9405
v 0.5821 -0.8901 0.9373
v 1.2758 -1.7821 -0.6488
v 1.2364 -1.5332 -0.6436
v 1.1979 -1.2839 -0.6394
v 1.1584 -1.0347 -0.6396
v 1.1190 -0.7859 -0.6479
v 0.5479 -1.9250 0.3112
v 0.4950 -1.6772 0.3309
v 0.4444 -1.4293 0.3419
v 0.3936 -1.1815 0.3487
v 0.3409 -0.9346 0.3512
v 2.0453 -1.6397 0.7608
v 2.0348 -1.3884 0.7844
v 2.0181 -1.1373 0.8053
v 1.9955 -0.8870 0.8224
v 1.9669 -0.6385 0.8335
v 1.0149 -1.8321 -0.6200
v 0.9697 -1.5837 -0.6147
v 0.9253 -1.3350 -0.6104
v 0.8805 -1.0862 -0.6102
v 0.8359 -0.8372 -0.6191
v 2.1107 -1.6256 0.5143
v 2.1018 -1.3743 0.5342
v 2.0879 -1.1232 0.5522
v 2.0702 -0.8732 0.5656
v 2.0493 -0.6249 0.5727
v 0.6141 -1.9098 -0.2104
v 0.5621 -1.6622 -0.2005
v 0.5122 -1.4143 -0.1919
v 0.4621 -1.1662 -0.1873
v 0.4116 -0.9178 -0.1931
v 1.0219 -1.8420 1.0828
v 0.9740 -1.5938 1.1254
v 0.9275 -1.3451 1.1521
v 0.8811 -1.0963 1.1616
v 0.8325 -0.8492 1.1622
v 0.4172 -0.9204 0.6461
v 0.4701 -1.1670 0.6478
v 0.5205 -1.4150 0.6432
v 0.5704 -1.6630 0.6304
v 0.6225 -1.9111 0.6042
v 1.3896 -0.7376 -0.5628
v 1.4223 -0.9862 -0.5555
v 1.4535 -1.2358 -0.5561
v 1.4855 -1.4856 -0.5614
v 1.5185 -1.7351 -0.5679
v 0.3387 -0.9336 0.0756
v 0.3909 -1.1811 0.0745
v 0.4418 -1.4289 0.0674
v 0.4924 -1.6767 0.0566
v 0.5454 -1.9244 0.0430
v 1.8163 -0.6640 1.0498
v 1.8520 -0.9126 1.0322
v 1.8794 -1.1630 1.0110
v 1.9009 -1.4139 0.9885
v 1.9161 -1.6650 0.9591
v 0.5818 -0.8845 -0.4515
v 0.6299 -1.1335 -0.4433
v 0.6780 -1.3819 -0.4452
v 0.7259 -1.6301 -0.4511
v 0.7754 -1.8779 -0.4582
v 1.6229 -0.7001 1.2060
v 1.6635 -0.9485 1.1873
v 1.6958 -1.1987 1.1639
v 1.7244 -1.4491 1.1390
v 1.7482 -1.6996 1.1024
v 1.4009 -0.7448 1.2909
v 1.4388 -0.9932 1.2768
v 1.4762 -1.2433 1.2548
v 1.5113 -1.4930 1.2255
v 1.5426 -1.7424 1.1812
v 1.1264 -0.7989 1.3042
v 1.1587 -1.0480 1.2972
v 1.1950 -1.2982 1.2818
v 1.2345 -1.5475 1.2485
v 1.2770 -1.7959 1.1988
v 0.7310 -2.4063 0.5384
v 0.7851 -2.6534 0.5140
v 0.8378 -2.9008 0.4950
v 0.8886 -3.1494 0.4719
v 0.9372 -3.3986 0.4455
v 1.5834 -2.2336 -0.5736
v 1.6158 -2.4826 -0.5701
v 1.6494 -2.7317 -0.5646
v 1.6847 -2.9817 -0.5647
v 1.7232 -3.2324 -0.5720
v 0.6571 -2.4180 0.0180
v 0.7131 -2.6640 0.0092
v 0.7676 -2.9102 0.0016
v 0.8200 -3.1577 -0.0105
v 0.8700 -3.4056 -0.0260
v 1.9401 -2.1687 0.8991
v 1.9635 -2.4212 0.8719
v 1.9895 -2.6739 0.8473
v 2.0175 -2.9277 0.8180
v 2.0467 -3.1829 0.7847
v 0.8769 -2.3719 -0.4666
v 0.9269 -2.6181 -0.4653
v 0.9756 -2.8645 -0.4623
v 1.0230 -3.1119 -0.4638
v 1.0692 -3.3599 -0.4690
v 1.7894 -2.2022 1.0270
v 1.8181 -2.4540 0.9952
v 1.8478 -2.7062 0.9681
v 1.8784 -2.9596 0.9364
v 1.9097 -3.2142 0.9005
v 1.6073 -2.2431 1.0877
v 1.6411 -2.4941 1.0503
v 1.6747 -2.7455 1.0216
v 1.7086 -2.9982 0.9890
v 1.7428 -3.2520 0.9521
v 1.3607 -2.2945 1.0898
v 1.4015 -2.5444 1.0470
v 1.4419 -2.7947 1.0171
v 1.4838 -3.0460 0.9859
v 1.5266 -3.2981 0.9514
v 2.0689 -3.1690 -0.2830
v 2.0312 -2.9160 -0.2705
v 1.9992 -2.6640 -0.2640
v 1.9712 -2.4129 -0.2628
v 1.9474 -2.1620 -0.2595
v 1.9150 -3.1968 -0.4453
v 1.8768 -2.9450 -0.4351
v 1.8433 -2.6940 -0.4320
v 1.8129 -2.4438 -0.4344
v 1.7852 -2.1938 -0.4349
v 1.0824 -3.3746 0.6704
v 1.0363 -3.1243 0.7018
v 0.9885 -2.8747 0.7301
v 0.9390 -2.6263 0.7559
v 0.8882 -2.3782 0.7918
v 1.5073 -3.2734 -0.6412
v 1.4674 -3.0237 -0.6372
v 1.4291 -2.7747 -0.6393
v 1.3913 -2.5268 -0.6465
v 1.3534 -2.2789 -0.6516
v 0.8721 -3.4085 0.2050
v 0.8221 -3.1601 0.2258
v 0.7698 -2.9123 0.2433
v 0.7154 -2.6656 0.2564
v 0.6594 -2.4192 0.2710
v 2.1582 -3.1590 0.6116
v 2.1301 -2.9037 0.6409
v 2.1039 -2.6496 0.6665
v 2.0806 -2.3966 0.6877
v 2.0607 -2.1438 0.7110
v 1.2777 -3.3179 -0.6132
v 1.2353 -3.0692 -0.6106
v 1.1924 -2.8211 -0.6124
v 1.1493 -2.5741 -0.6189
v 1.1052 -2.3272 -0.6235
v 2.2241 -3.1446 0.3925
v 2.1950 -2.8894 0.4173
v 2.1688 -2.6354 0.4380
v 2.1463 -2.3825 0.4544
v 2.1278 -2.1298 0.4730
v 0.9293 -3.3904 -0.2496
v 0.8805 -3.1426 -0.2394
v 0.8297 -2.8953 -0.2326
v 0.7770 -2.6492 -0.2303
v 0.7228 -2.4033 -0.2266
v 1.2904 -3.3403 0.8330
v 1.2481 -3.0888 0.8678
v 1.2049 -2.8381 0.8998
v 1.1608 -2.5887 0.9318
v 1.1157 -2.3396 0.9765
v 1.6225 -5.4071 -0.5687
v 1.5750 -5.0875 -0.5854
v 1.5267 -4.7990 -0.5979
v 1.4800 -4.5440 -0.6095
v 1.4376 -4.2974 -0.6216
v 1.3976 -4.0536 -0.6282
v 1.3587 -3.8102 -0.6267
v 1.3225 -5.4754 0.3760
v 1.2673 -5.1584 0.3652
v 1.2102 -4.8697 0.3653
v 1.1550 -4.6157 0.3702
v 1.1057 -4.3721 0.3768
v 1.0636 -4.1309 0.3853
v 1.0239 -3.8896 0.3998
v 2.4608 -5.3554 0.3322
v 2.4296 -5.0118 0.3226
v 2.4011 -4.7059 0.3207
v 2.3760 -4.4344 0.3231
v 2.3525 -4.1721 0.3269
v 2.3235 -3.9141 0.3337
v 2.2903 -3.6571 0.3476
v 1.3125 -5.4510 -0.2440
v 1.2579 -5.1371 -0.2570
v 1.2017 -4.8520 -0.2614
v 1.1472 -4.6006 -0.2648
v 1.0984 -4.3584 -0.2696
v 1.0566 -4.1185 -0.2717
v 1.0167 -3.8785 -0.2682
v 1.2596 -5.4647 -0.0446
v 1.2041 -5.1511 -0.0570
v 1.1469 -4.8658 -0.0596
v 1.0916 -4.6144 -0.0599
v 1.0419 -4.3726 -0.0606
v 0.9992 -4.1332 -0.0597
v 0.9587 -3.8936 -0.0530
v 2.3287 -5.3473 -0.2758
v 2.3069 -5.0100 -0.2958
v 2.2898 -4.7092 -0.3144
v 2.2732 -4.4413 -0.3295
v 2.2491 -4.1824 -0.3389
v 2.2139 -3.9279 -0.3363
v 2.1668 -3.6748 -0.3219
v 2.1812 -5.4029 0.7845
v 2.1426 -5.0635 0.7758
v 2.1033 -4.7588 0.7776
v 2.0655 -4.4907 0.7867
v 2.0308 -4.2323 0.7996
v 2.0002 -3.9774 0.8151
v 1.9703 -3.7233 0.8370
v 2.0229 -5.3687 -0.5361
v 1.9920 -5.0395 -0.5600
v 1.9633 -4.7444 -0.5824
v 1.9327 -4.4824 -0.6025
v 1.8991 -4.2290 -0.6159
v 1.8596 -3.9795 -0.6167
v 1.8150 -3.7312 -0.6042
v 1.6376 -5.4606 0.7230
v 1.5887 -5.1348 0.7138
v 1.5374 -4.8389 0.7159
v 1.4871 -4.5792 0.7249
v 1.4418 -4.3302 0.7373
v 1.4036 -4.0841 0.7518
v 1.3677 -3.8381 0.7725
v 2.3022 -5.3847 0.6814
v 2.2656 -5.0427 0.6726
v 2.2285 -4.7368 0.6735
v 2.1936 -4.4668 0.6813
v 2.1620 -4.2064 0.6922
v 2.1327 -3.9498 0.7057
v 2.1040 -3.6941 0.7257
v 1.5907 -3.7690 -0.6611
v 1.6315 -4.0149 -0.6673
v 1.6715 -4.2615 -0.6627
v 1.7097 -4.5115 -0.6497
v 1.7489 -4.7698 -0.6327
v 1.7885 -5.0615 -0.6151
v 1.8282 -5.3859 -0.5950
v 0.9607 -3.8974 0.1688
v 1.0011 -4.1375 0.1583
v 1.0438 -4.3774 0.1538
v 1.0935 -4.6195 0.1508
v 1.1490 -4.8719 0.1484
v 1.2062 -5.1584 0.1497
v 1.2618 -5.4731 0.1614
v 2.2151 -3.6714 0.5588
v 2.2444 -3.9281 0.5416
v 2.2730 -4.1858 0.5314
v 2.3005 -4.4475 0.5235
v 2.3312 -4.7186 0.5179
v 2.3653 -5.0249 0.5181
v 2.3998 -5.3684 0.5271
v 1.1533 -3.8495 -0.4821
v 1.1921 -4.0908 -0.4835
v 1.2326 -4.3321 -0.4783
v 1.2791 -4.5760 -0.4691
v 1.3309 -4.8285 -0.4618
v 1.3846 -5.1146 -0.4542
v 1.4368 -5.4305 -0.4398
v 1.8085 -3.7580 0.8872
v 1.8401 -4.0098 0.8647
v 1.8726 -4.2622 0.8485
v 1.9096 -4.5181 0.8345
v 1.9496 -4.7841 0.8245
v 1.9907 -5.0870 0.8219
v 2.0306 -5.4230 0.8303
v 2.0122 -3.6991 -0.4848
v 2.0599 -3.9498 -0.5009
v 2.0980 -4.2020 -0.5029
v 2.1267 -4.4584 -0.4908
v 2.1487 -4.7237 -0.4707
v 2.1693 -5.0220 -0.4473
v 2.1939 -5.3557 -0.4233
v 1.1652 -3.8688 0.6157
v 1.2033 -4.1123 0.5975
v 1.2441 -4.3557 0.5854
v 1.2928 -4.6016 0.5754
v 1.3473 -4.8581 0.5682
v 1.4034 -5.1500 0.5670
v 1.4573 -5.4710 0.5769
v 1.6084 -3.7989 0.8917
v 1.6461 -4.0474 0.8713
v 1.6821 -4.2967 0.8563
v 1.7182 -4.5499 0.8419
v 1.7542 -4.8146 0.8302
v 1.7888 -5.1168 0.8252
v 1.8215 -5.4499 0.8317
v 1.8284 -7.4843 -0.3933
v 1.8145 -7.2232 -0.3739
v 1.7927 -6.9499 -0.3721
v 1.7648 -6.6714 -0.4075
v 1.7328 -6.3747 -0.4573
v 1.6998 -6.0656 -0.4961
v 1.6038 -7.4514 0.5685
v 1.5775 -7.2285 0.5502
v 1.5422 -6.9676 0.5489
v 1.5003 -6.6977 0.5220
v 1.4559 -6.4171 0.4777
v 1.4137 -6.1217 0.4376
v 2.5001 -7.4215 0.5189
v 2.5129 -7.1947 0.5035
v 2.5239 -6.9296 0.5034
v 2.5293 -6.6537 0.4766
v 2.5263 -6.3632 0.4329
v 2.5129 -6.0530 0.3940
v 1.5890 -7.4794 -0.0729
v 1.5633 -7.2310 -0.0703
v 1.5284 -6.9627 -0.0617
v 1.4874 -6.6882 -0.0892
v 1.4441 -6.3986 -0.1365
v 1.4028 -6.0967 -0.1758
v 1.5471 -7.4721 0.1347
v 1.5204 -7.2319 0.1283
v 1.4832 -6.9662 0.1346
v 1.4398 -6.6936 0.1074
v 1.3945 -6.4074 0.0610
v 1.3518 -6.1083 0.0215
v 2.3829 -7.4519 -0.0992
v 2.3915 -7.2010 -0.0983
v 2.3974 -6.9292 -0.0873
v 2.3979 -6.6502 -0.1144
v 2.3909 -6.3521 -0.1613
v 2.3759 -6.0374 -0.2006
v 2.2932 -7.4083 0.9848
v 2.2936 -7.2010 0.9586
v 2.2891 -6.9423 0.9507
v 2.2795 -6.6699 0.9239
v 2.2641 -6.3884 0.8820
v 2.2428 -6.0873 0.8419
v 2.1381 -7.4717 -0.3649
v 2.1372 -7.2111 -0.3536
v 2.1314 -6.9371 -0.3398
v 2.1198 -6.6573 -0.3677
v 2.1021 -6.3580 -0.4162
v 2.0798 -6.0446 -0.4559
v 1.8567 -7.4266 0.9231
v 1.8424 -7.2175 0.8988
v 1.8175 -6.9601 0.8915
v 1.7864 -6.6918 0.8647
v 1.7516 -6.4141 0.8220
v 1.7167 -6.1193 0.7812
v 2.3868 -7.4097 0.8785
v 2.3911 -7.1979 0.8548
v 2.3923 -6.9375 0.8486
v 2.3885 -6.6637 0.8218
v 2.3781 -6.3795 0.7795
v 2.3602 -6.0754 0.7398
v 1.8951 -6.0531 -0.5189
v 1.9227 -6.3649 -0.4798
v 1.9474 -6.6635 -0.4306
v 1.9669 -6.9429 -0.3986
v 1.9803 -7.2171 -0.4058
v 1.9870 -7.4796 -0.4233
v 1.3540 -6.1167 0.2253
v 1.3968 -6.4137 0.2651
v 1.4422 -6.6969 0.3104
v 1.4856 -6.9680 0.3374
v 1.5229 -7.2311 0.3349
v 1.5500 -7.4628 0.3481
v 2.4546 -6.0636 0.5870
v 2.4695 -6.3709 0.6263
v 2.4750 -6.6582 0.6692
v 2.4728 -6.9331 0.6960
v 2.4654 -7.1958 0.6995
v 2.4566 -7.4143 0.7195
v 1.5222 -6.0813 -0.3696
v 1.5601 -6.3868 -0.3306
v 1.5988 -6.6802 -0.2823
v 1.6345 -6.9569 -0.2519
v 1.6641 -7.2281 -0.2575
v 1.6855 -7.4841 -0.2687
v 2.0949 -6.0998 0.8871
v 2.1194 -6.3983 0.9275
v 2.1398 -6.6777 0.9694
v 2.1555 -6.9480 0.9962
v 2.1663 -7.2053 1.0054
v 2.1704 -7.4103 1.0332
v 2.2439 -6.0394 -0.3434
v 2.2619 -6.3539 -0.3036
v 2.2735 -6.6529 -0.2558
v 2.2783 -6.9325 -0.2285
v 2.2775 -7.2056 -0.2422
v 2.2732 -7.4621 -0.2488
v 1.5449 -6.1224 0.6365
v 1.5847 -6.4169 0.6769
v 1.6257 -6.6955 0.7202
v 1.6634 -6.9647 0.7470
v 1.6941 -7.2235 0.7516
v 1.7157 -7.4384 0.7732
v 1.8786 -6.1189 0.8868
v 1.9043 -6.4148 0.9276
v 1.9301 -6.6915 0.9698
v 1.9556 -6.9565 0.9976
v 1.9798 -7.2122 1.0093
v 1.9959 -7.4162 1.0408
v 2.0695 -1.1231 0.2748
v 1.9895 -1.1361 0.0099
v 2.0394 -1.8892 -0.0283
v 2.0577 -2.1408 -0.0395
v 2.0023 -0.1236 0.2742
v 1.9427 0.1285 0.2652
v 2.2644 -3.3978 0.1306
v 2.2262 -3.1423 0.1511
v 2.5306 -6.6508 0.2650
v 2.5278 -6.3572 0.2203
v 2.2136 -3.4056 -0.0984
v 2.1698 -3.1512 -0.0795
v 2.5249 -6.9277 0.2918
v 2.5005 -7.4309 0.2984
v 2.5136 -7.1954 0.2880
v 2.0787 -2.3925 -0.0474
v 2.1428 -2.3815 0.1977
v 1.4598 2.0681 0.2174
v 1.4763 2.0495 0.4765
v 2.1076 -1.8770 0.2268
v 2.0554 -0.8729 0.2847
v 2.0376 -0.3754 0.2842
v 1.9589 -0.3882 0.0091
v 2.0936 -1.6255 0.2434
v 2.0833 -1.3742 0.2600
v 2.1237 -2.1292 0.2108
v 2.1343 -2.8972 -0.0636
v 2.1939 -2.8876 0.1714
v 2.0493 -0.6243 0.2882
v 1.9711 -0.6378 0.0166
v 2.1044 -2.6444 -0.0530
v 2.1662 -2.6340 0.1868
v 1.9772 -0.8862 0.0167
v 2.5149 -6.0446 0.1817
v 2.2625 -3.6602 -0.1157
v 2.3066 -3.9152 -0.1277
v 2.3391 -4.1715 -0.1309
v 2.4164 -4.7004 0.1011
v 2.3754 -4.7019 -0.1161
v 1.7726 0.8236 0.3160
v 1.8772 0.4025 0.2650
v 2.3602 -4.4322 -0.1247
v 1.7170 0.7847 0.0017
v 2.3973 -4.4294 0.0982
v 2.4383 -5.0051 0.1061
v 2.3930 -5.0048 -0.1052
v 2.4652 -5.3474 0.1169
v 2.4165 -5.3449 -0.0909
v 1.8706 0.1211 -0.0198
v 2.3458 -3.9100 0.1016
v 2.4929 -5.7044 0.1445
v 2.3758 -4.1676 0.0972
v 2.0213 -1.6380 -0.0154
v 2.3074 -3.6536 0.1134
v 2.4645 -6.0394 -0.0215
v 2.4780 -6.3535 0.0173
v 2.0047 -1.3870 -0.0019
v 1.9264 -0.1336 -0.0049
v 1.8080 0.3875 -0.0275
v 2.4582 -7.4414 0.0867
v 2.4821 -6.6496 0.0631
v 2.4783 -6.9277 0.0900
v 2.4690 -7.1976 0.0823
v 2.4429 -5.6998 -0.0605
v 0.7121 1.8987 1.3515
v 1.6189 -3.5374 0.9138
v 1.1126 -0.2802 1.2993
v 1.8375 -5.1086 0.8200
v 0.8562 0.8167 1.3327
v 1.8724 -5.4424 0.8270
v 1.8008 -4.8062 0.8243
v 1.7636 -4.5410 0.8356
v 1.4227 -2.2803 1.0846
v 1.4615 -2.5305 1.0439
v 1.5393 -3.0327 0.9829
v 1.6922 -4.0370 0.8653
v 1.4999 -2.7811 1.0146
v 1.7271 -4.2871 0.8499
v 1.6564 -3.7875 0.8864
v 1.5794 -3.2853 0.9477
v 0.9774 0.2754 1.2847
v 1.9043 -5.7873 0.8487
v 1.3035 -1.5324 1.2400
v 1.2653 -1.2831 1.2713
v 1.3431 -1.7811 1.1908
v 1.1958 -0.7840 1.2965
v 1.2288 -1.0330 1.2873
v 1.9571 -6.4098 0.9233
v 1.3834 -2.0304 1.1363
v 1.9318 -6.1130 0.8826
v 2.0427 -7.4145 1.0359
v 1.1595 -0.5345 1.3017
v 2.0239 -7.2103 1.0039
v 1.9813 -6.6875 0.9656
v 1.0519 -0.0210 1.2840
v 2.0039 -6.9543 0.9931
v 1.0877 -1.0618 1.2587
v 1.0508 -0.8132 1.2631
v 1.2125 -1.8090 1.1653
v 1.1269 -1.3115 1.2453
v 1.1685 -1.5606 1.2133
v 1.5084 -3.5613 0.8808
v 0.7241 0.7661 1.3276
v 0.5837 1.8882 1.3607
v 0.8230 0.2553 1.2704
v 1.3823 -2.8070 0.9803
v 1.5473 -3.8100 0.8539
v 1.8104 -5.7945 0.8188
v 1.6208 -4.3062 0.8184
v 1.9477 -7.2131 0.9739
v 1.5843 -4.0578 0.8334
v 1.2990 -2.3073 1.0547
v 1.9235 -6.9573 0.9637
v 1.6596 -4.5582 0.8046
v 1.3409 -2.5570 1.0108
v 1.9593 -7.4191 1.0019
v 1.4244 -3.0581 0.9488
v 1.6997 -4.8214 0.7937
v 1.4669 -3.3101 0.9141
v 1.2563 -2.0579 1.1092
v 1.8965 -6.6915 0.9362
v 1.8680 -6.4144 0.8939
v 1.8397 -6.1186 0.8530
v 0.9605 -0.3092 1.2594
v 1.0106 -0.5641 1.2609
v 0.8989 -0.0461 1.2558
v 1.7765 -5.4525 0.7969
v 1.7391 -5.1216 0.7896
v 1.5838 -3.5455 0.9162
v 1.8031 -5.1141 0.8229
v 1.8364 -5.4475 0.8295
v 1.7680 -4.8118 0.8277
v 1.7317 -4.5469 0.8393
v 1.3797 -2.2897 1.0873
v 1.4198 -2.5398 1.0453
v 1.5006 -3.0415 0.9843
v 1.6600 -4.0438 0.8688
v 1.4596 -2.7901 1.0156
v 1.6956 -4.2934 0.8537
v 1.6229 -3.7950 0.8894
v 1.5425 -3.2938 0.9496
v 0.9493 0.2724 1.2922
v 1.8670 -5.7919 0.8509
v 1.2558 -1.5424 1.2454
v 1.2167 -1.2931 1.2782
v 1.2974 -1.7910 1.1957
v 1.1481 -0.7939 1.3009
v 1.1805 -1.0430 1.2930
v 1.9195 -6.4132 0.9255
v 1.3390 -2.0400 1.1395
v 1.8941 -6.1171 0.8847
v 2.0071 -7.4157 1.0390
v 1.1147 -0.5438 1.3048
v 1.9920 -7.2115 1.0069
v 1.9447 -6.6903 0.9678
v 1.0198 -0.0267 1.2904
v 1.9692 -6.9558 0.9955
v 0.6887 1.8992 1.3628
v 1.0739 -0.2882 1.3023
v 0.8344 0.8058 1.3413
v 1.1362 -1.0528 1.2844
v 1.1024 -0.8039 1.2901
v 1.2566 -1.8005 1.1871
v 1.1734 -1.3029 1.2695
v 1.2136 -1.5521 1.2362
v 1.5501 -3.5536 0.9047
v 0.7938 0.7861 1.3406
v 0.6529 1.8955 1.3655
v 1.5897 -3.8027 0.8781
v 1.8388 -5.7942 0.8405
v 1.6634 -4.3000 0.8427
v 1.9700 -7.2125 0.9965
v 1.6272 -4.0510 0.8577
v 1.9457 -6.9566 0.9852
v 1.7003 -4.5527 0.8285
v 1.9862 -7.4170 1.0282
v 1.7375 -4.8170 0.8170
v 1.2994 -2.0495 1.1311
v 1.9196 -6.6917 0.9576
v 1.8929 -6.4148 0.9153
v 1.8665 -6.1189 0.8744
v 1.0263 -0.2981 1.2893
v 1.0679 -0.5539 1.2901
v 1.8075 -5.4508 0.8190
v 1.7735 -5.1185 0.8123
v 0.9014 0.2645 1.2881
v 1.4233 -2.7990 1.0037
v 1.3413 -2.2990 1.0771
v 1.3825 -2.5488 1.0337
v 1.4653 -3.0502 0.9724
v 1.5081 -3.3023 0.9379
v 0.9719 -0.0353 1.2813
v -0.1601 1.8528 1.3980
v -1.9981 -0.1266 0.5737
v -1.7761 0.8119 0.5727
v -0.0901 -0.0252 0.7026
v -0.0744 -0.0031 -0.0615
v -0.3644 0.8060 -1.0589
v -0.1638 0.2488 -0.5785
v -0.4999 -0.3542 -0.5534
v -0.2420 2.1428 -0.6697
v -0.0820 2.1393 -0.6484
v -0.0613 -0.0589 0.3420
v -0.4446 0.7149 1.2980
v -0.3651 1.8645 1.3874
v -0.6544 0.8277 -1.0719
v -0.7615 -0.3065 -0.7135
v -0.5239 2.1504 -0.6622
v -0.9451 0.8227 -0.9953
v -1.0509 -0.2601 -0.7310
v -0.7578 2.1478 -0.6310
v -1.2402 0.8169 -0.8183
v -1.3309 -0.2177 -0.6233
v -0.9570 2.1377 -0.5102
v -1.6039 0.7946 -0.3045
v -1.7780 -0.1517 -0.2507
v -1.3835 2.0994 -0.0485
v -0.6946 -0.3512 1.1565
v -0.2843 -0.4433 0.6663
v -0.2206 -0.4570 0.3497
v -0.1916 0.7299 1.3113
v -0.8177 0.7991 1.3133
v -0.6776 1.8987 1.3580
v -1.0602 -0.2925 1.3037
v -0.8199 1.9057 1.2742
v -0.9994 1.9302 1.1916
v -1.3248 2.0006 0.9003
v -0.9731 0.8598 1.2615
v -0.4398 -0.3991 0.9595
v -1.2999 -0.2477 1.2893
v -1.1998 0.8804 1.1845
v -1.5268 -0.2051 1.2145
v -1.8972 -0.1413 0.8429
v -1.6433 0.8738 0.8369
v -0.2277 -0.4420 0.0336
v -0.4022 0.3172 -0.8733
v -2.0378 -0.3766 0.5742
v -1.3629 -0.4973 1.2984
v -0.2848 -0.6874 0.0638
v -1.8077 -0.4102 -0.2331
v -1.3613 -0.4851 -0.5840
v -1.0810 -0.5324 -0.6753
v -0.7946 -0.5826 -0.6494
v -0.3623 -0.6663 -0.2207
v -0.3572 -0.6787 0.6527
v -0.2845 -0.6917 0.3532
v -1.5903 -0.4530 1.2196
v -0.7718 -0.6028 1.1565
v -0.5195 -0.6459 0.9413
v -1.0960 -0.5486 1.3061
v -1.9441 -0.3905 0.8419
v -0.5374 -0.6301 -0.4830
v -1.8900 0.3844 0.5545
v -1.1217 0.2959 1.2553
v -0.1550 0.7999 -0.9179
v -0.6980 0.3470 -0.9856
v -1.0062 0.3628 -0.9484
v -1.2759 0.3776 -0.7782
v -1.6868 0.3885 -0.3009
v -1.3503 0.3261 1.1850
v -0.9333 0.2699 1.2902
v -0.5146 0.2172 1.2211
v -1.7715 0.3807 0.8261
v -0.2189 0.1744 1.1101
v -0.3153 -0.4001 -0.2836
v -1.2173 0.0035 1.2705
v -1.4435 0.0420 1.1977
v -1.0078 -0.0299 1.2920
v -0.6071 -0.0872 1.1704
v -0.4593 -0.0430 -0.6798
v -1.9425 0.1217 0.5621
v -0.1468 -0.2378 0.3444
v -0.7334 -0.0000 -0.8295
v -1.0323 0.0361 -0.8230
v -1.3065 0.0671 -0.6950
v -1.7335 0.1112 -0.2758
v -0.1957 -0.2194 0.6828
v -0.1598 -0.2025 -0.0141
v -1.8338 0.1056 0.8366
v -0.3476 -0.1385 1.0069
v -0.2586 -0.1033 -0.3942
v -1.4574 0.8070 -0.5731
v -1.1921 2.1191 -0.2915
v -1.5814 -0.1810 -0.4534
v -1.6070 -0.4435 -0.4270
v -1.4961 0.3854 -0.5437
v -1.5438 0.0923 -0.4982
v -1.1739 1.9649 1.0813
v -1.7311 -0.1683 1.0632
v -1.7871 -0.4165 1.0642
v -1.4238 0.9027 1.0456
v -1.5769 0.3605 1.0425
v -1.6538 0.0781 1.0520
v -1.4566 2.0300 0.6632
v -2.2543 -3.4006 0.3683
v -1.7763 -3.5057 0.9164
v -0.9165 -3.6517 -0.0414
v -2.1116 -3.4221 -0.3085
v -1.7638 -3.4826 -0.5955
v -1.5459 -3.5223 -0.6588
v -1.3173 -3.5655 -0.6261
v -0.9749 -3.6365 -0.2608
v -0.9827 -3.6462 0.4200
v -0.9186 -3.6551 0.1846
v -1.9403 -3.4692 0.8656
v -1.3306 -3.5907 0.7996
v -1.1257 -3.6236 0.6401
v -1.5687 -3.5496 0.9183
v -2.1857 -3.4151 0.5828
v -1.1121 -3.6065 -0.4795
v -1.9572 -3.4484 -0.4714
v -2.0753 -3.4386 0.7522
v -1.9259 -1.9110 -0.2525
v -1.7589 -1.9437 -0.4312
v -0.6766 -2.1590 0.5722
v -0.8368 -2.1300 0.8386
v -1.5513 -1.9844 -0.5726
v -1.3150 -2.0307 -0.6523
v -0.6009 -2.1715 0.0298
v -0.6033 -2.1724 0.2907
v -1.9210 -1.9166 0.9290
v -2.0458 -1.8915 0.7364
v -1.0604 -2.0799 -0.6237
v -2.1127 -1.8774 0.4939
v -0.8262 -2.1253 -0.4640
v -0.6682 -2.1569 -0.2196
v -1.7627 -1.9506 1.0646
v -1.5736 -1.9924 1.1346
v -1.0696 -2.0907 1.0300
v -1.3192 -2.0449 1.1428
v -1.8649 -5.7243 -0.5605
v -1.6648 -5.7407 -0.5365
v -1.3117 -5.8001 0.1883
v -1.3720 -5.8047 0.4016
v -2.4307 -5.7255 0.5520
v -2.4901 -5.7132 0.3581
v -1.4834 -5.7601 -0.4091
v -1.3615 -5.7781 -0.2146
v -1.3096 -5.7912 -0.0164
v -2.3543 -5.6994 -0.2419
v -2.0660 -5.7710 0.8531
v -2.2155 -5.7549 0.8078
v -2.2210 -5.7039 -0.3864
v -2.0539 -5.7122 -0.4990
v -1.5051 -5.8038 0.6013
v -1.6808 -5.7981 0.7465
v -1.8517 -5.7939 0.8529
v -2.3347 -5.7398 0.7054
v -1.9035 -1.6603 -0.2428
v -1.8808 -1.4097 -0.2322
v -1.8585 -1.1590 -0.2230
v -1.8391 -0.9092 -0.2188
v -1.8265 -0.6608 -0.2220
v -1.7319 -1.6936 -0.4243
v -1.7042 -1.4435 -0.4159
v -1.6764 -1.1932 -0.4089
v -1.6491 -0.9435 -0.4067
v -1.6278 -0.6949 -0.4123
v -0.7848 -1.8817 0.8842
v -0.7338 -1.6335 0.9186
v -0.6845 -1.3851 0.9366
v -0.6349 -1.1368 0.9405
v -0.5821 -0.8901 0.9373
v -1.2758 -1.7821 -0.6488
v -1.2364 -1.5332 -0.6436
v -1.1968 -1.2839 -0.6394
v -1.1564 -1.0347 -0.6396
v -1.1165 -0.7859 -0.6479
v -0.5479 -1.9250 0.3112
v -0.4950 -1.6772 0.3309
v -0.4444 -1.4293 0.3419
v -0.3936 -1.1815 0.3487
v -0.3409 -0.9346 0.3512
v -2.0320 -1.6397 0.7608
v -2.0145 -1.3884 0.7844
v -1.9969 -1.1373 0.8053
v -1.9839 -0.8870 0.8224
v -1.9693 -0.6385 0.8335
v -1.0149 -1.8321 -0.6200
v -0.9697 -1.5837 -0.6147
v -0.9253 -1.3350 -0.6104
v -0.8803 -1.0862 -0.6102
v -0.8354 -0.8372 -0.6191
v -2.1002 -1.6256 0.5143
v -2.0848 -1.3743 0.5342
v -2.0680 -1.1232 0.5522
v -2.0562 -0.8732 0.5656
v -2.0477 -0.6249 0.5727
v -0.6141 -1.9098 -0.2104
v -0.5621 -1.6622 -0.2005
v -0.5122 -1.4143 -0.1919
v -0.4621 -1.1662 -0.1873
v -0.4116 -0.9178 -0.1931
v -1.0219 -1.8420 1.0828
v -0.9740 -1.5938 1.1254
v -0.9275 -1.3451 1.1521
v -0.8810 -1.0963 1.1616
v -0.8318 -0.8492 1.1622
v -0.4172 -0.9204 0.6461
v -0.4701 -1.1670 0.6478
v -0.5205 -1.4150 0.6432
v -0.5704 -1.6630 0.6304
v -0.6225 -1.9111 0.6042
v -1.3854 -0.7376 -0.5628
v -1.4168 -0.9862 -0.5555
v -1.4513 -1.2358 -0.5561
v -1.4851 -1.4856 -0.5614
v -1.5185 -1.7351 -0.5679
v -0.3387 -0.9336 0.0756
v -0.3909 -1.1811 0.0745
v -0.4418 -1.4289 0.0674
v -0.4924 -1.6767 0.0566
v -0.5454 -1.9244 0.0430
v -1.8214 -0.6640 1.0498
v -1.8416 -0.9126 1.0322
v -1.8597 -1.1630 1.0110
v -1.8818 -1.4139 0.9885
v -1.9034 -1.6650 0.9591
v -0.5818 -0.8845 -0.4515
v -0.6299 -1.1335 -0.4433
v -0.6780 -1.3819 -0.4452
v -0.7259 -1.6301 -0.4511
v -0.7754 -1.8779 -0.4582
v -1.6270 -0.7001 1.2060
v -1.6540 -0.9485 1.1873
v -1.6799 -1.1987 1.1639
v -1.7101 -1.4491 1.1390
v -1.7385 -1.6996 1.1024
v -1.4060 -0.7448 1.2909
v -1.4347 -0.9932 1.2768
v -1.4682 -1.2433 1.2548
v -1.5049 -1.4930 1.2255
v -1.5397 -1.7424 1.1812
v -1.1262 -0.7989 1.3042
v -1.1572 -1.0480 1.2972
v -1.1939 -1.2982 1.2818
v -1.2344 -1.5475 1.2485
v -1.2770 -1.7959 1.1988
v -0.7310 -2.4063 0.5384
v -0.7851 -2.6534 0.5140
v -0.8378 -2.9008 0.4950
v -0.8886 -3.1494 0.4719
v -0.9372 -3.3986 0.4455
v -1.5834 -2.2336 -0.5736
v -1.6158 -2.4826 -0.5701
v -1.6488 -2.7317 -0.5655
v -1.6831 -2.9817 -0.5681
v -1.7205 -3.2324 -0.5782
v -0.6571 -2.4180 0.0180
v -0.7131 -2.6640 0.0092
v -0.7676 -2.9102 0.0016
v -0.8200 -3.1577 -0.0105
v -0.8700 -3.4056 -0.0260
v -1.9401 -2.1687 0.8991
v -1.9635 -2.4212 0.8719
v -1.9895 -2.6739 0.8473
v -2.0175 -2.9277 0.8180
v -2.0467 -3.1829 0.7847
v -0.8769 -2.3719 -0.4666
v -0.9269 -2.6181 -0.4653
v -0.9755 -2.8645 -0.4623
v -1.0228 -3.1119 -0.4646
v -1.0687 -3.3599 -0.4710
v -1.7894 -2.2022 1.0270
v -1.8181 -2.4540 0.9952
v -1.8478 -2.7062 0.9681
v -1.8784 -2.9596 0.9364
v -1.9097 -3.2142 0.9005
v -1.6073 -2.2431 1.0877
v -1.6411 -2.4941 1.0503
v -1.6747 -2.7455 1.0216
v -1.7086 -2.9982 0.9890
v -1.7428 -3.2520 0.9521
v -1.3607 -2.2945 1.0898
v -1.4015 -2.5444 1.0470
v -1.4419 -2.7947 1.0171
v -1.4838 -3.0460 0.9859
v -1.5266 -3.2981 0.9514
v -2.0659 -3.1690 -0.2870
v -2.0292 -2.9160 -0.2718
v -1.9983 -2.6640 -0.2639
v -1.9710 -2.4129 -0.2628
v -1.9474 -2.1620 -0.2595
v -1.9120 -3.1968 -0.4509
v -1.8749 -2.9450 -0.4379
v -1.8424 -2.6940 -0.4326
v -1.8127 -2.4438 -0.4344
v -1.7852 -2.1938 -0.4349
v -1.0824 -3.3746 0.6704
v -1.0363 -3.1243 0.7018
v -0.9885 -2.8747 0.7301
v -0.9390 -2.6263 0.7559
v -0.8882 -2.3782 0.7918
v -1.5050 -3.2734 -0.6465
v -1.4661 -3.0237 -0.6397
v -1.4286 -2.7747 -0.6396
v -1.3913 -2.5268 -0.6465
v -1.3534 -2.2789 -0.6516
v -0.8721 -3.4085 0.2050
v -0.8221 -3.1601 0.2258
v -0.7698 -2.9123 0.2433
v -0.7154 -2.6656 0.2564
v -0.6594 -2.4192 0.2710
v -2.1578 -3.1590 0.6116
v -2.1300 -2.9037 0.6409
v -2.1039 -2.6496 0.6665
v -2.0806 -2.3966 0.6877
v -2.0607 -2.1438 0.7110
v -1.2763 -3.3179 -0.6183
v -1.2343 -3.0692 -0.6122
v -1.1922 -2.8211 -0.6124
v -1.1493 -2.5741 -0.6189
v -1.1052 -2.3272 -0.6235
v -2.2229 -3.1446 0.3931
v -2.1943 -2.8894 0.4175
v -2.1687 -2.6354 0.4380
v -2.1463 -2.3825 0.4544
v -2.1278 -2.1298 0.4730
v -0.9293 -3.3904 -0.2497
v -0.8805 -3.1426 -0.2394
v -0.8297 -2.8953 -0.2326
v -0.7770 -2.6492 -0.2303
v -0.7228 -2.4033 -0.2266
v -1.2904 -3.3403 0.8330
v -1.2481 -3.0888 0.8678
v -1.2049 -2.8381 0.8998
v -1.1608 -2.5887 0.9318
v -1.1157 -2.3396 0.9765
v -1.6225 -5.4071 -0.5687
v -1.5748 -5.0875 -0.5854
v -1.5258 -4.7990 -0.5994
v -1.4787 -4.5440 -0.6145
v -1.4358 -4.2974 -0.6279
v -1.3954 -4.0536 -0.6357
v -1.3564 -3.8102 -0.6342
v -1.3225 -5.4754 0.3760
v -1.2673 -5.1584 0.3652
v -1.2102 -4.8697 0.3653
v -1.1550 -4.6157 0.3702
v -1.1057 -4.3721 0.3768
v -1.0636 -4.1309 0.3853
v -1.0239 -3.8896 0.3998
v -2.4608 -5.3554 0.3322
v -2.4295 -5.0118 0.3226
v -2.4002 -4.7059 0.3210
v -2.3746 -4.4344 0.3237
v -2.3507 -4.1721 0.3273
v -2.3212 -3.9141 0.3336
v -2.2881 -3.6571 0.3475
v -1.3125 -5.4510 -0.2440
v -1.2579 -5.1371 -0.2570
v -1.2017 -4.8520 -0.2614
v -1.1472 -4.6006 -0.2648
v -1.0983 -4.3584 -0.2701
v -1.0562 -4.1185 -0.2731
v -1.0163 -3.8785 -0.2695
v -1.2596 -5.4647 -0.0446
v -1.2041 -5.1511 -0.0570
v -1.1469 -4.8658 -0.0596
v -1.0916 -4.6144 -0.0599
v -1.0419 -4.3726 -0.0606
v -0.9992 -4.1332 -0.0597
v -0.9587 -3.8936 -0.0530
v -2.3287 -5.3473 -0.2758
v -2.3062 -5.0100 -0.2957
v -2.2879 -4.7092 -0.3158
v -2.2702 -4.4413 -0.3336
v -2.2453 -4.1824 -0.3459
v -2.2097 -3.9279 -0.3441
v -2.1626 -3.6748 -0.3297
v -2.1812 -5.4029 0.7845
v -2.1426 -5.0635 0.7758
v -2.1033 -4.7588 0.7776
v -2.0655 -4.4907 0.7867
v -2.0307 -4.2323 0.7996
v -2.0000 -3.9774 0.8151
v -1.9702 -3.7233 0.8370
v -2.0229 -5.3687 -0.5361
v -1.9915 -5.0395 -0.5605
v -1.9618 -4.7444 -0.5855
v -1.9300 -4.4824 -0.6087
v -1.8955 -4.2290 -0.6245
v -1.8557 -3.9795 -0.6263
v -1.8111 -3.7312 -0.6139
v -1.6376 -5.4606 0.7230
v -1.5887 -5.1348 0.7138
v -1.5374 -4.8389 0.7159
v -1.4871 -4.5792 0.7249
v -1.4418 -4.3302 0.7373
v -1.4036 -4.0841 0.7518
v -1.3677 -3.8381 0.7725
v -2.3022 -5.3847 0.6814
v -2.2656 -5.0427 0.6726
v -2.2285 -4.7368 0.6735
v -2.1935 -4.4668 0.6813
v -2.1617 -4.2064 0.6922
v -2.1321 -3.9498 0.7058
v -2.1034 -3.6941 0.7258
v -1.5875 -3.7690 -0.6706
v -1.6283 -4.0149 -0.6768
v -1.6687 -4.2615 -0.6715
v -1.7074 -4.5115 -0.6549
v -1.7477 -4.7698 -0.6351
v -1.7882 -5.0615 -0.6152
v -1.8282 -5.3859 -0.5950
v -0.9607 -3.8974 0.1688
v -1.0011 -4.1375 0.1583
v -1.0438 -4.3774 0.1538
v -1.0935 -4.6195 0.1508
v -1.1490 -4.8719 0.1484
v -1.2062 -5.1584 0.1497
v -1.2618 -5.4731 0.1614
v -2.2138 -3.6714 0.5595
v -2.2430 -3.9281 0.5423
v -2.2721 -4.1858 0.5317
v -2.3000 -4.4475 0.5236
v -2.3310 -4.7186 0.5179
v -2.3653 -5.0249 0.5181
v -2.3998 -5.3684 0.5271
v -1.1521 -3.8495 -0.4866
v -1.1910 -4.0908 -0.4879
v -1.2319 -4.3321 -0.4815
v -1.2787 -4.5760 -0.4710
v -1.3307 -4.8285 -0.4626
v -1.3846 -5.1146 -0.4542
v -1.4368 -5.4305 -0.4398
v -1.8085 -3.7580 0.8872
v -1.8401 -4.0098 0.8647
v -1.8726 -4.2622 0.8485
v -1.9096 -4.5181 0.8345
v -1.9496 -4.7841 0.8245
v -1.9907 -5.0870 0.8219
v -2.0306 -5.4230 0.8303
v -2.0080 -3.6991 -0.4939
v -2.0557 -3.9498 -0.5100
v -2.0941 -4.2020 -0.5110
v -2.1237 -4.4584 -0.4964
v -2.1468 -4.7237 -0.4733
v -2.1686 -5.0220 -0.4476
v -2.1939 -5.3557 -0.4233
v -1.1652 -3.8688 0.6157
v -1.2033 -4.1123 0.5975
v -1.2441 -4.3557 0.5854
v -1.2928 -4.6016 0.5754
v -1.3473 -4.8581 0.5682
v -1.4034 -5.1500 0.5670
v -1.4573 -5.4710 0.5769
v -1.6084 -3.7989 0.8917
v -1.6461 -4.0474 0.8713
v -1.6821 -4.2967 0.8563
v -1.7182 -4.5499 0.8419
v -1.7542 -4.8146 0.8302
v -1.7888 -5.1168 0.8252
v -1.8215 -5.4499 0.8317
v -1.8284 -7.4843 -0.3933
v -1.8145 -7.2232 -0.3739
v -1.7927 -6.9499 -0.3721
v -1.7648 -6.6714 -0.4075
v -1.7328 -6.3747 -0.4573
v -1.6998 -6.0656 -0.4961
v -1.6037 -7.4514 0.5686
v -1.5775 -7.2285 0.5502
v -1.5422 -6.9676 0.5489
v -1.5003 -6.6977 0.5220
v -1.4559 -6.4171 0.4777
v -1.4137 -6.1217 0.4376
v -2.5001 -7.4215 0.5189
v -2.5129 -7.1947 0.5035
v -2.5239 -6.9296 0.5034
v -2.5293 -6.6537 0.4766
v -2.5263 -6.3632 0.4329
v -2.5129 -6.0530 0.3940
v -1.5890 -7.4794 -0.0729
v -1.5633 -7.2310 -0.0703
v -1.5284 -6.9627 -0.0617
v -1.4874 -6.6882 -0.0892
v -1.4441 -6.3986 -0.1365
v -1.4028 -6.0967 -0.1758
v -1.5471 -7.4721 0.1347
v -1.5204 -7.2319 0.1283
v -1.4832 -6.9662 0.1346
v -1.4398 -6.6936 0.1074
v -1.3945 -6.4074 0.0610
v -1.3518 -6.1083 0.0215
v -2.3829 -7.4519 -0.0992
v -2.3915 -7.2010 -0.0983
v -2.3974 -6.9292 -0.0873
v -2.3979 -6.6502 -0.1144
v -2.3909 -6.3521 -0.1613
v -2.3759 -6.0374 -0.2006
v -2.2932 -7.4083 0.9848
v -2.2936 -7.2010 0.9586
v -2.2891 -6.9423 0.9507
v -2.2795 -6.6699 0.9239
v -2.2641 -6.3884 0.8820
v -2.2428 -6.0873 0.8419
v -2.1381 -7.4717 -0.3649
v -2.1372 -7.2111 -0.3536
v -2.1314 -6.9371 -0.3398
v -2.1198 -6.6573 -0.3677
v -2.1021 -6.3580 -0.4162
v -2.0798 -6.0446 -0.4559
v -1.8563 -7.4266 0.9233
v -1.8424 -7.2175 0.8988
v -1.8175 -6.9601 0.8915
v -1.7864 -6.6918 0.8647
v -1.7516 -6.4141 0.8220
v -1.7167 -6.1193 0.7812
v -2.3868 -7.4097 0.8785
v -2.3911 -7.1979 0.8548
v -2.3923 -6.9375 0.8486
v -2.3885 -6.6637 0.8218
v -2.3781 -6.3795 0.7795
v -2.3602 -6.0754 0.7398
v -1.8951 -6.0531 -0.5189
v -1.9227 -6.3649 -0.4798
v -1.9474 -6.6635 -0.4306
v -1.9669 -6.9429 -0.3986
v -1.9803 -7.2171 -0.4058
v -1.9870 -7.4796 -0.4233
v -1.3540 -6.1167 0.2253
v -1.3968 -6.4137 0.2651
v -1.4422 -6.6969 0.3104
v -1.4856 -6.9680 0.3374
v -1.5229 -7.2311 0.3349
v -1.5500 -7.4628 0.3481
v -2.4546 -6.0636 0.5870
v -2.4695 -6.3709 0.6263
v -2.4750 -6.6582 0.6692
v -2.4728 -6.9331 0.6960
v -2.4654 -7.1958 0.6995
v -2.4566 -7.4143 0.7195
v -1.5222 -6.0813 -0.3696
v -1.5601 -6.3868 -0.3306
v -1.5988 -6.6802 -0.2823
v -1.6345 -6.9569 -0.2519
v -1.6641 -7.2281 -0.2575
v -1.6855 -7.4841 -0.2687
v -2.0949 -6.0998 0.8871
v -2.1194 -6.3983 0.9275
v -2.1398 -6.6777 0.9694
v -2.1555 -6.9480 0.9962
v -2.1663 -7.2053 1.0054
v -2.1704 -7.4103 1.0332
v -2.2439 -6.0394 -0.3434
v -2.2619 -6.3539 -0.3036
v -2.2735 -6.6529 -0.2558
v -2.2783 -6.9325 -0.2285
v -2.2775 -7.2056 -0.2422
v -2.2732 -7.4621 -0.2488
v -1.5449 -6.1224 0.6365
v -1.5847 -6.4169 0.6769
v -1.6257 -6.6955 0.7202
v -1.6634 -6.9647 0.7470
v -1.6941 -7.2235 0.7517
v -1.7152 -7.4384 0.7733
v -1.8786 -6.1189 0.8868
v -1.9043 -6.4148 0.9276
v -1.9301 -6.6915 0.9698
v -1.9556 -6.9565 0.9976
v -1.9798 -7.2122 1.0093
v -1.9959 -7.4162 1.0408
v -0.0027 2.1471 -0.6083
v 0.0000 0.8251 -0.8561
v 0.0000 0.0543 0.3361
v 0.0000 0.2523 1.0579
v 0.0000 0.0884 0.6775
v 0.0000 0.0704 -0.0701
v 0.0000 0.3057 -0.5472
v -0.0000 0.7352 1.2886
v -0.0002 1.8519 1.3893
v -2.0581 -1.1231 0.2748
v -1.9826 -1.1361 0.0099
v -2.0394 -1.8892 -0.0283
v -2.0577 -2.1408 -0.0395
v -1.9981 -0.1236 0.2744
v -1.9413 0.1285 0.2634
v -2.2617 -3.3978 0.1296
v -2.2240 -3.1423 0.1511
v -2.5306 -6.6508 0.2650
v -2.5278 -6.3572 0.2203
v -2.2100 -3.4056 -0.1020
v -2.1672 -3.1512 -0.0824
v -2.5249 -6.9277 0.2918
v -2.5005 -7.4309 0.2984
v -2.5136 -7.1954 0.2880
v -2.0787 -2.3925 -0.0474
v -2.1428 -2.3815 0.1977
v -1.4432 2.0738 0.1884
v -1.4873 2.0562 0.4276
v -2.1074 -1.8770 0.2268
v -2.0437 -0.8729 0.2847
v -2.0307 -0.3754 0.2843
v -1.9474 -0.3882 0.0091
v -2.0908 -1.6255 0.2434
v -2.0751 -1.3742 0.2600
v -2.1237 -2.1292 0.2108
v -2.1328 -2.8972 -0.0643
v -2.1927 -2.8876 0.1713
v -2.0419 -0.6243 0.2882
v -1.9611 -0.6378 0.0166
v -2.1038 -2.6444 -0.0530
v -2.1659 -2.6340 0.1868
v -1.9679 -0.8862 0.0167
v -2.5149 -6.0446 0.1817
v -2.2585 -3.6602 -0.1208
v -2.3027 -3.9152 -0.1327
v -2.3355 -4.1715 -0.1345
v -2.4152 -4.7004 0.1010
v -2.3739 -4.7019 -0.1168
v -1.7829 0.8271 0.2836
v -1.8863 0.4027 0.2572
v -2.3576 -4.4322 -0.1279
v -1.7253 0.7864 -0.0135
v -2.3950 -4.4294 0.0981
v -2.4381 -5.0051 0.1061
v -2.3926 -5.0048 -0.1052
v -2.4652 -5.3474 0.1169
v -2.4165 -5.3449 -0.0909
v -1.8601 0.1211 -0.0207
v -2.3426 -3.9100 0.0993
v -2.4929 -5.7044 0.1445
v -2.3731 -4.1676 0.0961
v -2.0203 -1.6380 -0.0154
v -2.3042 -3.6536 0.1111
v -2.4645 -6.0394 -0.0215
v -2.4780 -6.3535 0.0173
v -2.0012 -1.3870 -0.0019
v -1.9131 -0.1336 -0.0049
v -1.8072 0.3874 -0.0307
v -2.4582 -7.4414 0.0867
v -2.4821 -6.6496 0.0631
v -2.4783 -6.9277 0.0900
v -2.4690 -7.1976 0.0823
v -2.4429 -5.6998 -0.0605
v -0.7129 1.8990 1.3315
v -1.6189 -3.5374 0.9138
v -1.1187 -0.2802 1.2981
v -1.8375 -5.1086 0.8200
v -0.8505 0.8174 1.2949
v -1.8724 -5.4424 0.8270
v -1.8008 -4.8062 0.8243
v -1.7636 -4.5410 0.8356
v -1.4227 -2.2803 1.0846
v -1.4615 -2.5305 1.0439
v -1.5393 -3.0327 0.9829
v -1.6922 -4.0370 0.8653
v -1.4999 -2.7811 1.0146
v -1.7271 -4.2871 0.8499
v -1.6564 -3.7875 0.8864
v -1.5794 -3.2853 0.9477
v -0.9766 0.2754 1.2763
v -1.9043 -5.7873 0.8487
v -1.3026 -1.5324 1.2400
v -1.2631 -1.2831 1.2713
v -1.3431 -1.7811 1.1908
v -1.1967 -0.7840 1.2965
v -1.2277 -1.0330 1.2873
v -1.9571 -6.4098 0.9233
v -1.3834 -2.0304 1.1363
v -1.9318 -6.1130 0.8826
v -2.0427 -7.4145 1.0359
v -1.1629 -0.5345 1.3017
v -2.0239 -7.2103 1.0039
v -1.9813 -6.6875 0.9656
v -1.0570 -0.0210 1.2810
v -2.0039 -6.9543 0.9931
v -1.0863 -1.0618 1.2587
v -1.0496 -0.8132 1.2631
v -1.2125 -1.8090 1.1653
v -1.1263 -1.3115 1.2453
v -1.1685 -1.5606 1.2133
v -1.5084 -3.5613 0.8808
v -0.7198 0.7665 1.3038
v -0.5830 1.8882 1.3671
v -0.8194 0.2553 1.2679
v -1.3823 -2.8070 0.9803
v -1.5473 -3.8100 0.8539
v -1.8104 -5.7945 0.8188
v -1.6208 -4.3062 0.8184
v -1.9477 -7.2131 0.9739
v -1.5843 -4.0578 0.8334
v -1.2990 -2.3073 1.0547
v -1.9235 -6.9573 0.9637
v -1.6596 -4.5582 0.8046
v -1.3409 -2.5570 1.0108
v -1.9592 -7.4191 1.0020
v -1.4244 -3.0581 0.9488
v -1.6997 -4.8214 0.7937
v -1.4669 -3.3101 0.9141
v -1.2563 -2.0579 1.1092
v -1.8965 -6.6915 0.9362
v -1.8680 -6.4144 0.8939
v -1.8397 -6.1186 0.8530
v -0.9627 -0.3092 1.2585
v -1.0107 -0.5641 1.2608
v -0.9002 -0.0461 1.2543
v -1.7765 -5.4525 0.7969
v -1.7391 -5.1216 0.7896
v -1.5838 -3.5455 0.9162
v -1.8031 -5.1141 0.8229
v -1.8364 -5.4475 0.8295
v -1.7680 -4.8118 0.8277
v -1.7317 -4.5469 0.8393
v -1.3797 -2.2897 1.0873
v -1.4198 -2.5398 1.0453
v -1.5006 -3.0415 0.9843
v -1.6600 -4.0438 0.8688
v -1.4596 -2.7901 1.0156
v -1.6956 -4.2934 0.8537
v -1.6229 -3.7950 0.8894
v -1.5425 -3.2938 0.9496
v -0.9478 0.2724 1.2848
v -1.8670 -5.7919 0.8509
v -1.2555 -1.5424 1.2454
v -1.2153 -1.2931 1.2782
v -1.2974 -1.7910 1.1957
v -1.1482 -0.7939 1.3009
v -1.1791 -1.0430 1.2930
v -1.9195 -6.4132 0.9255
v -1.3390 -2.0400 1.1395
v -1.8941 -6.1171 0.8847
v -2.0071 -7.4157 1.0390
v -1.1171 -0.5438 1.3049
v -1.9920 -7.2115 1.0069
v -1.9447 -6.6903 0.9678
v -1.0241 -0.0267 1.2879
v -1.9692 -6.9558 0.9955
v -0.6886 1.8994 1.3496
v -1.0790 -0.2882 1.3012
v -0.8287 0.8062 1.3062
v -1.1346 -1.0528 1.2844
v -1.1019 -0.8039 1.2902
v -1.2566 -1.8005 1.1871
v -1.1725 -1.3029 1.2695
v -1.2136 -1.5521 1.2362
v -1.5501 -3.5536 0.9047
v -0.7884 0.7866 1.3100
v -0.6522 1.8956 1.3609
v -1.5897 -3.8027 0.8781
v -1.8388 -5.7942 0.8405
v -1.6634 -4.3000 0.8427
v -1.9700 -7.2125 0.9965
v -1.6272 -4.0510 0.8577
v -1.9457 -6.9566 0.9852
v -1.7003 -4.5527 0.8285
v -1.9862 -7.4170 1.0282
v -1.7375 -4.8170 0.8170
v -1.2994 -2.0495 1.1311
v -1.9196 -6.6917 0.9576
v -1.8929 -6.4148 0.9153
v -1.8665 -6.1189 0.8744
v -1.0301 -0.2981 1.2884
v -1.0692 -0.5539 1.2901
v -1.8075 -5.4508 0.8190
v -1.7735 -5.1185 0.8123
v -0.8990 0.2645 1.2821
v -1.4233 -2.7990 1.0037
v -1.3413 -2.2990 1.0771
v -1.3825 -2.5488 1.0337
v -1.4653 -3.0502 0.9724
v -1.5081 -3.3023 0.9379
v -0.9750 -0.0353 1.2797
v 0.1611 1.6437 1.3878
v 0.1706 1.2522 1.3691
v 1.0078 1.7375 1.2830
v 1.0634 1.3844 1.2822
v 0.7381 1.3135 1.3789
v 0.6953 1.6955 1.3844
v 1.5904 1.3161 0.7065
v 1.4845 1.7895 0.7494
v 0.8302 1.7147 1.3413
v 0.8764 1.3671 1.3425
v 1.1787 1.7681 1.1605
v 1.2472 1.4090 1.1579
v 1.4583 1.3069 -0.1710
v 1.4433 1.8366 -0.0569
v -0.0001 1.2466 1.3614
v -0.0002 1.6432 1.3844
v 0.0029 1.8905 -0.7563
v 0.0018 1.3860 -0.8186
v 1.1331 1.3372 -0.7695
v 1.0957 1.8753 -0.5995
v 0.8489 1.3483 -0.8963
v 0.8404 1.8846 -0.7261
v 1.3456 1.3250 -0.4666
v 1.2886 1.8567 -0.3248
v 1.3519 1.7866 0.9794
v 1.4400 1.3877 0.9701
v 0.3143 1.3271 -0.9805
v 0.2133 1.8778 -0.8065
v 0.5841 1.3567 -0.9639
v 0.5489 1.8902 -0.7794
v 0.3976 1.2313 1.3482
v 0.3715 1.6473 1.3657
v 0.0557 1.8749 -0.7949
v 0.1273 1.3318 -0.8875
v 1.5588 1.2921 0.1127
v 1.5254 1.8138 0.2018
v 1.6044 1.3397 0.4177
v 1.5404 1.8129 0.4771
v 0.7686 1.3277 1.3644
v 0.7250 1.7002 1.3697
v 0.6479 1.2839 1.3644
v 0.6083 1.6799 1.3732
v 0.7483 1.3197 1.3734
v 0.7053 1.6977 1.3788
v 0.7111 1.3014 1.3740
v 0.6688 1.6898 1.3804
v -0.1614 1.6437 1.3987
v -0.1708 1.2523 1.3679
v -1.0315 1.7395 1.2077
v -1.0914 1.3855 1.2069
v -0.7361 1.3140 1.3377
v -0.6961 1.6956 1.3719
v -1.6000 1.3287 0.6361
v -1.5244 1.7962 0.6737
v -0.8385 1.7154 1.2910
v -0.8828 1.3675 1.2854
v -1.2149 1.7719 1.0961
v -1.2911 1.4119 1.0744
v -1.4599 1.3112 -0.1935
v -1.4580 1.8400 -0.0857
v -1.1301 1.3361 -0.7550
v -0.9958 1.8753 -0.6457
v -0.8618 1.3489 -0.8981
v -0.7861 1.8846 -0.7646
v -1.3300 1.3234 -0.4691
v -1.2438 1.8579 -0.3648
v -1.3785 1.7924 0.9141
v -1.4776 1.3921 0.8858
v -0.3095 1.3323 -0.9852
v -0.2250 1.8778 -0.8213
v -0.5960 1.3568 -0.9477
v -0.5433 1.8902 -0.7756
v -0.3973 1.2313 1.3386
v -0.3717 1.6473 1.3907
v -0.0638 1.8749 -0.8011
v -0.1208 1.3373 -0.9068
v -1.5660 1.2972 0.0871
v -1.5163 1.8194 0.1708
v -1.6023 1.3522 0.3716
v -1.5548 1.8196 0.4239
v -0.7679 1.3279 1.3193
v -0.7273 1.7003 1.3487
v -0.6455 1.2841 1.3331
v -0.6073 1.6799 1.3761
v -0.7467 1.3201 1.3308
v -0.7066 1.6978 1.3634
v -0.7086 1.3016 1.3359
v -0.6689 1.6898 1.3737
v -1.8357 -7.4828 -0.3643
v -1.6188 -7.4510 0.5641
v -2.4840 -7.4222 0.5161
v -1.6046 -7.4781 -0.0551
v -1.5642 -7.4710 0.1453
v -2.3709 -7.4515 -0.0805
v -2.2843 -7.4094 0.9658
v -2.1346 -7.4707 -0.3369
v -1.8626 -7.4271 0.9064
v -2.3746 -7.4109 0.8632
v -1.9887 -7.4784 -0.3933
v -1.5670 -7.4621 0.3513
v -2.4421 -7.4153 0.7097
v -1.6977 -7.4827 -0.2441
v -2.1658 -7.4114 1.0125
v -2.2650 -7.4614 -0.2249
v -1.7265 -7.4385 0.7617
v -1.9974 -7.4170 1.0198
v -2.4844 -7.4313 0.3033
v -2.4435 -7.4414 0.0990
v -2.0425 -7.4155 1.0151
v -1.9619 -7.4199 0.9823
v -2.0082 -7.4166 1.0181
v -1.9880 -7.4179 1.0077
v -1.8357 -7.4368 -0.3646
v -1.6188 -7.4049 0.5639
v -2.4840 -7.3761 0.5159
v -1.6046 -7.4321 -0.0553
v -1.5642 -7.4250 0.1451
v -2.3709 -7.4055 -0.0807
v -2.2843 -7.3634 0.9656
v -2.1346 -7.4246 -0.3372
v -1.8626 -7.3810 0.9062
v -2.3746 -7.3648 0.8630
v -1.9887 -7.4324 -0.3936
v -1.5670 -7.4160 0.3511
v -2.4421 -7.3692 0.7095
v -1.6977 -7.4367 -0.2443
v -2.1658 -7.3654 1.0123
v -2.2650 -7.4153 -0.2251
v -1.7265 -7.3924 0.7615
v -1.9974 -7.3709 1.0196
v -2.4844 -7.3852 0.3031
v -2.4435 -7.3953 0.0988
v -2.0425 -7.3694 1.0148
v -1.9619 -7.3738 0.9821
v -2.0082 -7.3705 1.0179
v -1.9880 -7.3717 1.0075
v 1.8399 -7.4821 -0.3478
v 1.6275 -7.4508 0.5614
v 2.4748 -7.4226 0.5145
v 1.6136 -7.4774 -0.0450
v 1.5740 -7.4705 0.1514
v 2.3640 -7.4514 -0.0698
v 2.2792 -7.4101 0.9549
v 2.1326 -7.4701 -0.3210
v 1.8666 -7.4274 0.8966
v 2.3677 -7.4115 0.8544
v 1.9898 -7.4777 -0.3762
v 1.5767 -7.4617 0.3531
v 2.4337 -7.4158 0.7041
v 1.7048 -7.4819 -0.2300
v 2.1632 -7.4121 1.0006
v 2.2603 -7.4610 -0.2112
v 1.7333 -7.4386 0.7548
v 1.9982 -7.4176 1.0078
v 2.4752 -7.4315 0.3061
v 2.4352 -7.4414 0.1060
v 2.0424 -7.4160 1.0031
v 1.9636 -7.4204 0.9711
v 2.0088 -7.4171 1.0061
v 1.9890 -7.4184 0.9959
v 1.8399 -7.4179 -0.3685
v 1.6275 -7.3865 0.5408
v 2.4748 -7.3583 0.4939
v 1.6136 -7.4132 -0.0656
v 1.5740 -7.4062 0.1307
v 2.3640 -7.3871 -0.0904
v 2.2792 -7.3459 0.9343
v 2.1326 -7.4060 -0.3417
v 1.8666 -7.3631 0.8760
v 2.3677 -7.3472 0.8338
v 1.9898 -7.4136 -0.3969
v 1.5767 -7.3974 0.3325
v 2.4337 -7.3515 0.6835
v 1.7048 -7.4177 -0.2507
v 2.1632 -7.3479 0.9800
v 2.2603 -7.3968 -0.2319
v 1.7333 -7.3743 0.7343
v 1.9982 -7.3532 0.9872
v 2.4752 -7.3672 0.2855
v 2.4352 -7.3771 0.0854
v 2.0424 -7.3518 0.9825
v 1.9636 -7.3561 0.9504
v 2.0088 -7.3528 0.9855
v 1.9890 -7.3541 0.9753
v 4.8756 2.9292 1.5157
v 4.8391 3.0137 1.4672
v 4.7960 2.8980 1.4094
v 4.8579 2.8814 1.4920
v 4.8678 2.9841 1.5054
v 4.8064 3.0009 1.4234
v 4.8251 2.8685 1.4482
v 4.7883 2.9528 1.3991
v 4.8977 2.9296 1.5024
v 4.8634 3.0141 1.4522
v 4.8260 2.8985 1.3910
v 4.8822 2.8817 1.4770
v 4.8899 2.9844 1.4921
v 4.8337 3.0012 1.4061
v 4.8525 2.8689 1.4309
v 4.8182 2.9534 1.3808
v 4.8905 2.9317 1.4914
v 4.8624 3.0010 1.4503
v 4.8318 2.9063 1.4001
v 4.8778 2.8925 1.4706
v 4.8842 2.9767 1.4830
v 4.8381 2.9905 1.4125
v 4.8535 2.8819 1.4328
v 4.8254 2.9512 1.3917
v 4.8648 2.9394 1.4520
v 4.8589 2.9539 1.4434
v 4.8525 2.9341 1.4329
v 4.8621 2.9312 1.4477
v 4.8635 2.9488 1.4502
v 4.8538 2.9517 1.4355
v 4.8570 2.9290 1.4397
v 4.8511 2.9435 1.4311
v 4.8580 2.9415 1.4416
v 4.8854 2.9332 1.4835
v 4.8802 2.9348 1.4756
v 4.8751 2.9363 1.4678
v 4.8700 2.9379 1.4599
v 4.8653 2.9234 1.4523
v 4.8684 2.9157 1.4568
v 4.8716 2.9080 1.4614
v 4.8747 2.9002 1.4660
v 4.8305 2.9497 1.3996
v 4.8357 2.9481 1.4075
v 4.8408 2.9466 1.4154
v 4.8460 2.9451 1.4232
v 4.8507 2.9595 1.4309
v 4.8475 2.9672 1.4263
v 4.8444 2.9750 1.4217
v 4.8412 2.9827 1.4171
v 4.8542 2.8913 1.4342
v 4.8549 2.9008 1.4356
v 4.8556 2.9102 1.4370
v 4.8563 2.9196 1.4384
v 4.8676 2.9544 1.4568
v 4.8717 2.9600 1.4633
v 4.8759 2.9655 1.4699
v 4.8800 2.9711 1.4764
v 4.8359 2.9118 1.4067
v 4.8401 2.9174 1.4132
v 4.8442 2.9230 1.4198
v 4.8483 2.9285 1.4263
v 4.8617 2.9916 1.4489
v 4.8610 2.9822 1.4475
v 4.8603 2.9728 1.4462
v 4.8596 2.9634 1.4448
v 4.9622 2.8323 1.6452
v 4.9258 2.9168 1.5967
v 4.8827 2.8011 1.5389
v 4.9446 2.7845 1.6215
v 4.9545 2.8872 1.6350
v 4.8930 2.9040 1.5529
v 4.9118 2.7716 1.5777
v 4.8749 2.8560 1.5286
v 4.9844 2.8327 1.6319
v 4.9501 2.9172 1.5818
v 4.9127 2.8016 1.5206
v 4.9689 2.7848 1.6066
v 4.9766 2.8875 1.6216
v 4.9204 2.9043 1.5357
v 4.9392 2.7720 1.5605
v 4.9049 2.8565 1.5103
v 4.9772 2.8348 1.6209
v 4.9491 2.9041 1.5798
v 4.9184 2.8094 1.5297
v 4.9645 2.7956 1.6002
v 4.9708 2.8798 1.6125
v 4.9248 2.8936 1.5420
v 4.9402 2.7850 1.5624
v 4.9121 2.8543 1.5213
v 4.9515 2.8425 1.5816
v 4.9456 2.8571 1.5729
v 4.9391 2.8372 1.5624
v 4.9488 2.8343 1.5772
v 4.9501 2.8519 1.5798
v 4.9405 2.8548 1.5650
v 4.9437 2.8321 1.5693
v 4.9378 2.8466 1.5607
v 4.9446 2.8446 1.5711
v 4.9721 2.8363 1.6131
v 4.9669 2.8379 1.6052
v 4.9618 2.8394 1.5973
v 4.9566 2.8410 1.5894
v 4.9519 2.8265 1.5818
v 4.9551 2.8188 1.5864
v 4.9582 2.8111 1.5910
v 4.9614 2.8033 1.5956
v 4.9172 2.8528 1.5291
v 4.9224 2.8512 1.5370
v 4.9275 2.8497 1.5449
v 4.9327 2.8482 1.5528
v 4.9373 2.8626 1.5604
v 4.9342 2.8703 1.5558
v 4.9310 2.8781 1.5512
v 4.9279 2.8858 1.5466
v 4.9409 2.7944 1.5638
v 4.9416 2.8039 1.5651
v 4.9423 2.8133 1.5665
v 4.9430 2.8227 1.5679
v 4.9543 2.8575 1.5863
v 4.9584 2.8631 1.5929
v 4.9626 2.8686 1.5994
v 4.9667 2.8742 1.6060
v 4.9226 2.8149 1.5362
v 4.9267 2.8205 1.5428
v 4.9309 2.8261 1.5493
v 4.9350 2.8316 1.5559
v 4.9484 2.8947 1.5785
v 4.9477 2.8853 1.5771
v 4.9470 2.8759 1.5757
v 4.9463 2.8665 1.5743
v 4.7889 3.0261 1.3862
v 4.7525 3.1106 1.3376
v 4.7094 2.9949 1.2798
v 4.7712 2.9783 1.3624
v 4.7811 3.0809 1.3759
v 4.7197 3.0978 1.2938
v 4.7385 2.9654 1.3186
v 4.7016 3.0497 1.2695
v 4.8110 3.0265 1.3728
v 4.7768 3.1110 1.3227
v 4.7394 2.9954 1.2615
v 4.7955 2.9786 1.3475
v 4.8033 3.0813 1.3625
v 4.7471 3.0981 1.2766
v 4.7659 2.9657 1.3014
v 4.7316 3.0503 1.2512
v 4.8039 3.0286 1.3619
v 4.7758 3.0979 1.3208
v 4.7451 3.0032 1.2706
v 4.7912 2.9894 1.3411
v 4.7975 3.0736 1.3534
v 4.7514 3.0874 1.2830
v 4.7668 2.9788 1.3033
v 4.7387 3.0481 1.2622
v 4.7781 3.0363 1.3225
v 4.7722 3.0508 1.3139
v 4.7658 3.0310 1.3033
v 4.7755 3.0281 1.3181
v 4.7768 3.0457 1.3207
v 4.7671 3.0486 1.3059
v 4.7704 3.0259 1.3102
v 4.7645 3.0404 1.3016
v 4.7713 3.0384 1.3120
v 4.7987 3.0301 1.3540
v 4.7936 3.0317 1.3461
v 4.7884 3.0332 1.3382
v 4.7833 3.0348 1.3303
v 4.7786 3.0203 1.3227
v 4.7818 3.0126 1.3273
v 4.7849 3.0049 1.3319
v 4.7880 2.9971 1.3365
v 4.7439 3.0466 1.2701
v 4.7490 3.0450 1.2779
v 4.7542 3.0435 1.2858
v 4.7593 3.0419 1.2937
v 4.7640 3.0564 1.3013
v 4.7609 3.0641 1.2967
v 4.7577 3.0719 1.2921
v 4.7546 3.0796 1.2875
v 4.7675 2.9882 1.3047
v 4.7682 2.9976 1.3060
v 4.7690 3.0071 1.3074
v 4.7697 3.0165 1.3088
v 4.7809 3.0513 1.3273
v 4.7851 3.0569 1.3338
v 4.7892 3.0624 1.3403
v 4.7934 3.0680 1.3469
v 4.7492 3.0087 1.2771
v 4.7534 3.0143 1.2837
v 4.7575 3.0199 1.2902
v 4.7617 3.0254 1.2968
v 4.7751 3.0885 1.3194
v 4.7744 3.0791 1.3180
v 4.7737 3.0697 1.3166
v 4.7730 3.0603 1.3152
v -4.8756 2.9292 1.5157
v -4.8391 3.0137 1.4672
v -4.7960 2.8980 1.4094
v -4.8579 2.8814 1.4920
v -4.8678 2.9841 1.5054
v -4.8064 3.0009 1.4234
v -4.8251 2.8685 1.4482
v -4.7883 2.9528 1.3991
v -4.8977 2.9296 1.5024
v -4.8634 3.0141 1.4522
v -4.8260 2.8985 1.3910
v -4.8822 2.8817 1.4770
v -4.8899 2.9844 1.4921
v -4.8337 3.0012 1.4061
v -4.8525 2.8689 1.4309
v -4.8182 2.9534 1.3808
v -4.8905 2.9317 1.4914
v -4.8624 3.0010 1.4503
v -4.8318 2.9063 1.4001
v -4.8778 2.8925 1.4706
v -4.8842 2.9767 1.4830
v -4.8381 2.9905 1.4125
v -4.8535 2.8819 1.4328
v -4.8254 2.9512 1.3917
v -4.8648 2.9394 1.4520
v -4.8589 2.9539 1.4434
v -4.8525 2.9341 1.4329
v -4.8621 2.9312 1.4477
v -4.8635 2.9488 1.4502
v -4.8538 2.9517 1.4355
v -4.8570 2.9290 1.4397
v -4.8511 2.9435 1.4311
v -4.8580 2.9415 1.4416
v -4.8854 2.9332 1.4835
v -4.8802 2.9348 1.4756
v -4.8751 2.9363 1.4678
v -4.8700 2.9379 1.4599
v -4.8653 2.9234 1.4523
v -4.8684 2.9157 1.4568
v -4.8716 2.9080 1.4614
v -4.8747 2.9002 1.4660
v -4.8305 2.9497 1.3996
v -4.8357 2.9481 1.4075
v -4.8408 2.9466 1.4154
v -4.8460 2.9451 1.4232
v -4.8507 2.9595 1.4309
v -4.8475 2.9672 1.4263
v -4.8444 2.9750 1.4217
v -4.8412 2.9827 1.4171
v -4.8542 2.8913 1.4342
v -4.8549 2.9008 1.4356
v -4.8556 2.9102 1.4370
v -4.8563 2.9196 1.4384
v -4.8676 2.9544 1.4568
v -4.8717 2.9600 1.4633
v -4.8759 2.9655 1.4699
v -4.8800 2.9711 1.4764
v -4.8359 2.9118 1.4067
v -4.8401 2.9174 1.4132
v -4.8442 2.9230 1.4198
v -4.8483 2.9285 1.4263
v -4.8617 2.9916 1.4489
v -4.8610 2.9822 1.4475
v -4.8603 2.9728 1.4462
v -4.8596 2.9634 1.4448
v -4.9622 2.8323 1.6452
v -4.9258 2.9168 1.5967
v -4.8827 2.8011 1.5389
v -4.9446 2.7845 1.6215
v -4.9545 2.8872 1.6350
v -4.8930 2.9040 1.5529
v -4.9118 2.7716 1.5777
v -4.8749 2.8560 1.5286
v -4.9844 2.8327 1.6319
v -4.9501 2.9172 1.5818
v -4.9127 2.8016 1.5206
v -4.9689 2.7848 1.6066
v -4.9766 2.8875 1.6216
v -4.9204 2.9043 1.5357
v -4.9392 2.7720 1.5605
v -4.9049 2.8565 1.5103
v -4.9772 2.8348 1.6209
v -4.9491 2.9041 1.5798
v -4.9184 2.8094 1.5297
v -4.9645 2.7956 1.6002
v -4.9708 2.8798 1.6125
v -4.9248 2.8936 1.5420
v -4.9402 2.7850 1.5624
v -4.9121 2.8543 1.5213
v -4.9515 2.8425 1.5816
v -4.9456 2.8571 1.5729
v -4.9391 2.8372 1.5624
v -4.9488 2.8343 1.5772
v -4.9501 2.8519 1.5798
v -4.9405 2.8548 1.5650
v -4.9437 2.8321 1.5693
v -4.9378 2.8466 1.5607
v -4.9446 2.8446 1.5711
v -4.9721 2.8363 1.6131
v -4.9669 2.8379 1.6052
v -4.9618 2.8394 1.5973
v -4.9566 2.8410 1.5894
v -4.9519 2.8265 1.5818
v -4.9551 2.8188 1.5864
v -4.9582 2.8111 1.5910
v -4.9614 2.8033 1.5956
v -4.9172 2.8528 1.5291
v -4.9224 2.8512 1.5370
v -4.9275 2.8497 1.5449
v -4.9327 2.8482 1.5528
v -4.9373 2.8626 1.5604
v -4.9342 2.8703 1.5558
v -4.9310 2.8781 1.5512
v -4.9279 2.8858 1.5466
v -4.9409 2.7944 1.5638
v -4.9416 2.8039 1.5651
v -4.9423 2.8133 1.5665
v -4.9430 2.8227 1.5679
v -4.9543 2.8575 1.5863
v -4.9584 2.8631 1.5929
v -4.9626 2.8686 1.5994
v -4.9667 2.8742 1.6060
v -4.9226 2.8149 1.5362
v -4.9267 2.8205 1.5428
v -4.9309 2.8261 1.5493
v -4.9350 2.8316 1.5559
v -4.9484 2.8947 1.5785
v -4.9477 2.8853 1.5771
v -4.9470 2.8759 1.5757
v -4.9463 2.8665 1.5743
v -4.7889 3.0261 1.3862
v -4.7525 3.1106 1.3376
v -4.7094 2.9949 1.2798
v -4.7712 2.9783 1.3624
v -4.7811 3.0809 1.3759
v -4.7197 3.0978 1.2938
v -4.7385 2.9654 1.3186
v -4.7016 3.0497 1.2695
v -4.8110 3.0265 1.3728
v -4.7768 3.1110 1.3227
v -4.7394 2.9954 1.2615
v -4.7955 2.9786 1.3475
v -4.8033 3.0813 1.3625
v -4.7471 3.0981 1.2766
v -4.7659 2.9657 1.3014
v -4.7316 3.0503 1.2512
v -4.8039 3.0286 1.3619
v -4.7758 3.0979 1.3208
v -4.7451 3.0032 1.2706
v -4.7912 2.9894 1.3411
v -4.7975 3.0736 1.3534
v -4.7514 3.0874 1.2830
v -4.7668 2.9788 1.3033
v -4.7387 3.0481 1.2622
v -4.7781 3.0363 1.3225
v -4.7722 3.0508 1.3139
v -4.7658 3.0310 1.3033
v -4.7755 3.0281 1.3181
v -4.7768 3.0457 1.3207
v -4.7671 3.0486 1.3059
v -4.7704 3.0259 1.3102
v -4.7645 3.0404 1.3016
v -4.7713 3.0384 1.3120
v -4.7987 3.0301 1.3540
v -4.7936 3.0317 1.3461
v -4.7884 3.0332 1.3382
v -4.7833 3.0348 1.3303
v -4.7786 3.0203 1.3227
v -4.7818 3.0126 1.3273
v -4.7849 3.0049 1.3319
v -4.7880 2.9971 1.3365
v -4.7439 3.0466 1.2701
v -4.7490 3.0450 1.2779
v -4.7542 3.0435 1.2858
v -4.7593 3.0419 1.2937
v -4.7640 3.0564 1.3013
v -4.7609 3.0641 1.2967
v -4.7577 3.0719 1.2921
v -4.7546 3.0796 1.2875
v -4.7675 2.9882 1.3047
v -4.7682 2.9976 1.3060
v -4.7690 3.0071 1.3074
v -4.7697 3.0165 1.3088
v -4.7809 3.0513 1.3273
v -4.7851 3.0569 1.3338
v -4.7892 3.0624 1.3403
v -4.7934 3.0680 1.3469
v -4.7492 3.0087 1.2771
v -4.7534 3.0143 1.2837
v -4.7575 3.0199 1.2902
v -4.7617 3.0254 1.2968
v -4.7751 3.0885 1.3194
v -4.7744 3.0791 1.3180
v -4.7737 3.0697 1.3166
v -4.7730 3.0603 1.3152
v -0.5348 2.0986 1.4524
v -0.6427 2.2155 1.4171
v -0.4545 2.2972 1.4824
v -0.4571 2.1321 1.4809
v -0.6117 2.1332 1.4271
v -0.6096 2.2971 1.4259
v -0.4240 2.2139 1.4933
v -0.5314 2.3316 1.4539
v -0.5495 2.0956 1.4893
v -0.6587 2.2126 1.4579
v -0.4744 2.2934 1.5319
v -0.4731 2.1292 1.5216
v -0.6264 2.1303 1.4641
v -0.6277 2.2944 1.4722
v -0.4420 2.2112 1.5392
v -0.5513 2.3279 1.5035
v -0.5496 2.1166 1.4909
v -0.6392 2.2125 1.4647
v -0.4881 2.2788 1.5260
v -0.4870 2.1441 1.5175
v -0.6127 2.1449 1.4699
v -0.6137 2.2795 1.4766
v -0.4615 2.2113 1.5320
v -0.5511 2.3070 1.5027
v -0.5502 2.1919 1.4964
v -0.5690 2.2119 1.4902
v -0.5373 2.2259 1.5038
v -0.5371 2.1976 1.5020
v -0.5634 2.1978 1.4915
v -0.5637 2.2260 1.4933
v -0.5317 2.2117 1.5051
v -0.5505 2.2318 1.4989
v -0.5504 2.2118 1.4977
v -0.5497 2.1316 1.4921
v -0.5499 2.1467 1.4932
v -0.5500 2.1618 1.4943
v -0.5501 2.1768 1.4954
v -0.5271 2.1869 1.5052
v -0.5171 2.1762 1.5083
v -0.5070 2.1655 1.5114
v -0.4970 2.1548 1.5145
v -0.5510 2.2920 1.5021
v -0.5509 2.2769 1.5014
v -0.5508 2.2619 1.5006
v -0.5507 2.2468 1.4998
v -0.5737 2.2367 1.4899
v -0.5837 2.2474 1.4865
v -0.5937 2.2581 1.4830
v -0.6037 2.2688 1.4796
v -0.4756 2.2114 1.5268
v -0.4896 2.2115 1.5214
v -0.5037 2.2116 1.5160
v -0.5177 2.2116 1.5106
v -0.5733 2.1872 1.4868
v -0.5831 2.1766 1.4821
v -0.5930 2.1660 1.4781
v -0.6028 2.1555 1.4740
v -0.4979 2.2682 1.5217
v -0.5078 2.2576 1.5173
v -0.5176 2.2470 1.5129
v -0.5275 2.2365 1.5084
v -0.6252 2.2123 1.4696
v -0.6111 2.2122 1.4745
v -0.5971 2.2121 1.4793
v -0.5831 2.2120 1.4845
v 0.4054 2.0969 1.5300
v 0.2981 2.2191 1.5514
v 0.4904 2.2896 1.4860
v 0.4849 2.1257 1.5030
v 0.3280 2.1356 1.5501
v 0.3331 2.2985 1.5333
v 0.5199 2.2050 1.4849
v 0.4130 2.3283 1.5061
v 0.4160 2.0967 1.5697
v 0.3099 2.2192 1.5952
v 0.5048 2.2895 1.5399
v 0.4967 2.1258 1.5468
v 0.3386 2.1354 1.5897
v 0.3467 2.2991 1.5828
v 0.5335 2.2057 1.5345
v 0.4274 2.3283 1.5599
v 0.4170 2.1175 1.5688
v 0.3300 2.2180 1.5897
v 0.4898 2.2756 1.5444
v 0.4832 2.1414 1.5501
v 0.3536 2.1493 1.5853
v 0.3602 2.2835 1.5796
v 0.5134 2.2069 1.5400
v 0.4264 2.3074 1.5608
v 0.4207 2.1925 1.5657
v 0.4025 2.2136 1.5701
v 0.4360 2.2257 1.5606
v 0.4346 2.1975 1.5617
v 0.4074 2.1992 1.5691
v 0.4088 2.2274 1.5679
v 0.4409 2.2113 1.5596
v 0.4227 2.2324 1.5640
v 0.4217 2.2125 1.5648
v 0.4177 2.1325 1.5682
v 0.4185 2.1475 1.5676
v 0.4192 2.1625 1.5669
v 0.4200 2.1775 1.5663
v 0.4443 2.1863 1.5594
v 0.4540 2.1751 1.5571
v 0.4638 2.1638 1.5547
v 0.4735 2.1526 1.5524
v 0.4256 2.2924 1.5615
v 0.4249 2.2774 1.5621
v 0.4242 2.2624 1.5627
v 0.4234 2.2474 1.5634
v 0.3991 2.2386 1.5703
v 0.3894 2.2498 1.5726
v 0.3796 2.2611 1.5749
v 0.3699 2.2723 1.5773
v 0.4989 2.2078 1.5439
v 0.4844 2.2086 1.5478
v 0.4699 2.2095 1.5518
v 0.4554 2.2104 1.5557
v 0.3966 2.1892 1.5723
v 0.3859 2.1792 1.5756
v 0.3751 2.1692 1.5788
v 0.3643 2.1592 1.5820
v 0.4791 2.2657 1.5476
v 0.4683 2.2557 1.5509
v 0.4575 2.2457 1.5541
v 0.4467 2.2357 1.5573
v 0.3445 2.2171 1.5858
v 0.3590 2.2163 1.5818
v 0.3735 2.2154 1.5779
v 0.3880 2.2145 1.5740
v 0.3980 3.3781 1.5817
v 0.2877 3.4929 1.6213
v 0.4838 3.5751 1.5895
v 0.4790 3.4117 1.5686
v 0.3187 3.4117 1.6036
v 0.3231 3.5741 1.6245
v 0.5144 3.4929 1.5718
v 0.4046 3.6088 1.6114
v 0.4054 3.3689 1.6207
v 0.2960 3.4832 1.6645
v 0.4938 3.5630 1.6426
v 0.4873 3.4019 1.6117
v 0.3261 3.4025 1.6426
v 0.3326 3.5636 1.6735
v 0.5239 3.4823 1.6208
v 0.4146 3.5966 1.6645
v 0.4062 3.3894 1.6247
v 0.3165 3.4831 1.6605
v 0.4787 3.5485 1.6426
v 0.4734 3.4165 1.6173
v 0.3412 3.4170 1.6426
v 0.3466 3.5490 1.6680
v 0.5034 3.4824 1.6247
v 0.4137 3.5761 1.6605
v 0.4092 3.4632 1.6389
v 0.3904 3.4828 1.6464
v 0.4244 3.4965 1.6426
v 0.4233 3.4688 1.6373
v 0.3955 3.4689 1.6426
v 0.3967 3.4966 1.6479
v 0.4296 3.4827 1.6389
v 0.4108 3.5023 1.6464
v 0.4100 3.4827 1.6426
v 0.4068 3.4041 1.6275
v 0.4074 3.4189 1.6304
v 0.4080 3.4337 1.6332
v 0.4086 3.4484 1.6360
v 0.4333 3.4584 1.6333
v 0.4433 3.4479 1.6293
v 0.4533 3.4374 1.6253
v 0.4633 3.4270 1.6213
v 0.4131 3.5613 1.6577
v 0.4125 3.5466 1.6549
v 0.4119 3.5318 1.6520
v 0.4113 3.5171 1.6492
v 0.3866 3.5071 1.6519
v 0.3766 3.5176 1.6559
v 0.3666 3.5281 1.6599
v 0.3566 3.5385 1.6640
v 0.4886 3.4825 1.6275
v 0.4739 3.4825 1.6304
v 0.4591 3.4826 1.6332
v 0.4443 3.4826 1.6360
v 0.3847 3.4586 1.6426
v 0.3738 3.4482 1.6426
v 0.3630 3.4378 1.6426
v 0.3521 3.4274 1.6426
v 0.4678 3.5381 1.6426
v 0.4570 3.5277 1.6426
v 0.4461 3.5173 1.6426
v 0.4352 3.5069 1.6426
v 0.3313 3.4830 1.6577
v 0.3461 3.4830 1.6549
v 0.3608 3.4829 1.6520
v 0.3756 3.4829 1.6492
v -0.5522 3.3734 1.4990
v -0.6630 3.4922 1.4758
v -0.4687 3.5700 1.5250
v -0.4719 3.4052 1.5193
v -0.6314 3.4094 1.4810
v -0.6287 3.5731 1.4865
v -0.4375 3.4862 1.5300
v -0.5479 3.6060 1.5070
v -0.5629 3.3684 1.5380
v -0.6747 3.4869 1.5190
v -0.4833 3.5634 1.5780
v -0.4836 3.4000 1.5625
v -0.6420 3.4044 1.5200
v -0.6417 3.5677 1.5356
v -0.4506 3.4808 1.5791
v -0.5625 3.5994 1.5600
v -0.5628 3.3892 1.5400
v -0.6545 3.4864 1.5244
v -0.4976 3.5491 1.5728
v -0.4978 3.4151 1.5600
v -0.6277 3.4187 1.5252
v -0.6275 3.5526 1.5380
v -0.4708 3.4814 1.5736
v -0.5625 3.5786 1.5580
v -0.5627 3.4640 1.5471
v -0.5819 3.4844 1.5439
v -0.5490 3.4976 1.5540
v -0.5491 3.4695 1.5513
v -0.5763 3.4702 1.5440
v -0.5763 3.4983 1.5467
v -0.5434 3.4834 1.5542
v -0.5626 3.5037 1.5509
v -0.5627 3.4839 1.5490
v -0.5628 3.4041 1.5414
v -0.5628 3.4191 1.5428
v -0.5627 3.4341 1.5443
v -0.5627 3.4491 1.5457
v -0.5388 3.4586 1.5531
v -0.5286 3.4477 1.5548
v -0.5183 3.4369 1.5566
v -0.5081 3.4260 1.5583
v -0.5625 3.5636 1.5566
v -0.5625 3.5487 1.5552
v -0.5626 3.5337 1.5538
v -0.5626 3.5187 1.5523
v -0.5865 3.5092 1.5450
v -0.5968 3.5200 1.5432
v -0.6070 3.5309 1.5415
v -0.6172 3.5418 1.5397
v -0.4853 3.4818 1.5697
v -0.4998 3.4822 1.5659
v -0.5144 3.4826 1.5620
v -0.5289 3.4830 1.5581
v -0.5866 3.4599 1.5403
v -0.5969 3.4496 1.5365
v -0.6072 3.4393 1.5327
v -0.6175 3.4290 1.5290
v -0.5079 3.5388 1.5691
v -0.5182 3.5285 1.5653
v -0.5284 3.5182 1.5615
v -0.5387 3.5079 1.5578
v -0.6400 3.4860 1.5283
v -0.6255 3.4856 1.5322
v -0.6110 3.4852 1.5361
v -0.5964 3.4848 1.5400
v 1.7207 6.3064 0.5920
v 1.6013 6.1200 0.7878
v 1.2882 5.6585 1.1921
v 1.1553 5.4327 1.4004
v 1.0466 5.2309 1.5852
v 0.9490 5.0392 1.7031
v 1.3881 6.1959 0.7279
v 1.5113 6.3629 0.5489
v 1.0552 5.7551 1.1282
v 0.9130 5.5243 1.3431
v 0.7971 5.3117 1.5391
v 0.6890 5.1143 1.6842
v 1.1509 6.2542 0.6841
v 1.2772 6.4095 0.5190
v 0.7835 5.8209 1.0760
v 0.6375 5.5822 1.2706
v 0.5200 5.3636 1.4572
v 0.4118 5.1636 1.6131
v 0.9238 6.3059 0.6682
v 1.0507 6.4577 0.5135
v 0.4811 5.8542 1.0943
v 0.3573 5.5993 1.2487
v 0.2461 5.3820 1.3970
v 0.1423 5.1831 1.5438
v 1.6586 4.5118 0.0125
v 1.3716 4.6463 -0.5768
v 1.1445 4.7333 -0.7768
v 0.9029 4.8041 -0.8626
v 1.9006 6.2410 0.6285
v 1.7868 6.0213 0.8344
v 1.4951 5.5329 1.1981
v 1.3741 5.3077 1.3525
v 1.2665 5.1259 1.5093
v 1.1860 4.9442 1.5939
v 1.7164 4.9243 0.7218
v 1.6157 4.8803 0.8557
v 1.5756 4.7475 0.9040
v 0.1673 5.7473 1.2045
v 0.6613 4.8497 -0.8494
v 0.4277 4.8720 -0.7959
v 0.0001 4.8806 -0.7472
v -0.2465 5.1490 1.4917
v -0.1211 5.3492 1.3879
v 0.0158 5.5467 1.2851
v 1.0233 6.4866 -0.5448
v 1.1175 6.6301 -0.2601
v 1.1548 6.6669 0.0097
v 1.1239 6.5662 0.3666
v -0.2585 4.4760 1.7461
v 1.2532 6.3630 -0.5924
v 1.3302 6.5287 -0.2856
v 1.3703 6.5897 -0.0176
v 1.3501 6.5180 0.3600
v 1.3781 5.9854 -0.7192
v 1.2404 5.2109 -0.8051
v 1.2017 4.9822 -0.8088
v 1.1476 6.0944 -0.7984
v 0.9958 5.2853 -0.8837
v 0.9551 5.0537 -0.8957
v 0.8381 6.2122 -0.7304
v 0.7353 5.3247 -0.8615
v 0.7020 5.0959 -0.8720
v 0.5058 6.1172 -0.6269
v 0.4748 5.3362 -0.7919
v 0.4541 5.1139 -0.8029
v 0.0067 6.0482 -0.5374
v 0.0011 5.3351 -0.7085
v 0.0003 5.1190 -0.7345
v 1.4603 6.2475 -0.5398
v 1.5331 6.4290 -0.2717
v 1.5817 6.5158 -0.0199
v 1.5803 6.4754 0.3725
v 1.6349 6.1248 -0.4857
v 1.7093 6.3256 -0.2745
v 1.7670 6.4408 -0.0289
v 1.7842 6.4272 0.3936
v 1.5615 5.8586 -0.6202
v 1.7154 4.8516 -0.0709
v 1.6866 4.7072 -0.0111
v 1.7922 5.9816 -0.4686
v 1.8672 6.2141 -0.2921
v 1.9293 6.3552 -0.0562
v 1.9586 6.3682 0.4176
v 1.7231 5.6935 -0.5448
v 1.7936 4.9517 -0.1687
v 1.7065 4.8240 0.3535
v 1.6778 4.6990 0.4020
v 1.7859 4.8577 0.2771
v 1.8958 5.4783 -0.4646
v 2.1042 6.2126 -0.0738
v 2.1408 6.2504 0.4267
v 2.0401 6.0478 -0.2971
v 1.9656 5.7743 -0.4383
v 1.9681 5.8760 0.8571
v 2.0816 6.1210 0.6572
v 1.6125 5.1252 1.1001
v 1.7050 5.3750 1.1010
v 1.4023 4.8398 1.3397
v 1.4679 5.0004 1.2779
v 1.4246 4.8872 -0.6066
v 1.4549 5.1037 -0.6377
v 1.5824 0.7450 -0.6204
v 0.0000 4.6308 -0.7478
v 0.4006 4.6200 -0.7809
v 0.6202 4.5947 -0.8040
v 0.8487 4.5458 -0.7956
v 1.0807 4.4735 -0.7136
v 1.3066 4.3888 -0.5383
v 1.6188 4.2728 0.0112
v 1.6293 4.2808 0.3914
v 1.5125 4.3398 0.8359
v 1.0022 4.5570 1.6211
v 1.2839 4.4393 1.2846
v -0.6179 4.1704 1.6159
v -0.3265 4.2383 1.7237
v -0.1209 4.2291 1.7707
v 0.1281 4.1702 1.7846
v 0.4286 4.0585 1.7429
v 0.7811 3.9068 1.5800
v 0.9026 4.3647 1.6155
v 0.8649 6.4958 0.5310
v 0.3765 5.9830 1.0571
v 0.7521 6.3493 0.6747
v -0.3584 4.9451 1.5803
v 0.0322 4.9960 1.6610
v 0.2945 4.9780 1.7258
v 1.4846 1.2375 -0.5314
v 0.5701 4.9276 1.7744
v 0.8409 4.8494 1.7629
v 1.3499 4.6467 1.3051
v 1.6158 0.5225 -0.6545
v 1.1024 4.7512 1.6202
v 1.4031 3.8217 -0.2782
v 1.5495 4.5577 0.8642
v 1.3154 3.2814 -0.2329
v 1.6587 4.5084 0.4091
v 1.2882 2.9415 -0.2131
v 0.7367 6.1085 0.8571
v 0.9772 6.0550 0.8682
v 1.2254 5.9871 0.9193
v 1.4458 5.8948 0.9857
v 1.6402 5.7745 1.0238
v 1.8314 5.6197 1.0056
v 1.2724 5.4412 -0.7882
v 1.0336 5.5201 -0.8599
v 0.7669 5.5588 -0.8408
v 0.4933 5.5593 -0.7634
v 0.0028 5.5464 -0.6692
v 1.2985 2.5562 -0.2185
v 1.5547 4.5640 -0.3130
v 1.4465 4.0621 -0.2919
v 1.4767 5.3220 -0.6562
v 1.3600 3.5709 -0.2582
v 1.3416 2.1457 -0.2879
v 1.3973 1.7267 -0.4057
v 1.6456 5.1653 -0.4618
v 1.6199 4.9785 -0.3949
v 1.5959 4.7889 -0.3433
v 1.4994 4.3138 -0.2994
v 0.0051 5.7794 -0.6133
v 0.5083 5.8146 -0.7158
v 0.8018 5.8383 -0.8077
v 1.0809 5.7884 -0.8501
v 1.3148 5.7007 -0.7781
v 1.5078 5.5768 -0.6664
v 1.8415 5.1930 -0.3921
v 1.4726 4.1140 0.8127
v 1.0292 4.2176 -0.6626
v 0.8070 4.2907 -0.7429
v 0.5894 4.3412 -0.7696
v 0.3803 4.3684 -0.7637
v 1.5766 4.0268 0.0020
v 1.5958 4.0434 0.3703
v 1.2501 4.1339 -0.5142
v 1.4305 3.6277 0.8718
v 0.9776 3.6996 -0.5878
v 0.7744 3.7602 -0.6686
v 0.5707 3.8040 -0.7077
v 0.3713 3.8304 -0.7179
v -0.0004 3.8467 -0.7118
v 1.4972 3.5418 0.0108
v 1.5381 3.5582 0.3650
v 1.1767 3.6305 -0.4544
v 1.4097 3.3226 0.8347
v 0.9568 3.3905 -0.5468
v 0.7662 3.4401 -0.6278
v 0.5701 3.4766 -0.6720
v 0.3736 3.5001 -0.6896
v 1.4542 3.2534 0.0246
v 1.5050 3.2640 0.3657
v 1.1414 3.3331 -0.4191
v 1.4038 2.9617 0.7886
v 0.9432 3.0351 -0.5191
v 0.7620 3.0762 -0.6003
v 0.5721 3.1073 -0.6469
v 0.3775 3.1292 -0.6697
v 1.4288 2.9137 0.0381
v 1.4875 2.9173 0.3649
v 1.1184 2.9870 -0.3950
v 1.4217 2.5558 0.7857
v 0.9491 2.6419 -0.5438
v 0.7688 2.6800 -0.6261
v 0.5796 2.7110 -0.6740
v 0.3842 2.7348 -0.6924
v 1.4436 2.5282 0.0405
v 1.5053 2.5257 0.3607
v 1.1254 2.5645 -0.4181
v 1.4567 2.1292 0.8168
v -0.2822 2.3795 1.5713
v -0.7007 2.3700 1.4346
v 1.5441 2.1112 0.3499
v 1.1584 2.1855 -0.5050
v -0.4888 2.3821 1.5071
v 1.2171 4.2288 1.2690
v 1.1274 3.4341 1.2626
v 1.1514 3.7500 1.3185
v 0.0639 3.8462 1.7359
v 0.3704 3.7368 1.6896
v 0.7626 2.2355 1.4250
v -0.6991 2.9536 1.4834
v -0.7106 3.5489 1.5026
v -0.4746 2.9559 1.5501
v 0.0201 3.4215 1.6786
v 0.3319 3.3231 1.6276
v 0.7077 2.7233 1.4263
v -0.2698 2.9481 1.6021
v -0.6714 3.8975 1.5522
v -0.0102 2.9071 1.6320
v 0.3130 2.8288 1.5835
v 0.7114 3.1870 1.4676
v -0.1839 3.9014 1.7187
v -0.4405 3.4846 1.5791
v -0.0084 2.3528 1.6111
v 0.3381 2.3024 1.5773
v 0.7383 3.5859 1.5311
v -0.2337 3.4717 1.6559
v -0.3882 3.9120 1.6454
v 1.1171 3.0541 1.1905
v 1.1319 2.6233 1.1717
v 1.1761 2.1722 1.2038
v 1.4872 2.1181 -0.0068
v -0.7053 1.7960 1.4368
v -0.7234 1.1790 1.4593
v 1.5725 1.6909 0.7555
v 1.6168 1.6838 0.3087
v -0.2561 1.8046 1.5841
v -0.4794 1.8010 1.5195
v 0.8744 1.7503 1.4261
v 0.0438 1.7998 1.6228
v 0.4305 1.7825 1.5863
v 1.3177 1.7155 1.1552
v 0.3948 2.3332 -0.7714
v 0.9758 2.2287 -0.6271
v 0.7883 2.2689 -0.7020
v 0.5942 2.3042 -0.7510
v 1.0075 1.1967 1.4112
v -0.4605 1.1566 1.5536
v -0.2007 1.1692 1.6275
v 1.7176 1.1672 0.2472
v 1.7511 1.1623 0.6756
v 1.5112 1.1763 1.0889
v 0.5528 1.2052 1.5980
v 0.1374 1.1908 1.6570
v 1.5565 1.6967 -0.0964
v 1.6497 1.1878 -0.1977
v 1.0367 1.8137 -0.7288
v 0.8325 1.8588 -0.8128
v 0.6250 1.9000 -0.8595
v 0.4149 1.9346 -0.8767
v 1.1340 1.3628 -0.8570
v 0.9018 1.4220 -0.9401
v 0.6714 1.4745 -0.9859
v 0.4432 1.5169 -0.9982
v -0.0025 1.5549 -1.0183
v 1.2396 0.8528 -1.0219
v 0.9759 0.9060 -1.1051
v 0.7188 0.9563 -1.1452
v 0.4706 0.9983 -1.1598
v 1.2048 1.7729 -0.6142
v 1.3085 1.2926 -0.7128
v 1.2746 0.5481 -1.0834
v 1.0032 0.5584 -1.1729
v 0.7386 0.5682 -1.2170
v 0.4840 0.5766 -1.2316
v 0.0022 0.5841 -1.2352
v 1.7811 0.5031 -0.2975
v 1.4399 0.5471 -0.8512
v 1.8484 0.5171 0.1442
v 1.8629 0.5136 0.5848
v 1.6261 0.5120 1.0107
v 1.1617 0.5118 1.3559
v -0.3956 0.4999 1.6735
v -0.0910 0.5001 1.7137
v 0.7237 0.5097 1.5857
v 0.2929 0.5045 1.6954
v 0.6689 0.6571 1.6150
v 0.2347 0.6339 1.7033
v -0.4351 0.6090 1.6467
v 1.1193 0.6659 1.3964
v -0.1415 0.6128 1.7024
v 1.4638 0.8074 -0.9010
v 1.7530 0.6959 -0.2667
v 1.8259 0.6878 0.1783
v 1.6427 0.6661 1.0525
v 1.8836 0.6714 0.6226
v -0.5689 4.3843 1.6418
v 0.5927 6.1786 0.8507
v 0.0065 6.3408 -0.4455
v 0.4426 6.4180 -0.4786
v 0.6769 6.5167 -0.4713
v 0.9326 6.6093 0.3941
v 0.9666 6.7433 0.0708
v 0.9321 6.7387 -0.1476
v 0.8417 6.6564 -0.3629
v 1.5377 3.7903 0.0030
v 0.7855 4.0367 -0.7076
v 0.3722 4.1137 -0.7431
v 0.5752 4.0858 -0.7409
v 1.2111 3.8885 -0.4867
v 1.4462 3.8838 0.8563
v -0.0411 4.4664 1.7963
v 0.2129 4.4074 1.8151
v 0.9991 3.9673 -0.6270
v 0.8335 4.1575 1.6037
v 1.6747 5.4108 -0.5378
v 0.5039 4.3005 1.7738
v 1.1756 4.0071 1.3107
v 1.5668 3.8095 0.3653
v 0.7181 4.6686 1.7862
v 0.4412 4.7561 1.8173
v 0.1720 4.8096 1.7860
v -0.0780 4.8239 1.7310
v -0.4495 4.7494 1.6355
v -0.5200 4.5659 1.6467
v -0.1784 4.6579 1.7516
v 0.0555 4.6474 1.8037
v 0.3159 4.5911 1.8274
v 0.5973 4.4931 1.7888
v 0.2396 5.7246 1.1919
v 0.1367 5.5618 1.2693
v -0.0875 5.1743 1.4989
v 0.0224 5.3691 1.3766
v -0.1953 4.9813 1.6001
v -0.4944 4.2108 1.6571
v -0.6306 2.3730 1.4556
v -0.6217 2.9495 1.5065
v -0.5545 3.8998 1.5808
v -0.6005 3.4890 1.5216
v -0.6297 1.7956 1.4606
v -0.4374 4.4416 1.6839
v 0.2386 6.0649 -0.5607
v -0.2931 4.7990 1.6681
v -0.3755 4.6246 1.6881
v 0.2145 6.3600 -0.4582
v 0.2432 5.7888 -0.6407
v 0.2380 5.5504 -0.6952
v 0.2300 5.3362 -0.7310
v 0.2206 5.1185 -0.7529
v 0.2081 4.8793 -0.7608
v 0.1946 4.6290 -0.7578
v 0.1846 4.3790 -0.7478
v 0.1811 4.1257 -0.7335
v 0.1813 3.8431 -0.7147
v 0.1831 3.5129 -0.6928
v 0.1855 3.1426 -0.6779
v 0.1891 2.7506 -0.6978
v 0.1948 2.3529 -0.7740
v 0.2050 1.9581 -0.8790
v 0.2188 1.5450 -1.0082
v 0.2320 1.0264 -1.1709
v 0.2397 0.5822 -1.2347
v -0.6134 0.5025 1.6201
v -0.6368 0.6213 1.5855
v -0.6360 1.1576 1.4907
v 0.0046 6.6274 -0.3546
v 0.3809 6.6903 -0.3494
v 0.5676 6.7554 -0.3008
v 0.7926 6.8393 -0.0238
v 0.7091 6.8181 -0.1859
v 0.1874 6.6442 -0.3568
v 0.0022 6.8522 -0.2892
v 0.3418 6.8940 -0.2571
v 0.5037 6.9237 -0.1920
v 0.7104 6.9105 0.0572
v 0.6306 6.9348 -0.0824
v 0.1695 6.8646 -0.2834
v 0.4578 6.1789 0.9257
v 0.6407 6.3711 0.7019
v 0.5521 6.2483 0.8223
v 0.5561 6.3421 0.7777
v 0.7297 6.5108 0.5675
v 0.7910 6.6330 0.4364
v 0.8255 6.8066 0.1452
v 0.6454 6.4972 0.6223
v 0.7112 6.6350 0.4826
v 0.7437 6.8476 0.2025
v -0.0000 4.3812 -0.7402
v -0.0011 3.5169 -0.6925
v -0.0023 3.1472 -0.6797
v -0.0035 2.7562 -0.7009
v -0.0040 2.3599 -0.7769
v -0.0036 1.9664 -0.8833
v -0.0001 1.0362 -1.1789
v -0.7286 0.5177 1.5855
v -0.7416 0.6662 1.5460
v -0.0001 4.1287 -0.7281
v 0.1248 5.7279 1.2460
v -0.3185 5.1223 1.5134
v -0.1816 5.3274 1.4181
v -0.0317 5.5264 1.3186
v -0.6834 4.1436 1.6096
v 0.2856 5.9361 1.1384
v -0.4350 4.9089 1.5952
v -0.7476 3.7430 1.5603
v -0.7290 3.9301 1.5663
v -0.6373 4.3355 1.6349
v -0.5257 4.7025 1.6365
v -0.5940 4.5132 1.6378
v 0.4115 6.1288 1.0187
v 0.5263 6.3021 0.8568
v 0.6274 6.4652 0.6794
v 0.7152 6.6197 0.5212
v 0.5225 5.6361 1.3078
v 0.0843 5.0884 1.6496
v 0.2303 5.2786 1.5345
v 0.3785 5.4583 1.4201
v -0.4652 4.1418 1.7600
v 0.6608 5.8128 1.1771
v -0.0538 4.8867 1.7277
v -0.6510 3.8028 1.6407
v -0.5662 3.9651 1.6905
v -0.3565 4.3229 1.8001
v -0.1583 4.6877 1.7814
v -0.2487 4.5024 1.8054
v 0.7990 5.9812 1.0247
v 0.9312 6.1308 0.8751
v 1.0475 6.2528 0.7540
v 1.1164 6.3280 0.6802
v 0.5665 5.6343 1.2985
v 0.1566 5.0896 1.6552
v 0.2975 5.2791 1.5369
v 0.4325 5.4577 1.4179
v -0.4150 4.1439 1.7693
v 0.6986 5.8099 1.1629
v 0.0174 4.8878 1.7374
v -0.6240 3.8043 1.6420
v -0.5283 3.9659 1.6982
v -0.3014 4.3258 1.8100
v -0.0988 4.6888 1.7901
v -0.1937 4.5046 1.8137
v 0.8353 5.9767 1.0093
v 0.9696 6.1249 0.8617
v 1.0842 6.2482 0.7409
v 1.1462 6.3387 0.6588
v -0.3193 5.1024 1.5417
v -0.2643 5.0906 1.5689
v -0.1605 5.0858 1.5966
v -0.0305 5.0862 1.6269
v 0.3030 5.9006 1.1839
v 0.3820 5.8700 1.2007
v 0.4865 5.8434 1.1991
v 0.5876 5.8237 1.1898
v 0.4402 5.6425 1.3114
v 0.3319 5.6568 1.3073
v 0.2264 5.6775 1.2989
v 0.1488 5.7017 1.2801
v -0.1675 4.8817 1.7050
v -0.2910 4.8754 1.6769
v -0.3887 4.8746 1.6479
v -0.4398 4.8848 1.6199
v 0.5648 6.2613 0.8949
v 0.6553 6.2212 0.8999
v 0.7666 6.1850 0.8928
v 0.8649 6.1537 0.8828
v 0.7305 5.9980 1.0365
v 0.6317 6.0236 1.0503
v 0.5249 6.0552 1.0600
v 0.4408 6.0904 1.0570
v -0.6967 4.1299 1.6323
v -0.6724 4.1291 1.6610
v -0.6189 4.1339 1.6968
v -0.5439 4.1385 1.7358
v -0.6241 3.9599 1.6693
v -0.6814 3.9530 1.6408
v -0.7225 3.9455 1.6134
v -0.7410 3.9380 1.5887
v 0.2835 5.4617 1.4095
v 0.1643 5.4713 1.3921
v 0.0585 5.4863 1.3747
v -0.0130 5.5047 1.3517
v -0.2638 4.6799 1.7573
v -0.3851 4.6691 1.7196
v -0.4824 4.6640 1.6832
v -0.5324 4.6728 1.6549
v 0.1236 5.2793 1.5175
v -0.0028 5.2843 1.4948
v -0.1090 5.2942 1.4731
v -0.1727 5.3083 1.4489
v -0.6871 3.7962 1.6320
v -0.7218 3.7891 1.6175
v -0.7470 3.7805 1.6003
v -0.7569 3.7656 1.5808
v -0.6039 4.4820 1.6515
v -0.5599 4.4750 1.6805
v -0.4691 4.4820 1.7208
v -0.3523 4.4934 1.7714
v -0.4494 4.3167 1.7631
v -0.5424 4.3091 1.7191
v -0.6133 4.3037 1.6796
v -0.6480 4.3089 1.6486
v 0.7625 6.5218 0.6155
v 0.8677 6.4572 0.6517
v 0.9879 6.4061 0.6619
v 1.0787 6.3630 0.6678
v 0.9873 6.2803 0.7561
v 0.8902 6.3176 0.7577
v 0.7731 6.3609 0.7559
v 0.6740 6.4113 0.7332
v 0.0007 6.9664 -0.2653
v 0.3328 6.9935 -0.2198
v 0.4863 7.0013 -0.1482
v 0.6882 6.9417 0.0871
v 0.6083 6.9864 -0.0418
v 0.1666 6.9756 -0.2552
v 0.7243 6.8660 0.2229
v 0.0000 6.9442 -0.3094
v 0.3808 6.9651 -0.2683
v 0.5447 6.9639 -0.2044
v 0.7630 6.9070 0.0186
v 0.6742 6.9448 -0.1069
v 0.1952 6.9525 -0.2999
v 0.8503 6.6835 0.4214
v 0.8134 6.8465 0.1601
v -0.0000 6.8805 -0.3420
v 0.4138 6.9029 -0.3127
v 0.5867 6.9037 -0.2600
v 0.8181 6.8620 -0.0442
v 0.7225 6.8897 -0.1703
v 0.2141 6.8893 -0.3357
v 0.9395 6.6685 0.4031
v 0.8796 6.8134 0.1091
v -0.0000 6.8214 -0.3644
v 0.4375 6.8451 -0.3458
v 0.6177 6.8489 -0.3031
v 0.8595 6.8202 -0.0937
v 0.7586 6.8402 -0.2204
v 0.2273 6.8304 -0.3611
v 0.9923 6.6613 0.3784
v 0.9289 6.7805 0.0702
v 0.7542 6.8664 0.2034
v 0.7700 6.6797 0.4506
v 0.5057 7.0053 -0.1596
v 0.6297 6.9837 -0.0566
v 0.3497 7.0055 -0.2305
v 0.7128 6.9378 0.0690
v 0.0002 6.9842 -0.2781
v 0.1771 6.9924 -0.2670
v 1.0460 6.4501 0.6045
v 0.9281 6.5032 0.5922
v 0.8197 6.5581 0.5677
v 0.7668 6.6079 0.5289
v 1.1274 6.3985 0.6208
v 0.8598 6.6340 0.4870
v 0.9476 6.6245 0.4738
v 1.0015 6.6342 0.4204
v 0.7887 6.6339 0.4997
v -0.0000 6.7919 -0.3732
v 0.4443 6.8137 -0.3569
v 0.6271 6.8194 -0.3176
v 0.8747 6.7965 -0.1111
v 0.7706 6.8139 -0.2378
v 0.2308 6.7997 -0.3703
v 0.9473 6.7593 0.0579
v 1.6000 6.5270 0.1896
v 1.7955 6.4707 0.1915
v 2.1429 6.2751 0.1835
v 1.9638 6.3984 0.1923
v 0.8215 6.7336 0.2979
v 0.7398 6.7540 0.3424
v 0.9642 6.6932 0.2463
v 1.3777 6.5788 0.1899
v 1.1555 6.6366 0.2071
v 0.8370 6.7653 0.3025
v 0.9179 6.7415 0.2707
v 0.9746 6.7177 0.2478
v 0.7653 6.7745 0.3354
v 0.9927 6.6990 0.2483
v 0.7262 6.7620 0.3613
v -0.7006 3.7045 1.5771
v -0.6811 3.7106 1.5807
v -0.7220 3.6980 1.5713
v -0.7409 3.6925 1.5635
v -0.7526 3.6828 1.5529
v -0.7491 3.6507 1.5337
v 3.2375 3.5853 0.5424
v 3.4636 3.5636 0.0685
v 3.3280 3.5307 0.3188
v 3.7143 3.8427 -0.1063
v 3.7922 4.2652 0.3754
v 3.6489 4.2959 0.7204
v 3.8052 4.1693 0.1972
v 3.7817 4.0137 0.0085
v 3.4115 4.1161 0.9148
v 3.5340 4.2277 0.8463
v 3.2040 3.7048 0.7301
v 3.2296 3.8412 0.8579
v 3.3036 3.9816 0.9189
v 3.6026 3.6776 -0.0938
v 3.7385 4.3086 0.5554
v 4.5503 2.4823 1.8922
v 4.8148 2.5055 1.7147
v 4.6748 2.4678 1.7889
v 5.0311 2.6867 1.7114
v 5.0134 2.9522 1.9817
v 4.7997 2.9729 2.1646
v 5.0679 2.8849 1.8741
v 5.0747 2.7920 1.7785
v 4.5590 2.8362 2.2114
v 4.6726 2.9206 2.2093
v 4.4687 2.5432 2.0030
v 4.4449 2.6336 2.1010
v 4.4782 2.7357 2.1731
v 4.9408 2.5849 1.6874
v 4.9194 2.9836 2.0841
v 1.9494 4.7420 0.2367
v 2.1617 4.5628 0.2066
v 2.3947 4.3767 0.1836
v 2.6287 4.1577 0.1663
v 2.8572 3.9182 0.1636
v 3.0878 3.7079 0.2008
v 3.0142 3.7867 0.4445
v 2.8003 4.0047 0.4183
v 2.5846 4.2339 0.4292
v 2.3580 4.4456 0.4591
v 2.1245 4.6446 0.5099
v 1.9019 4.8198 0.5932
v 2.0373 5.4246 0.9578
v 2.2570 5.1942 0.9040
v 2.4801 4.9502 0.8432
v 2.6960 4.7062 0.8143
v 2.8999 4.4640 0.8064
v 3.0993 4.2219 0.8314
v 3.2044 4.3655 0.8167
v 3.0010 4.6182 0.7800
v 2.7959 4.8756 0.7747
v 2.5852 5.1405 0.7927
v 2.3752 5.4084 0.8421
v 2.1653 5.6721 0.8655
v 1.9328 5.1965 0.9766
v 2.1675 4.9862 0.8781
v 2.4004 4.7621 0.8107
v 2.6204 4.5348 0.7717
v 2.8247 4.3045 0.7565
v 3.0238 4.0717 0.7752
v 3.3204 4.4849 0.7337
v 3.1099 4.7480 0.6811
v 2.9012 5.0209 0.6587
v 2.6943 5.3063 0.6571
v 2.4961 5.6027 0.6861
v 2.2865 5.9094 0.6862
v 2.3264 5.9816 -0.0613
v 2.5825 5.6668 -0.0594
v 2.8396 5.3672 -0.0248
v 3.0691 5.0740 0.0490
v 3.2928 4.7930 0.1161
v 3.5400 4.5245 0.2151
v 3.5371 4.4224 0.0306
v 3.2764 4.6833 -0.0684
v 3.0397 4.9481 -0.1361
v 2.7965 5.2199 -0.2189
v 2.5228 5.5005 -0.2574
v 2.2604 5.8066 -0.2573
v 2.3659 6.0528 0.1802
v 2.6036 5.7370 0.1994
v 2.8292 5.4323 0.2266
v 3.0487 5.1308 0.2653
v 3.2676 4.8435 0.3215
v 3.5015 4.5712 0.4090
v 1.8759 4.9857 0.8798
v 2.1201 4.7956 0.7540
v 2.3574 4.5872 0.6814
v 2.5806 4.3711 0.6417
v 2.7884 4.1501 0.6257
v 2.9920 3.9259 0.6446
v 2.3580 6.0348 0.4403
v 2.5776 5.7168 0.4547
v 2.7769 5.4103 0.4579
v 2.9872 5.1120 0.4796
v 3.2040 4.8281 0.5202
v 3.4252 4.5578 0.5908
v 2.0422 4.9542 -0.3169
v 2.2744 4.7451 -0.2824
v 2.5261 4.5733 -0.2667
v 2.7842 4.3727 -0.2576
v 3.0448 4.1351 -0.2450
v 3.3172 3.8781 -0.2430
v 3.1993 3.7386 -0.0667
v 2.9453 3.9679 -0.0844
v 2.6992 4.2107 -0.0871
v 2.4530 4.4178 -0.0821
v 2.2117 4.5845 -0.0826
v 1.9901 4.7718 -0.1010
v 2.1832 5.5291 -0.3795
v 2.4393 5.2628 -0.3550
v 2.7080 5.0140 -0.3293
v 2.9666 4.7711 -0.2744
v 3.2213 4.5281 -0.2090
v 3.4960 4.2563 -0.1548
v 3.4208 4.0705 -0.2655
v 3.1412 4.3420 -0.2802
v 2.8735 4.5712 -0.3213
v 2.6100 4.7821 -0.3542
v 2.3502 4.9923 -0.3700
v 2.1064 5.2272 -0.4026
v 3.8728 4.0415 0.9293
v 4.0946 3.7898 1.1986
v 4.3133 3.5381 1.4937
v 4.5240 3.2967 1.7859
v 4.7033 3.0897 2.0343
v 4.8233 3.1006 1.9451
v 4.6410 3.3080 1.6834
v 4.4266 3.5498 1.3761
v 4.2032 3.8163 1.0653
v 3.9737 4.0688 0.7804
v 3.4751 3.3499 0.7300
v 3.7237 3.1381 0.9801
v 3.9760 2.9471 1.2560
v 4.2204 2.7352 1.5296
v 4.4310 2.5713 1.7642
v 4.3514 2.6398 1.8834
v 4.1474 2.8201 1.6604
v 3.9109 3.0403 1.3995
v 3.6682 3.2489 1.1375
v 3.4302 3.4708 0.9022
v 3.7314 3.3659 0.3379
v 4.0021 3.1571 0.6468
v 4.2602 2.9562 0.9800
v 4.4911 2.7474 1.2961
v 4.7003 2.5930 1.5643
v 4.5567 2.5527 1.6496
v 4.3434 2.7055 1.3986
v 4.0987 2.9121 1.1059
v 3.8395 3.0971 0.8064
v 3.5799 3.3024 0.5315
v 4.0595 3.8060 0.3039
v 4.3272 3.5700 0.6311
v 4.5682 3.3309 0.9894
v 4.7779 3.0979 1.3345
v 4.9717 2.9008 1.6207
v 4.9248 2.7895 1.5520
v 4.7271 2.9749 1.2658
v 4.5185 3.2023 0.8929
v 4.2727 3.4351 0.5248
v 3.9975 3.6612 0.2159
v 3.8825 3.5049 0.2206
v 4.1595 3.2891 0.5230
v 4.4118 3.0655 0.8833
v 4.6276 2.8476 1.2492
v 4.8306 2.6797 1.5299
v 3.7504 3.9754 1.0397
v 3.9681 3.7259 1.2937
v 4.1850 3.4784 1.5736
v 4.3947 3.2395 1.8510
v 4.5739 3.0349 2.0866
v 3.5174 3.7441 1.0896
v 3.7392 3.5062 1.3221
v 3.9639 3.2681 1.5811
v 4.1825 3.0379 1.8386
v 4.3707 2.8419 2.0580
v 4.4563 2.9465 2.0937
v 4.2740 3.1470 1.8682
v 4.0614 3.3820 1.6030
v 3.8424 3.6253 1.3358
v 3.6246 3.8701 1.0947
v 4.3322 2.7359 1.9857
v 4.1364 2.9265 1.7676
v 3.9094 3.1520 1.5120
v 3.6765 3.3799 1.2551
v 3.4478 3.6109 1.0251
v 4.0695 3.9277 0.4506
v 4.3245 3.6839 0.7650
v 4.5614 3.4375 1.1076
v 4.7771 3.2003 1.4388
v 4.9679 2.9976 1.7206
v 4.9158 3.0677 1.8346
v 4.7289 3.2735 1.5613
v 4.5112 3.5139 1.2407
v 4.2814 3.7786 0.9149
v 4.0412 4.0288 0.6152
v -1.7511 6.3210 0.5870
v -1.6683 6.1211 0.7645
v -1.4535 5.6619 1.0604
v -1.3634 5.4384 1.1814
v -1.2850 5.2378 1.2894
v -1.2053 5.0460 1.3955
v -1.4589 6.1919 0.7267
v -1.5452 6.3723 0.5567
v -1.2314 5.7545 1.0323
v -1.1400 5.5259 1.1772
v -1.0644 5.3142 1.3061
v -0.9873 5.1151 1.4242
v -1.2294 6.2476 0.6895
v -1.3178 6.4031 0.5290
v -0.9751 5.8172 1.0286
v -0.8850 5.5808 1.1723
v -0.8144 5.3619 1.3006
v -0.7464 5.1573 1.4120
v -1.0132 6.2983 0.6758
v -1.1022 6.4531 0.5229
v -0.6904 5.8462 1.0627
v -0.6237 5.5949 1.1925
v -0.5626 5.3771 1.3016
v -0.5048 5.1715 1.4017
v -1.6457 4.5151 0.0905
v -1.3498 4.6477 -0.5826
v -1.1340 4.7336 -0.7822
v -0.9001 4.8040 -0.8498
v -1.9287 6.2348 0.6574
v -1.8515 6.0267 0.8399
v -1.6477 5.5407 1.0578
v -1.5560 5.3175 1.1317
v -1.4658 5.1365 1.2142
v -1.3861 4.9551 1.2965
v -1.7881 4.9377 0.6898
v -1.6795 4.8945 0.7657
v -1.6150 4.7614 0.8106
v -0.4090 5.7382 1.1850
v -0.6606 4.8497 -0.8349
v -0.4274 4.8720 -0.7921
v -0.1503 5.1339 1.4193
v -0.2371 5.3414 1.3533
v -0.3163 5.5403 1.2743
v -1.0231 6.4980 -0.5285
v -1.1184 6.6340 -0.2722
v -1.1584 6.6694 -0.0176
v -1.1504 6.5692 0.3747
v -0.2138 4.4188 1.5538
v -1.2536 6.3722 -0.5849
v -1.3306 6.5251 -0.3092
v -1.3714 6.5816 -0.0470
v -1.3673 6.5138 0.3496
v -1.3777 5.9737 -0.7193
v -1.2318 5.2107 -0.8381
v -1.1911 4.9827 -0.8288
v -1.1473 6.0949 -0.7790
v -0.9931 5.2843 -0.9084
v -0.9518 5.0535 -0.9045
v -0.8356 6.2143 -0.7069
v -0.7343 5.3238 -0.8647
v -0.7011 5.0958 -0.8667
v -0.4980 6.1098 -0.6275
v -0.4735 5.3359 -0.7859
v -0.4535 5.1139 -0.7954
v -1.4607 6.2393 -0.5509
v -1.5334 6.4143 -0.2956
v -1.5822 6.4996 -0.0452
v -1.5927 6.4833 0.3614
v -1.6345 6.1051 -0.4859
v -1.7095 6.3084 -0.2728
v -1.7674 6.4307 -0.0413
v -1.7943 6.4415 0.3857
v -1.5589 5.8447 -0.6560
v -1.7007 4.8686 -0.0106
v -1.6751 4.7218 0.0583
v -1.7904 5.9610 -0.4472
v -1.8671 6.2008 -0.2777
v -1.9298 6.3572 -0.0567
v -1.9668 6.3746 0.4098
v -1.7171 5.6863 -0.5685
v -1.7851 4.9514 -0.1267
v -1.7188 4.8350 0.4011
v -1.6753 4.7099 0.4541
v -1.8077 4.8634 0.3264
v -1.8870 5.4678 -0.4542
v -2.1024 6.2213 -0.0796
v -2.1389 6.2615 0.4379
v -2.0393 6.0241 -0.2894
v -1.9620 5.7565 -0.4191
v -2.0275 5.8874 0.8850
v -2.1014 6.1143 0.7050
v -1.7453 5.1381 0.9673
v -1.8355 5.3864 0.9973
v -1.5242 4.8533 1.0971
v -1.6055 5.0137 1.0419
v -1.4012 4.8896 -0.6176
v -1.4362 5.1056 -0.6461
v -1.5713 0.7458 -0.6286
v -0.4005 4.6200 -0.7788
v -0.6200 4.5947 -0.7962
v -0.8470 4.5458 -0.7962
v -1.0723 4.4735 -0.7342
v -1.2882 4.3893 -0.5623
v -1.5941 4.2730 0.0931
v -1.5741 4.2829 0.4715
v -1.4986 4.3454 0.8281
v -1.2031 4.5581 1.3787
v -1.3701 4.4451 1.1360
v 0.1669 4.1583 1.5323
v -0.1413 4.1765 1.5408
v -0.3322 4.1519 1.5483
v -0.5448 4.0938 1.5298
v -0.7773 3.9992 1.4775
v -1.0146 3.8746 1.3763
v -1.1182 4.3554 1.3684
v -0.9369 6.4919 0.5563
v -0.5703 5.9711 1.0383
v -0.8542 6.3413 0.6953
v -0.0725 4.9196 1.4706
v -0.4375 4.9721 1.4804
v -0.6670 4.9608 1.4960
v -1.4790 1.2380 -0.5370
v -0.8967 4.9206 1.5087
v -1.1113 4.8517 1.4750
v -1.4488 4.6575 1.1296
v -1.6024 0.5233 -0.6641
v -1.2983 4.7593 1.3555
v -1.3683 3.8213 -0.2404
v -1.5551 4.5682 0.8292
v -1.2990 3.2810 -0.1935
v -1.6303 4.5150 0.4763
v -1.2887 2.9412 -0.1725
v -0.8788 6.1002 0.8578
v -1.1078 6.0496 0.8496
v -1.3460 5.9842 0.8735
v -1.5608 5.8963 0.9215
v -1.7503 5.7808 0.9654
v -1.9323 5.6311 0.9603
v -1.2669 5.4378 -0.8144
v -1.0319 5.5155 -0.8752
v -0.7655 5.5550 -0.8363
v -0.4901 5.5575 -0.7619
v -1.3009 2.5559 -0.1789
v -1.5380 4.5663 -0.2847
v -1.4259 4.0621 -0.2592
v -1.4639 5.3215 -0.6678
v -1.3284 3.5704 -0.2202
v -1.3477 2.1456 -0.2598
v -1.4018 1.7268 -0.3977
v -1.6274 5.1638 -0.4357
v -1.5938 4.9827 -0.3688
v -1.5718 4.7933 -0.3165
v -1.4916 4.3143 -0.2656
v -0.5025 5.8090 -0.7136
v -0.7996 5.8292 -0.8055
v -1.0800 5.7806 -0.8466
v -1.3124 5.6903 -0.7807
v -1.5008 5.5707 -0.7012
v -1.8284 5.1830 -0.3760
v -1.4573 4.1161 0.8189
v -1.0224 4.2177 -0.6915
v -0.8064 4.2907 -0.7550
v -0.5896 4.3413 -0.7657
v -0.3804 4.3684 -0.7616
v -1.5359 4.0259 0.0802
v -1.5357 4.0433 0.4544
v -1.2310 4.1343 -0.5330
v -1.4018 3.6263 0.8767
v -0.9800 3.6998 -0.5830
v -0.7794 3.7603 -0.6664
v -0.5738 3.8041 -0.7063
v -0.3729 3.8304 -0.7171
v -1.4393 3.5390 0.0832
v -1.4762 3.5556 0.4513
v -1.1652 3.6310 -0.4400
v -1.3658 3.3204 0.8768
v -0.9751 3.3906 -0.5436
v -0.7806 3.4401 -0.6271
v -0.5785 3.4766 -0.6714
v -0.3782 3.5000 -0.6892
v -1.4015 3.2510 0.1000
v -1.4371 3.2615 0.4595
v -1.1515 3.3335 -0.4052
v -1.3766 2.9596 0.8110
v -0.9777 3.0353 -0.5161
v -0.7878 3.0762 -0.6003
v -0.5876 3.1073 -0.6487
v -0.3865 3.1291 -0.6705
v -1.3908 2.9118 0.1113
v -1.4445 2.9150 0.4521
v -1.1482 2.9873 -0.3807
v -1.4131 2.5537 0.7968
v -0.9889 2.6421 -0.5411
v -0.8001 2.6802 -0.6266
v -0.5998 2.7109 -0.6778
v -0.3967 2.7347 -0.7017
v -1.4213 2.5265 0.1002
v -1.4833 2.5234 0.4382
v -1.1546 2.5648 -0.3965
v -1.4727 2.1273 0.7524
v -0.2076 2.3410 1.4615
v 0.2385 2.3572 1.4701
v -1.5396 2.1092 0.3856
v -1.1800 2.1860 -0.4898
v -0.0039 2.3423 1.4659
v -1.3042 4.2289 1.1262
v -1.2002 3.4215 1.1996
v -1.2309 3.7408 1.2063
v -0.4838 3.7581 1.5052
v -0.7298 3.6648 1.4579
v -1.0327 2.2109 1.2686
v 0.2441 2.9442 1.4759
v 0.2651 3.5462 1.5083
v -0.0031 2.9049 1.4710
v -0.4527 3.3378 1.4751
v -0.7144 3.2530 1.4230
v -1.0020 2.6887 1.2815
v -0.2088 2.8887 1.4652
v 0.2184 3.8908 1.5225
v -0.4530 2.8543 1.4421
v -0.7186 2.7815 1.3831
v -0.9674 3.1437 1.3068
v -0.2643 3.8171 1.5226
v -0.0239 3.4225 1.4941
v -0.4482 2.3272 1.4384
v -0.7168 2.2766 1.3746
v -0.9794 3.5445 1.3648
v -0.2192 3.3898 1.4929
v -0.0742 3.8484 1.5193
v -1.1897 3.0411 1.1064
v -1.2410 2.6122 1.0950
v -1.3005 2.1644 1.0694
v -1.4750 2.1167 0.0284
v 0.2304 1.7830 1.4952
v 0.2280 1.1686 1.5543
v -1.6626 1.6910 0.6637
v -1.6452 1.6836 0.2861
v -0.2309 1.7809 1.4849
v -0.0268 1.7739 1.4917
v -1.0636 1.7238 1.2487
v -0.4601 1.7854 1.4540
v -0.7307 1.7575 1.3812
v -1.4535 1.7103 1.0114
v -0.4081 2.3330 -0.7793
v -1.0105 2.2290 -0.6236
v -0.8176 2.2691 -0.7031
v -0.6143 2.3042 -0.7548
v -1.1383 1.1468 1.2617
v -0.0534 1.1328 1.5513
v -0.2686 1.1421 1.5305
v -1.7207 1.1707 0.1975
v -1.7488 1.1656 0.5979
v -1.5563 1.1684 0.9903
v -0.7713 1.1486 1.3972
v -0.4962 1.1599 1.4803
v -1.5551 1.6962 -0.1002
v -1.6345 1.1891 -0.2207
v -1.0623 1.8141 -0.7256
v -0.8548 1.8590 -0.8140
v -0.6411 1.9000 -0.8639
v -0.4260 1.9344 -0.8877
v -1.1480 1.3626 -0.8532
v -0.9150 1.4219 -0.9409
v -0.6816 1.4745 -0.9886
v -0.4508 1.5168 -1.0197
v -1.2396 0.8528 -1.0224
v -0.9778 0.9060 -1.1055
v -0.7207 0.9563 -1.1475
v -0.4718 0.9983 -1.1712
v -1.2216 1.7733 -0.6039
v -1.3134 1.2925 -0.7143
v -1.2672 0.5481 -1.0838
v -0.9983 0.5584 -1.1732
v -0.7347 0.5682 -1.2173
v -0.4801 0.5766 -1.2344
v -1.7685 0.5034 -0.3258
v -1.4311 0.5473 -0.8536
v -1.9255 0.5164 0.0881
v -1.9608 0.5144 0.4977
v -1.6857 0.5127 0.9485
v -1.2527 0.5048 1.2570
v -0.0802 0.5005 1.6351
v -0.3179 0.5001 1.6013
v -0.8499 0.5028 1.4078
v -0.5559 0.5036 1.5309
v -0.8240 0.6209 1.4226
v -0.5364 0.6219 1.5284
v -0.0674 0.6078 1.6205
v -1.2224 0.6321 1.2961
v -0.3012 0.6085 1.5918
v -1.4551 0.8075 -0.9019
v -1.7370 0.6963 -0.2943
v -1.8937 0.6894 0.1226
v -1.6532 0.6633 0.9955
v -1.9279 0.6752 0.5345
v 0.1126 4.3638 1.5343
v -0.7366 6.1684 0.8571
v -0.4348 6.4073 -0.4910
v -0.6737 6.5029 -0.4925
v -0.9766 6.6145 0.4171
v -0.9766 6.7447 0.0449
v -0.9351 6.7344 -0.1770
v -0.8417 6.6451 -0.3798
v -1.4818 3.7880 0.0748
v -0.7862 4.0368 -0.7139
v -0.3726 4.1137 -0.7417
v -0.5761 4.0859 -0.7379
v -1.1917 3.8890 -0.4873
v -1.4300 3.8837 0.8389
v -0.4095 4.4012 1.5655
v -0.6181 4.3482 1.5473
v -0.9942 3.9675 -0.6359
v -1.0593 4.1370 1.3565
v -1.6621 5.4073 -0.5562
v -0.8379 4.2585 1.4816
v -1.2626 4.0025 1.1578
v -1.5085 3.8075 0.4454
v -1.0081 4.6599 1.5111
v -0.7973 4.7345 1.5545
v -0.5795 4.7767 1.5471
v -0.3630 4.7865 1.5303
v -0.0033 4.7187 1.5056
v 0.0581 4.5377 1.5263
v -0.2866 4.6090 1.5525
v -0.4913 4.5975 1.5677
v -0.7011 4.5508 1.5595
v -0.9121 4.4684 1.5071
v -0.4798 5.7176 1.1641
v -0.4168 5.5571 1.2373
v -0.2920 5.1602 1.4008
v -0.3537 5.3628 1.3207
v -0.2272 4.9558 1.4656
v 0.0299 4.1745 1.5282
v 0.1518 2.3483 1.4680
v 0.1525 2.9222 1.4715
v 0.0902 3.8657 1.5133
v 0.1371 3.4573 1.4938
v 0.1371 1.7772 1.4944
v -0.0333 4.4032 1.5356
v -0.2267 6.0615 -0.5624
v -0.1607 4.7645 1.5087
v -0.0951 4.5862 1.5309
v -0.2029 6.3563 -0.4604
v -0.2342 5.7871 -0.6419
v -0.2330 5.5499 -0.6960
v -0.2280 5.3360 -0.7309
v -0.2201 5.1185 -0.7518
v -0.2079 4.8793 -0.7600
v -0.1946 4.6290 -0.7572
v -0.1846 4.3789 -0.7473
v -0.1813 4.1257 -0.7331
v -0.1822 3.8431 -0.7145
v -0.1859 3.5129 -0.6927
v -0.1912 3.1426 -0.6782
v -0.1975 2.7505 -0.7042
v -0.2041 2.3528 -0.7834
v -0.2132 1.9580 -0.8910
v -0.2245 1.5450 -1.0246
v -0.2325 1.0264 -1.1806
v -0.2355 0.5822 -1.2368
v 0.1176 0.5036 1.6476
v 0.1276 0.6232 1.6288
v 0.1249 1.1445 1.5557
v -0.3755 6.6837 -0.3636
v -0.5657 6.7426 -0.3350
v -0.7992 6.8301 -0.0786
v -0.7104 6.8021 -0.2375
v -0.1792 6.6420 -0.3595
v -0.3394 6.8914 -0.2754
v -0.5034 6.9167 -0.2340
v -0.7201 6.9014 -0.0085
v -0.6332 6.9237 -0.1445
v -0.1657 6.8641 -0.2876
v -0.6229 6.1674 0.9210
v -0.7602 6.3627 0.7230
v -0.6943 6.2380 0.8327
v -0.6984 6.3336 0.7892
v -0.8487 6.5055 0.5961
v -0.8362 6.6352 0.4600
v -0.8493 6.8051 0.1119
v -0.7726 6.4913 0.6489
v -0.7615 6.6343 0.5063
v -0.7845 6.8432 0.1617
v 0.2212 0.5173 1.6482
v 0.2353 0.6646 1.6250
v -0.3750 5.7169 1.2346
v -0.0919 5.1066 1.4498
v -0.2023 5.3183 1.3928
v -0.2907 5.5181 1.3188
v 0.2428 4.1455 1.5547
v -0.4909 5.9227 1.1244
v 0.0014 4.8837 1.4926
v 0.3082 3.7549 1.5363
v 0.2839 3.9401 1.5475
v 0.1949 4.3250 1.5528
v 0.0793 4.6739 1.5221
v 0.1430 4.4903 1.5417
v -0.5886 6.1167 0.9959
v -0.6822 6.2936 0.8562
v -0.7631 6.4592 0.7045
v -0.7631 6.6177 0.5530
v -0.7223 5.6164 1.2397
v -0.3522 5.0694 1.4883
v -0.5021 5.2666 1.4198
v -0.6212 5.4437 1.3345
v 0.1587 4.1433 1.5973
v -0.8299 5.7919 1.1350
v -0.1974 4.8515 1.5363
v 0.2863 3.8006 1.5652
v 0.2303 3.9647 1.5865
v 0.0837 4.3054 1.5948
v -0.0836 4.6422 1.5650
v 0.0059 4.4624 1.5829
v -0.9536 5.9636 1.0118
v -1.0645 6.1193 0.8788
v -1.1621 6.2448 0.7621
v -1.2206 6.3187 0.6914
v -0.7480 5.6149 1.2287
v -0.3751 5.0690 1.4802
v -0.5240 5.2649 1.4107
v -0.6451 5.4426 1.3240
v 0.1458 4.1429 1.5921
v -0.8595 5.7881 1.1241
v -0.2230 4.8554 1.5295
v 0.2761 3.8126 1.5638
v 0.2189 3.9683 1.5823
v 0.0681 4.3068 1.5900
v -0.1066 4.6489 1.5599
v -0.0135 4.4679 1.5785
v -0.9817 5.9564 1.0024
v -1.0913 6.1091 0.8730
v -1.1835 6.2347 0.7592
v -1.2329 6.3230 0.6821
v -0.0997 5.0868 1.4774
v -0.1527 5.0749 1.4942
v -0.2288 5.0692 1.4995
v -0.3005 5.0682 1.4961
v -0.5068 5.8849 1.1688
v -0.5756 5.8521 1.1794
v -0.6692 5.8234 1.1699
v -0.7618 5.8027 1.1529
v -0.6631 5.6238 1.2566
v -0.5764 5.6400 1.2727
v -0.4795 5.6631 1.2805
v -0.4038 5.6894 1.2697
v -0.1508 4.8471 1.5413
v -0.0899 4.8447 1.5417
v -0.0294 4.8479 1.5338
v 0.0079 4.8598 1.5167
v -0.7191 6.2493 0.9022
v -0.7983 6.2066 0.9160
v -0.8991 6.1686 0.9072
v -0.9968 6.1390 0.8912
v -0.8840 5.9789 1.0292
v -0.7875 6.0042 1.0474
v -0.6903 6.0376 1.0561
v -0.6161 6.0752 1.0423
v 0.2631 4.1363 1.5782
v 0.2487 4.1341 1.5942
v 0.2176 4.1369 1.6017
v 0.1842 4.1409 1.6016
v 0.2495 3.9620 1.5903
v 0.2734 3.9596 1.5904
v 0.2951 3.9571 1.5837
v 0.3034 3.9528 1.5693
v -0.5659 5.4484 1.3485
v -0.4867 5.4595 1.3600
v -0.3973 5.4759 1.3637
v -0.3235 5.4956 1.3516
v -0.0414 4.6363 1.5686
v 0.0130 4.6321 1.5677
v 0.0652 4.6334 1.5593
v 0.0944 4.6456 1.5432
v -0.4501 5.2685 1.4307
v -0.3763 5.2744 1.4382
v -0.2935 5.2846 1.4376
v -0.2273 5.2989 1.4234
v 0.2996 3.7954 1.5674
v 0.3146 3.7940 1.5671
v 0.3267 3.7915 1.5621
v 0.3273 3.7810 1.5511
v 0.1623 4.4617 1.5624
v 0.1378 4.4511 1.5779
v 0.0915 4.4517 1.5857
v 0.0430 4.4569 1.5865
v 0.1151 4.3016 1.5988
v 0.1566 4.2965 1.5986
v 0.1958 4.2945 1.5909
v 0.2154 4.3020 1.5750
v -0.8727 6.5144 0.6514
v -0.9673 6.4485 0.6820
v -1.0796 6.3969 0.6819
v -1.1770 6.3536 0.6800
v -1.0998 6.2702 0.7666
v -1.0006 6.3058 0.7764
v -0.8943 6.3499 0.7803
v -0.8082 6.4020 0.7598
v -0.3323 6.9928 -0.2417
v -0.4869 6.9973 -0.1952
v -0.6993 6.9330 0.0165
v -0.6114 6.9778 -0.1097
v -0.1654 6.9760 -0.2611
v -0.7676 6.8612 0.1790
v -0.3810 6.9658 -0.2887
v -0.5456 6.9626 -0.2461
v -0.7697 6.9056 -0.0434
v -0.6765 6.9406 -0.1662
v -0.1952 6.9533 -0.3062
v -0.9315 6.6602 0.5008
v -0.8429 6.8510 0.1225
v -0.4139 6.9041 -0.3282
v -0.5873 6.9036 -0.2917
v -0.8210 6.8667 -0.0933
v -0.7238 6.8888 -0.2161
v -0.2141 6.8902 -0.3406
v -1.0256 6.6438 0.4877
v -0.8916 6.8260 0.0799
v -0.4376 6.8463 -0.3567
v -0.6180 6.8495 -0.3255
v -0.8600 6.8310 -0.1316
v -0.7592 6.8417 -0.2539
v -0.2273 6.8311 -0.3646
v -1.0559 6.6471 0.4441
v -0.9308 6.8001 0.0449
v -0.7944 6.8646 0.1599
v -0.8147 6.6727 0.5010
v -0.5066 7.0026 -0.2068
v -0.6327 6.9768 -0.1238
v -0.3498 7.0057 -0.2533
v -0.7227 6.9316 -0.0006
v -0.1768 6.9930 -0.2736
v -1.1131 6.4333 0.6418
v -1.0032 6.4879 0.6398
v -0.8948 6.5472 0.6188
v -0.8202 6.6058 0.5773
v -1.2031 6.3815 0.6489
v -0.9579 6.6148 0.5650
v -1.0449 6.6057 0.5411
v -1.0634 6.6345 0.4530
v -0.8558 6.6294 0.5595
v -0.4443 6.8145 -0.3661
v -0.6273 6.8200 -0.3359
v -0.8740 6.8106 -0.1435
v -0.7707 6.8171 -0.2652
v -0.2308 6.8002 -0.3735
v -0.9473 6.7828 0.0335
v -1.6031 6.5167 0.1706
v -1.7978 6.4698 0.1782
v -2.1380 6.3008 0.1649
v -1.9654 6.4150 0.1734
v -0.8586 6.7380 0.2939
v -0.7810 6.7555 0.3359
v -0.9884 6.7000 0.2510
v -1.3831 6.5720 0.1687
v -1.1669 6.6400 0.1996
v -0.8791 6.7703 0.3140
v -0.9512 6.7539 0.2924
v -0.9967 6.7381 0.2659
v -0.8076 6.7776 0.3335
v -1.0124 6.7228 0.2564
v -0.7727 6.7632 0.3567
v 0.3143 3.7114 1.5486
v 0.3043 3.7304 1.5503
v 0.3244 3.7031 1.5488
v 0.3337 3.7001 1.5479
v 0.3376 3.6931 1.5430
v 0.3236 3.6604 1.5311
v -3.2278 3.5794 0.5473
v -3.4487 3.5753 0.0689
v -3.3191 3.5344 0.3272
v -3.6913 3.8718 -0.1315
v -3.7914 4.2657 0.3715
v -3.6488 4.2968 0.7199
v -3.8024 4.1712 0.1882
v -3.7684 4.0363 -0.0123
v -3.4115 4.1159 0.9148
v -3.5340 4.2277 0.8462
v -3.1941 3.6924 0.7318
v -3.2217 3.8345 0.8582
v -3.3013 3.9798 0.9190
v -3.5793 3.7043 -0.1122
v -3.7382 4.3094 0.5537
v -4.5502 2.4824 1.8922
v -4.8142 2.5059 1.7143
v -4.6744 2.4683 1.7887
v -5.0303 2.6867 1.7109
v -5.0132 2.9522 1.9816
v -4.7997 2.9729 2.1646
v -5.0675 2.8849 1.8739
v -5.0740 2.7920 1.7781
v -4.5590 2.8362 2.2114
v -4.6726 2.9206 2.2093
v -4.4687 2.5432 2.0029
v -4.4449 2.6336 2.1010
v -4.4782 2.7357 2.1731
v -4.9400 2.5850 1.6869
v -4.9194 2.9836 2.0841
v -1.9727 4.7417 0.2841
v -2.1813 4.5557 0.2419
v -2.4065 4.3573 0.2084
v -2.6332 4.1464 0.1895
v -2.8582 3.9116 0.1878
v -3.0868 3.7087 0.2205
v -3.0140 3.7776 0.4543
v -2.8026 3.9882 0.4302
v -2.5942 4.2108 0.4407
v -2.3830 4.4338 0.4717
v -2.1691 4.6461 0.5247
v -1.9634 4.8305 0.5998
v -2.1229 5.4393 0.9308
v -2.3201 5.2093 0.8697
v -2.5173 4.9582 0.8352
v -2.7112 4.7067 0.8123
v -2.9040 4.4587 0.8062
v -3.1000 4.2167 0.8315
v -3.2049 4.3643 0.8167
v -3.0041 4.6176 0.7799
v -2.8070 4.8789 0.7733
v -2.6105 5.1520 0.7813
v -2.4121 5.4339 0.8120
v -2.2148 5.6908 0.8791
v -2.0369 5.2100 0.9219
v -2.2404 4.9982 0.8556
v -2.4410 4.7667 0.8042
v -2.6363 4.5284 0.7709
v -2.8289 4.2898 0.7571
v -3.0244 4.0582 0.7759
v -3.3206 4.4847 0.7340
v -3.1113 4.7485 0.6820
v -2.9063 5.0251 0.6592
v -2.7030 5.3217 0.6503
v -2.4971 5.6378 0.6622
v -2.2922 5.9207 0.7131
v -2.3153 5.9924 -0.0759
v -2.5572 5.6726 -0.0662
v -2.8038 5.4049 -0.0384
v -3.0468 5.1104 0.0389
v -3.2908 4.7929 0.1223
v -3.5399 4.5223 0.2175
v -3.5367 4.4174 0.0343
v -3.2741 4.6770 -0.0675
v -3.0171 4.9793 -0.1684
v -2.7615 5.2526 -0.2515
v -2.5042 5.4949 -0.2672
v -2.2554 5.7828 -0.2800
v -2.3450 6.0895 0.1720
v -2.5760 5.7604 0.1951
v -2.8088 5.4550 0.2267
v -3.0374 5.1501 0.2708
v -3.2671 4.8433 0.3275
v -3.5015 4.5706 0.4107
v -1.9738 4.9989 0.8311
v -2.1863 4.8046 0.7417
v -2.3935 4.5842 0.6812
v -2.5945 4.3537 0.6447
v -2.7919 4.1230 0.6296
v -2.9918 3.9021 0.6479
v -2.3378 6.0640 0.4498
v -2.5554 5.7502 0.4448
v -2.7737 5.4237 0.4559
v -2.9883 5.1152 0.4826
v -3.2045 4.8281 0.5232
v -3.4252 4.5576 0.5918
v -2.0325 4.9394 -0.3183
v -2.2703 4.7246 -0.2878
v -2.5251 4.5446 -0.2504
v -2.7840 4.3362 -0.2317
v -3.0438 4.0760 -0.2123
v -3.3083 3.8628 -0.1781
v -3.1927 3.7288 -0.0179
v -2.9446 3.9335 -0.0484
v -2.7004 4.1852 -0.0555
v -2.4559 4.3944 -0.0526
v -2.2144 4.5725 -0.0584
v -1.9887 4.7683 -0.0627
v -2.1776 5.5057 -0.3990
v -2.4282 5.2525 -0.3698
v -2.6913 5.0169 -0.3543
v -2.9553 4.7743 -0.2972
v -3.2211 4.5064 -0.2081
v -3.4927 4.2644 -0.1196
v -3.4132 4.0607 -0.2060
v -3.1403 4.2881 -0.2623
v -2.8730 4.5444 -0.3174
v -2.6073 4.7608 -0.3511
v -2.3449 4.9699 -0.3949
v -2.0983 5.2074 -0.4250
v -3.8725 4.0548 0.9289
v -4.0940 3.8032 1.1982
v -4.3127 3.5381 1.4934
v -4.5237 3.2967 1.7857
v -4.7032 3.0897 2.0343
v -4.8230 3.1006 1.9449
v -4.6400 3.3080 1.6828
v -4.4247 3.5499 1.3749
v -4.2013 3.8222 1.0633
v -3.9726 4.0748 0.7782
v -3.4558 3.3682 0.7306
v -3.7034 3.1632 0.9790
v -3.9659 2.9701 1.2543
v -4.2191 2.7569 1.5288
v -4.4306 2.5753 1.7639
v -4.3513 2.6407 1.8833
v -4.1470 2.8270 1.6602
v -3.9028 3.0467 1.3991
v -3.6496 3.2673 1.1372
v -3.4119 3.4842 0.9025
v -3.7060 3.3652 0.3026
v -3.9662 3.1660 0.6159
v -4.2305 2.9919 0.9378
v -4.4826 2.7806 1.2901
v -4.6984 2.5993 1.5631
v -4.5556 2.5594 1.6489
v -4.3399 2.7386 1.3964
v -4.0819 2.9478 1.0958
v -3.8160 3.1199 0.8022
v -3.5604 3.3168 0.5330
v -4.0384 3.8092 0.2360
v -4.2929 3.5744 0.5817
v -4.5348 3.3319 0.9445
v -4.7684 3.0993 1.3277
v -4.9695 2.9008 1.6194
v -4.9222 2.7907 1.5504
v -4.7153 2.9838 1.2573
v -4.4754 3.2102 0.8590
v -4.2267 3.4372 0.4922
v -3.9658 3.6625 0.1288
v -3.8509 3.5002 0.1434
v -4.1139 3.2878 0.4979
v -4.3695 3.0887 0.8510
v -4.6159 2.8703 1.2408
v -4.8280 2.6835 1.5283
v -3.7499 3.9788 1.0396
v -3.9670 3.7301 1.2937
v -4.1849 3.4784 1.5735
v -4.3946 3.2395 1.8509
v -4.5739 3.0349 2.0866
v -3.5072 3.7441 1.0896
v -3.7282 3.5064 1.3221
v -3.9621 3.2682 1.5811
v -4.1825 3.0379 1.8386
v -4.3707 2.8419 2.0580
v -4.4563 2.9465 2.0937
v -4.2740 3.1470 1.8682
v -4.0614 3.3820 1.6030
v -3.8369 3.6254 1.3358
v -3.6201 3.8702 1.0947
v -4.3322 2.7359 1.9857
v -4.1364 2.9273 1.7676
v -3.9033 3.1526 1.5119
v -3.6607 3.3843 1.2551
v -3.4323 3.6123 1.0252
v -4.0624 3.9416 0.4261
v -4.3086 3.6973 0.7391
v -4.5441 3.4376 1.0851
v -4.7716 3.2004 1.4352
v -4.9665 2.9976 1.7197
v -4.9151 3.0677 1.8342
v -4.7266 3.2735 1.5599
v -4.5053 3.5139 1.2364
v -4.2760 3.7846 0.9068
v -4.0386 4.0351 0.6071
v 0.8659 6.6129 0.5116
v 0.9456 6.6032 0.5090
v 0.9923 6.6043 0.4889
v 0.8029 6.6157 0.5146
v 0.5800 5.6334 1.2905
v 0.1847 5.0880 1.6498
v 0.3218 5.2779 1.5318
v 0.4501 5.4570 1.4124
v -0.3982 4.1453 1.7680
v 0.7111 5.8084 1.1540
v 0.0456 4.8867 1.7343
v -0.6077 3.8102 1.6440
v -0.5125 3.9668 1.6982
v -0.2841 4.3264 1.8052
v -0.0764 4.6883 1.7867
v -0.1772 4.5042 1.8094
v 0.8468 5.9750 1.0002
v 0.9803 6.1235 0.8541
v 1.0916 6.2472 0.7349
v 1.1508 6.3414 0.6506
v 1.0656 6.4651 0.5810
v 0.9540 6.5179 0.5670
v 0.8480 6.5661 0.5491
v 0.7920 6.6008 0.5281
v 1.1392 6.4092 0.6036
v -0.6626 3.7257 1.5895
v 1.2238 1.7626 -0.5805
v 1.4889 0.5383 -0.9628
v 1.3940 0.8001 -0.8138
v 1.3303 1.3090 -0.7388
v -1.2436 1.7631 -0.5720
v -1.4717 0.5384 -0.9636
v -1.3883 0.8004 -0.8160
v -1.3360 1.3088 -0.7310
v -1.1480 2.1861 -0.4603
v -1.1652 1.7657 -0.5660
v -1.2950 1.2970 -0.7076
v -1.4082 0.5707 -0.8601
v -1.3982 0.8115 -0.8603
v -1.2252 1.7657 -0.5646
v -1.4458 0.5612 -0.9080
v -1.3717 0.8177 -0.8084
v -1.2820 1.2971 -0.6962
v 1.1417 2.1856 -0.4782
v 1.1767 1.7653 -0.5869
v 1.2994 1.2972 -0.7082
v 1.4124 0.5706 -0.8600
v 1.4356 0.8113 -0.8680
v 1.2160 1.7653 -0.5747
v 1.4865 0.5611 -0.9173
v 1.3786 0.8175 -0.8083
v 1.3058 1.2972 -0.7219
v 1.5346 0.5559 -0.5896
v 1.6921 0.5374 -0.2496
v 1.3671 0.5793 -0.7769
v 1.7561 0.5507 0.1710
v 1.7657 0.5474 0.5896
v 1.5429 0.5459 0.9947
v 1.1009 0.5457 1.3238
v -0.3808 0.5343 1.6285
v -0.0907 0.5345 1.6657
v 0.6850 0.5437 1.5428
v 0.2749 0.5388 1.6478
v -0.5882 0.5368 1.5776
v -0.6979 0.5513 1.5440
v -1.5300 0.5567 -0.5987
v -1.6882 0.5377 -0.2765
v -1.3669 0.5795 -0.7792
v -1.8172 0.5501 0.1176
v -1.8257 0.5482 0.5056
v -1.5944 0.5465 0.9247
v -1.1970 0.5390 1.2245
v -0.0805 0.5349 1.5908
v -0.3068 0.5346 1.5586
v -0.8135 0.5371 1.3731
v -0.5335 0.5379 1.4907
v 0.1079 0.5378 1.6027
v 0.2066 0.5510 1.6033
v -1.3450 0.6018 -0.7854
v 1.3409 0.6017 -0.7852
v 1.2746 0.5710 -1.0484
v 1.0032 0.5812 -1.1380
v 0.7386 0.5911 -1.1821
v 0.4840 0.5995 -1.1967
v 0.0022 0.6070 -1.2003
v 0.2397 0.6050 -1.1997
v -1.2672 0.5710 -1.0489
v -0.9983 0.5812 -1.1382
v -0.7347 0.5911 -1.1824
v -0.4801 0.5995 -1.1994
v -0.2355 0.6050 -1.2018
v 1.4889 0.5612 -0.9279
v -1.4717 0.5613 -0.9287
v -1.4458 0.5841 -0.8731
v 1.4865 0.5840 -0.8824
v -4.5416 2.5378 1.8928
v -4.7748 2.5585 1.7357
v -4.6514 2.5253 1.8014
v -4.9658 2.7183 1.7326
v -4.9507 2.9529 1.9718
v -4.7620 2.9712 2.1335
v -4.9986 2.8935 1.8766
v -5.0044 2.8114 1.7920
v -4.5494 2.8505 2.1748
v -4.6498 2.9250 2.1730
v -4.4695 2.5915 1.9907
v -4.4485 2.6714 2.0774
v -4.4779 2.7616 2.1410
v -4.8860 2.6285 1.7114
v -4.8678 2.9806 2.0624
v 4.5906 2.5240 1.8556
v 4.8271 2.5449 1.6969
v 4.7019 2.5111 1.7632
v 5.0205 2.7068 1.6940
v 5.0046 2.9442 1.9356
v 4.8136 2.9627 2.0992
v 5.0534 2.8841 1.8394
v 5.0594 2.8010 1.7539
v 4.5984 2.8405 2.1410
v 4.7000 2.9159 2.1391
v 4.5176 2.5785 1.9546
v 4.4963 2.6593 2.0423
v 4.5261 2.7506 2.1068
v 4.9397 2.6159 1.6725
v 4.9206 2.9723 2.0272
v -0.7007 2.3700 1.4170
v -0.6991 2.9536 1.4653
v -0.7106 3.5489 1.4849
v -0.7053 1.7960 1.4188
v -0.7234 1.1790 1.4408
v -0.7286 0.5177 1.5668
v -0.7416 0.6662 1.5278
v -0.7491 3.6507 1.5148
v -0.6979 0.5513 1.5257
v -0.6924 2.3700 1.4173
v -0.6908 2.9536 1.4656
v -0.7024 3.5489 1.4855
v -0.6970 1.7960 1.4189
v -0.7152 1.1790 1.4409
v -0.7203 0.5177 1.5670
v -0.7334 0.6662 1.5281
v -0.7408 3.6507 1.5164
v -0.6896 0.5513 1.5258
v 0.0044 6.2946 0.9657
v 0.0047 6.2503 0.9915
v 0.0809 6.2474 0.9651
v 0.0803 6.2922 0.9377
v 0.0026 6.2106 1.0100
v 0.0774 6.2073 0.9864
v 0.0041 6.3395 0.9358
v 0.0046 6.3790 0.9134
v 0.0802 6.3370 0.9051
v 0.0813 6.3765 0.8876
v -0.0928 6.3406 0.9457
v -0.0933 6.2955 0.9705
v -0.0925 6.3805 0.9256
v -0.0938 6.2510 0.9917
v -0.0944 6.2111 1.0083
v -0.1925 6.2947 0.9718
v -0.1913 6.3395 0.9461
v -0.1910 6.3790 0.9245
v -0.2695 6.3371 0.9193
v -0.2710 6.2924 0.9457
v -0.2691 6.3766 0.9040
v -0.1937 6.2504 0.9914
v -0.1924 6.2107 1.0076
v -0.2728 6.2478 0.9668
v -0.2702 6.2078 0.9852
v 0.0027 6.4328 0.8932
v 0.0044 6.4101 0.9009
v 0.0803 6.4081 0.8768
v 0.0764 6.4306 0.8697
v 0.0011 6.4474 0.8857
v 0.0009 6.4560 0.8772
v 0.0712 6.4444 0.8643
v 0.0635 6.4521 0.8607
v -0.0929 6.4500 0.8973
v -0.0926 6.4348 0.9062
v -0.0932 6.4593 0.8866
v -0.0924 6.4121 0.9140
v -0.1882 6.4329 0.9040
v -0.1867 6.4474 0.8962
v -0.1868 6.4561 0.8875
v -0.2570 6.4446 0.8813
v -0.2624 6.4307 0.8869
v -0.2493 6.4523 0.8771
v -0.1902 6.4102 0.9119
v -0.2669 6.4082 0.8940
v -0.0542 6.0433 1.0224
v -0.0970 6.0428 1.0265
v -0.0563 6.0395 1.0210
v -0.0970 6.0391 1.0250
v -0.0223 6.0445 1.0091
v -0.0258 6.0406 1.0084
v -0.1401 6.0433 1.0246
v -0.1381 6.0394 1.0231
v -0.1730 6.0445 1.0124
v -0.1694 6.0405 1.0117
v -0.0145 6.1433 1.0288
v -0.0040 6.1754 1.0221
v -0.0950 6.1756 1.0226
v -0.0957 6.1433 1.0312
v -0.0265 6.1143 1.0293
v -0.0367 6.0893 1.0263
v -0.0963 6.1140 1.0330
v -0.0967 6.0889 1.0302
v 0.0276 6.1139 1.0130
v 0.0487 6.1415 1.0121
v 0.0093 6.0898 1.0109
v 0.0667 6.1725 1.0050
v -0.1777 6.1433 1.0291
v -0.1668 6.1142 1.0309
v -0.1572 6.0892 1.0288
v -0.2429 6.1418 1.0106
v -0.2224 6.1140 1.0139
v -0.2046 6.0898 1.0136
v -0.1870 6.1754 1.0209
v -0.2602 6.1729 1.0024
v -0.0479 6.0559 1.0246
v -0.0435 6.0695 1.0246
v -0.0969 6.0691 1.0287
v -0.0969 6.0555 1.0286
v -0.0514 6.0480 1.0238
v -0.0970 6.0475 1.0279
v -0.0174 6.0492 1.0100
v -0.0111 6.0570 1.0106
v -0.0030 6.0704 1.0108
v -0.1463 6.0559 1.0270
v -0.1429 6.0479 1.0261
v -0.1842 6.0570 1.0140
v -0.1779 6.0492 1.0133
v -0.1507 6.0694 1.0272
v -0.1923 6.0703 1.0143
v -0.0048 6.4638 0.8514
v 0.0067 6.4613 0.8629
v 0.0750 6.4531 0.8494
v 0.0686 6.4539 0.8382
v 0.0040 6.4637 0.8375
v 0.0091 6.4632 0.8259
v 0.0803 6.4534 0.8241
v 0.0866 6.4525 0.8115
v -0.0944 6.4660 0.8477
v -0.0940 6.4658 0.8607
v -0.0946 6.4658 0.8379
v -0.0936 6.4638 0.8740
v -0.1826 6.4639 0.8612
v -0.1920 6.4638 0.8482
v -0.1976 6.4633 0.8373
v -0.2675 6.4536 0.8420
v -0.2554 6.4540 0.8552
v -0.2742 6.4527 0.8298
v -0.1933 6.4614 0.8739
v -0.2612 6.4533 0.8668
v 0.1117 6.4293 0.8401
v 0.1189 6.4285 0.8245
v 0.1071 6.4435 0.8218
v 0.1015 6.4439 0.8366
v 0.1217 6.4273 0.8117
v 0.1090 6.4425 0.8096
v 0.0906 6.4441 0.8509
v 0.0986 6.4300 0.8554
v 0.1034 6.4076 0.8620
v 0.1169 6.4070 0.8462
v 0.1048 6.3755 0.8726
v 0.1184 6.3745 0.8571
v 0.1244 6.4061 0.8306
v 0.1276 6.4046 0.8181
v 0.1260 6.3734 0.8419
v 0.1293 6.3722 0.8297
v -0.2985 6.4295 0.8594
v -0.3045 6.4071 0.8654
v -0.2905 6.4077 0.8807
v -0.2850 6.4301 0.8741
v -0.3074 6.3746 0.8755
v -0.2932 6.3756 0.8905
v -0.2767 6.4443 0.8693
v -0.2880 6.4441 0.8556
v -0.2942 6.4437 0.8411
v -0.3063 6.4287 0.8441
v -0.2966 6.4427 0.8291
v -0.3096 6.4275 0.8315
v -0.3126 6.4062 0.8501
v -0.3155 6.3736 0.8605
v -0.3161 6.4048 0.8377
v -0.3192 6.3723 0.8483
v 0.1177 6.2896 0.8960
v 0.1038 6.2908 0.9158
v 0.1041 6.2457 0.9437
v 0.1177 6.2444 0.9235
v 0.1001 6.2054 0.9668
v 0.1133 6.2040 0.9474
v 0.1252 6.2433 0.9057
v 0.1255 6.2886 0.8790
v 0.1283 6.2429 0.8920
v 0.1289 6.2878 0.8665
v 0.1204 6.2031 0.9299
v 0.1230 6.2029 0.9161
v 0.1255 6.3337 0.8575
v 0.1177 6.3347 0.8725
v 0.1290 6.3326 0.8454
v 0.1038 6.3358 0.8893
v -0.3102 6.2899 0.9066
v -0.3084 6.3348 0.8889
v -0.3168 6.3338 0.8741
v -0.3186 6.2888 0.8902
v -0.3207 6.3327 0.8621
v -0.3225 6.2880 0.8782
v -0.3200 6.2438 0.9091
v -0.3118 6.2449 0.9262
v -0.3164 6.2038 0.9288
v -0.3085 6.2047 0.9460
v -0.3235 6.2434 0.8960
v -0.3194 6.2036 0.9154
v -0.2973 6.2462 0.9458
v -0.2955 6.2911 0.9254
v -0.2943 6.2060 0.9654
v -0.2938 6.3359 0.9051
v -0.0090 6.0459 0.9849
v -0.0134 6.0453 0.9978
v -0.0171 6.0413 0.9979
v -0.0126 6.0418 0.9860
v -0.0076 6.0466 0.9717
v -0.0075 6.0470 0.9614
v -0.0108 6.0423 0.9742
v -0.0101 6.0424 0.9655
v -0.1869 6.0459 0.9890
v -0.1885 6.0465 0.9760
v -0.1887 6.0469 0.9657
v -0.1852 6.0422 0.9786
v -0.1832 6.0418 0.9902
v -0.1859 6.0423 0.9699
v -0.1823 6.0452 1.0015
v -0.1784 6.0412 1.0016
v 0.0040 6.0585 0.9844
v 0.0053 6.0592 0.9699
v 0.0164 6.0724 0.9715
v 0.0143 6.0716 0.9853
v 0.0332 6.0912 0.9742
v 0.0299 6.0906 0.9871
v 0.0053 6.0601 0.9582
v 0.0169 6.0733 0.9603
v 0.0345 6.0920 0.9636
v 0.0084 6.0709 0.9989
v -0.0009 6.0577 0.9986
v 0.0226 6.0901 0.9999
v -0.0080 6.0500 0.9981
v -0.0035 6.0507 0.9844
v -0.0022 6.0514 0.9701
v -0.0024 6.0521 0.9587
v -0.2002 6.0584 0.9879
v -0.1926 6.0506 0.9883
v -0.1878 6.0499 1.0018
v -0.1949 6.0576 1.0021
v -0.2044 6.0708 1.0020
v -0.2107 6.0715 0.9881
v -0.2186 6.0901 1.0017
v -0.2264 6.0906 0.9885
v -0.2130 6.0723 0.9740
v -0.2018 6.0591 0.9734
v -0.2136 6.0733 0.9623
v -0.2017 6.0600 0.9615
v -0.2300 6.0912 0.9748
v -0.2314 6.0920 0.9633
v -0.1940 6.0513 0.9741
v -0.1939 6.0520 0.9626
v 0.0783 6.1398 0.9816
v 0.0839 6.1395 0.9648
v 0.1067 6.1689 0.9501
v 0.1001 6.1696 0.9676
v 0.0859 6.1397 0.9514
v 0.1089 6.1689 0.9361
v 0.0878 6.1708 0.9863
v 0.0675 6.1404 0.9994
v 0.0435 6.1136 1.0023
v 0.0525 6.1136 0.9887
v 0.0570 6.1138 0.9739
v 0.0587 6.1144 0.9623
v -0.2746 6.1402 0.9778
v -0.2489 6.1138 0.9875
v -0.2393 6.1137 1.0021
v -0.2629 6.1408 0.9968
v -0.2828 6.1713 0.9830
v -0.2961 6.1702 0.9639
v -0.3033 6.1696 0.9466
v -0.2807 6.1400 0.9607
v -0.3060 6.1696 0.9329
v -0.2830 6.1402 0.9475
v -0.2538 6.1140 0.9720
v -0.2557 6.1145 0.9598
v -0.2096 5.9775 1.0164
v -0.2192 5.9785 0.9743
v -0.2158 5.9784 1.0017
v -0.2184 5.9788 0.9866
v 0.0219 5.9788 0.9760
v 0.0210 5.9791 0.9872
v 0.0185 5.9788 1.0018
v 0.0125 5.9780 1.0162
v -0.1974 5.9762 1.0280
v -0.1542 5.9736 1.0376
v 0.0009 5.9766 1.0283
v -0.0973 5.9733 1.0372
v -0.0410 5.9738 1.0375
v -0.0491 6.0027 1.0285
v -0.0971 6.0024 1.0314
v -0.0135 6.0044 1.0160
v -0.1456 6.0026 1.0298
v -0.1823 6.0042 1.0176
v -0.0036 6.0053 1.0047
v 0.0016 6.0059 0.9921
v 0.0039 6.0062 0.9796
v 0.0050 6.0058 0.9698
v -0.2005 6.0060 0.9813
v -0.1981 6.0058 0.9940
v -0.2016 6.0057 0.9711
v -0.1927 6.0051 1.0065
v -0.1807 6.0249 1.0033
v -0.1899 6.0254 0.9724
v -0.1858 6.0254 0.9922
v -0.1884 6.0257 0.9813
v -0.0063 6.0254 0.9692
v -0.0077 6.0258 0.9779
v -0.0101 6.0256 0.9890
v -0.0150 6.0251 1.0004
v -0.1714 6.0242 1.0133
v -0.1394 6.0229 1.0243
v -0.0238 6.0243 1.0107
v -0.0971 6.0226 1.0259
v -0.0551 6.0230 1.0225
v -0.0569 6.0342 1.0209
v -0.1376 6.0342 1.0229
v -0.0116 6.0368 0.9764
v -0.0268 6.0354 1.0089
v -0.1773 6.0360 1.0023
v -0.1855 6.0366 0.9719
v -0.0183 6.0360 0.9988
v -0.0971 6.0338 1.0245
v -0.0106 6.0367 0.9677
v -0.1821 6.0364 0.9914
v -0.1684 6.0353 1.0119
v -0.1843 6.0367 0.9806
v -0.0137 6.0365 0.9875
v -0.2277 5.9430 1.0378
v -0.2392 5.9449 0.9907
v -0.2351 5.9444 1.0221
v -0.2382 5.9451 1.0047
v 0.0416 5.9456 0.9966
v 0.0403 5.9458 1.0100
v 0.0371 5.9450 1.0258
v 0.0299 5.9437 1.0404
v -0.2135 5.9413 1.0493
v -0.1634 5.9370 1.0490
v 0.0162 5.9420 1.0516
v -0.0976 5.9360 1.0428
v -0.0324 5.9374 1.0509
v -0.2474 5.9021 1.0783
v -0.2603 5.9052 1.0292
v -0.2559 5.9038 1.0626
v -0.2593 5.9050 1.0443
v 0.0628 5.9043 1.0353
v 0.0614 5.9037 1.0495
v 0.0576 5.9022 1.0660
v 0.0492 5.9003 1.0809
v -0.2311 5.8991 1.0824
v -0.1735 5.8945 1.0724
v 0.0334 5.8974 1.0850
v -0.0977 5.8926 1.0577
v -0.0226 5.8940 1.0752
v -0.2667 5.8518 1.1206
v -0.2802 5.8568 1.0768
v -0.2761 5.8544 1.1111
v -0.2796 5.8560 1.0926
v 0.0838 5.8517 1.0814
v 0.0824 5.8510 1.0965
v 0.0782 5.8495 1.1142
v 0.0687 5.8469 1.1236
v -0.2483 5.8498 1.1246
v -0.1831 5.8483 1.1099
v 0.0508 5.8447 1.1279
v -0.0973 5.8504 1.0937
v -0.0125 5.8443 1.1147
v -0.2820 5.7962 1.1515
v -0.2963 5.8006 1.1070
v -0.2921 5.7979 1.1395
v -0.2958 5.7998 1.1243
v 0.1015 5.7928 1.1125
v 0.1000 5.7925 1.1284
v 0.0954 5.7911 1.1429
v 0.0850 5.7895 1.1542
v -0.2618 5.7954 1.1570
v -0.1904 5.7975 1.1408
v 0.0653 5.7887 1.1599
v -0.0966 5.8133 1.1316
v -0.0039 5.7917 1.1485
v -0.2925 5.7416 1.1860
v -0.3081 5.7395 1.1334
v -0.3034 5.7400 1.1715
v -0.3074 5.7395 1.1521
v 0.1156 5.7305 1.1346
v 0.1137 5.7310 1.1510
v 0.1087 5.7321 1.1688
v 0.0975 5.7344 1.1831
v -0.2709 5.7452 1.1936
v -0.1949 5.7545 1.1778
v 0.0766 5.7390 1.1925
v -0.0953 5.7498 1.1467
v 0.0031 5.7488 1.1832
v -0.3016 5.6854 1.2118
v -0.3186 5.6774 1.1570
v -0.3132 5.6816 1.1961
v -0.3176 5.6791 1.1767
v 0.1287 5.6681 1.1569
v 0.1263 5.6706 1.1756
v 0.1208 5.6740 1.1954
v 0.1089 5.6797 1.2122
v -0.2786 5.6921 1.2214
v -0.1985 5.7097 1.2079
v 0.0865 5.6874 1.2213
v -0.0939 5.7006 1.1749
v 0.0093 5.7045 1.2103
v -0.3123 5.6211 1.2408
v -0.3303 5.6098 1.1796
v -0.3246 5.6160 1.2235
v -0.3292 5.6122 1.2014
v 0.1432 5.6027 1.1885
v 0.1405 5.6062 1.2093
v 0.1346 5.6116 1.2341
v 0.1218 5.6180 1.2547
v -0.2879 5.6274 1.2487
v -0.2032 5.6472 1.2337
v 0.0978 5.6248 1.2589
v -0.0930 5.6473 1.2046
v 0.0155 5.6434 1.2366
v -0.3249 5.5572 1.2797
v -0.3433 5.5396 1.2151
v -0.3377 5.5505 1.2625
v -0.3424 5.5442 1.2391
v 0.1589 5.5359 1.2223
v 0.1561 5.5421 1.2480
v 0.1497 5.5499 1.2797
v 0.1359 5.5577 1.2966
v -0.2991 5.5639 1.2831
v -0.2097 5.5759 1.2649
v 0.1099 5.5645 1.3013
v -0.0934 5.5847 1.2362
v 0.0214 5.5739 1.2662
v -0.3363 5.4917 1.3115
v -0.3547 5.4699 1.2463
v -0.3494 5.4841 1.2967
v -0.3540 5.4764 1.2721
v 0.1722 5.4685 1.2410
v 0.1692 5.4756 1.2683
v 0.1623 5.4848 1.3028
v 0.1475 5.4944 1.3251
v -0.3097 5.4988 1.3172
v -0.2168 5.5100 1.2947
v 0.1199 5.5023 1.3326
v -0.0957 5.5195 1.2687
v 0.0258 5.5105 1.2940
v -0.3447 5.4244 1.3370
v -0.3624 5.4008 1.2548
v -0.3575 5.4159 1.3157
v -0.3618 5.4076 1.2858
v 0.1800 5.3995 1.2403
v 0.1767 5.4066 1.2716
v 0.1695 5.4163 1.3104
v 0.1544 5.4262 1.3364
v -0.3181 5.4322 1.3472
v -0.2238 5.4425 1.3330
v 0.1259 5.4347 1.3469
v -0.0989 5.4492 1.3130
v 0.0281 5.4440 1.3171
v -0.3523 5.3575 1.3518
v -0.3678 5.3317 1.2547
v -0.3642 5.3479 1.3233
v -0.3676 5.3389 1.2872
v 0.1829 5.3307 1.2427
v 0.1795 5.3379 1.2763
v 0.1727 5.3479 1.3182
v 0.1580 5.3592 1.3523
v -0.3264 5.3663 1.3681
v -0.2309 5.3760 1.3685
v 0.1296 5.3685 1.3677
v -0.1020 5.3787 1.3605
v 0.0295 5.3771 1.3526
v -0.3628 5.2895 1.3593
v -0.3749 5.2624 1.2551
v -0.3737 5.2794 1.3269
v -0.3757 5.2697 1.2889
v 0.1834 5.2617 1.2445
v 0.1805 5.2692 1.2809
v 0.1748 5.2809 1.3328
v 0.1611 5.2937 1.3714
v -0.3357 5.2985 1.3829
v -0.2356 5.3092 1.3934
v 0.1330 5.3046 1.3916
v -0.1020 5.3092 1.4006
v 0.0311 5.3117 1.3764
v -0.3752 5.2196 1.3714
v -0.3847 5.1910 1.2571
v -0.3857 5.2079 1.3319
v -0.3867 5.1980 1.2921
v 0.1837 5.1906 1.2501
v 0.1818 5.1980 1.2885
v 0.1774 5.2104 1.3435
v 0.1646 5.2261 1.3924
v -0.3473 5.2309 1.4015
v -0.2417 5.2433 1.4221
v 0.1419 5.2396 1.4209
v -0.1028 5.2385 1.4268
v 0.0379 5.2471 1.4041
v -0.3867 5.1462 1.3815
v -0.3947 5.1173 1.2623
v -0.3969 5.1337 1.3409
v -0.3973 5.1236 1.2984
v 0.1847 5.1172 1.2594
v 0.1837 5.1239 1.2988
v 0.1800 5.1357 1.3500
v 0.1809 5.1502 1.3949
v -0.3582 5.1587 1.4143
v -0.2495 5.1721 1.4297
v 0.1662 5.1641 1.4274
v -0.1065 5.1631 1.4227
v 0.0597 5.1753 1.4133
v 0.5507 6.4332 0.5934
v 0.6382 6.3310 0.6610
v 0.7934 6.4803 0.4000
v 0.6917 6.5117 0.3909
v 0.3396 6.3345 0.7364
v 0.3989 6.2173 0.7979
v 0.1364 6.2412 0.8454
v 0.1458 6.1297 0.8810
v 0.8795 6.0756 0.8025
v 0.9367 6.2039 0.6208
v 0.9612 5.8305 0.9552
v -0.0849 5.8887 1.0063
v -0.0702 5.6435 1.1197
v -0.0664 5.3485 1.3220
v 0.1568 5.9290 1.0106
v 0.5381 6.0062 0.9656
v 0.1672 5.6662 1.1725
v 0.6058 5.7238 1.1266
v 0.2093 5.3735 1.2864
v 0.6086 5.4263 1.2696
v 0.1300 6.2924 0.9094
v 0.3200 6.3865 0.7894
v 0.5199 6.4748 0.6473
v 0.6716 6.5433 0.4614
v 0.9103 6.1519 0.6906
v 0.6349 6.4688 0.4809
v 0.7127 6.4152 0.4872
v 0.6088 6.5107 0.5592
v 0.5592 6.2731 0.7605
v 0.4508 6.3895 0.6844
v 0.8160 5.7532 1.0635
v 0.7857 6.0398 0.8871
v 0.7579 5.4511 1.2428
v 0.4273 6.4371 0.7352
v 0.3045 5.9687 0.9707
v 0.2642 6.1737 0.8403
v 0.4020 5.3992 1.2845
v 0.3295 5.6930 1.1709
v 0.2386 6.2852 0.7961
v 0.2273 6.3411 0.8568
v 0.0350 5.8997 1.0251
v 0.0498 5.6529 1.1571
v 0.0630 5.3552 1.2918
v 0.0290 6.1997 0.8846
v 0.0288 6.0918 0.9154
v -0.0918 6.1826 0.9074
v -0.0906 6.0738 0.9383
v -0.6401 6.4203 0.5801
v -0.6976 6.3327 0.6338
v -0.8745 6.4985 0.4360
v -0.7820 6.5299 0.4143
v -0.4987 6.3387 0.7463
v -0.5518 6.2371 0.8049
v -0.3303 6.2425 0.8717
v -0.3473 6.1442 0.8873
v -0.8230 6.0805 0.8730
v -0.9474 6.2033 0.6572
v -0.9571 5.8400 1.0005
v -0.3590 5.9428 0.9813
v -0.6164 5.9975 0.9361
v -0.3775 5.6716 1.1556
v -0.6606 5.7320 1.1062
v -0.3570 5.3784 1.2718
v -0.6180 5.4235 1.2276
v -0.3233 6.2946 0.9347
v -0.4849 6.3895 0.8014
v -0.6227 6.4671 0.6386
v -0.7637 6.5591 0.4787
v -0.8904 6.1381 0.7600
v -0.7146 6.4744 0.4960
v -0.7864 6.4092 0.5364
v -0.6966 6.5117 0.5581
v -0.6290 6.2802 0.7265
v -0.5683 6.3769 0.6648
v -0.8011 5.7808 1.0597
v -0.7332 6.0315 0.9370
v -0.7399 5.4511 1.2103
v -0.5525 6.4266 0.7198
v -0.4856 5.9680 0.9510
v -0.4577 6.1912 0.8524
v -0.4932 5.3991 1.2489
v -0.5235 5.6953 1.1353
v -0.4230 6.2938 0.8181
v -0.4129 6.3448 0.8757
v -0.2242 5.9167 0.9934
v -0.2187 5.6597 1.1423
v -0.2106 5.3616 1.3030
v -0.2131 6.2001 0.8985
v -0.2211 6.1064 0.9080
v -0.7892 5.6028 1.1302
v -0.2104 5.5102 1.1956
v 0.3643 5.5461 1.2283
v -0.5105 5.5490 1.1917
v 0.0577 5.5021 1.2078
v 0.7873 5.6021 1.1545
v -0.6481 5.5744 1.1625
v -0.3646 5.5277 1.2100
v -0.0665 5.4957 1.1833
v 0.1886 5.5198 1.2227
v 0.6055 5.5750 1.1989
v -0.7706 5.9108 0.9795
v 0.3104 5.8298 1.0810
v -0.2221 5.7838 1.0826
v 0.0418 5.7730 1.1087
v -0.5076 5.8333 1.0492
v 0.7883 5.8965 0.9562
v 0.9226 5.9531 0.8825
v -0.6354 5.8689 1.0122
v -0.3714 5.8059 1.0832
v -0.9179 5.9575 0.9177
v -0.0779 5.7662 1.0709
v 0.5588 5.8649 1.0246
v 0.1585 5.7963 1.1124
v -0.6922 6.1601 0.8752
v -0.5939 6.1190 0.8911
v -0.3548 6.0423 0.9401
v 0.2902 6.0711 0.9169
v -0.2243 6.0141 0.9530
v 0.0323 5.9978 0.9725
v -0.4777 6.0803 0.9085
v 0.7445 6.1962 0.7306
v 0.8599 6.3422 0.5143
v 0.1542 6.0297 0.9520
v 0.4833 6.1106 0.9248
v 0.6837 6.1494 0.8505
v -0.0900 5.9845 0.9756
v 0.7975 6.2849 0.6005
v -0.8958 6.3495 0.5612
v -0.8324 6.2712 0.6704
v -0.7693 6.2058 0.7970
v 0.2323 6.7568 -0.2665
v 0.8405 6.6077 0.2963
v 0.6954 6.3833 0.6362
v 0.8240 6.4894 0.4472
v 0.7921 6.5293 0.4477
v 0.4596 6.7109 -0.2257
v 0.2404 6.7067 -0.2686
v 0.6536 6.4311 0.6344
v 0.4443 6.7583 -0.2240
v 0.8625 6.5669 0.2946
v 0.8280 6.6392 0.1426
v 0.7296 6.6148 0.4532
v 0.7824 6.6989 0.3036
v 0.6269 6.7130 -0.1320
v 0.7462 6.6897 -0.0028
v 0.1347 6.2313 1.0059
v 0.5946 6.5341 0.6207
v 0.5124 6.2724 0.8631
v 0.5680 6.8691 -0.1330
v 0.3533 6.1759 0.9971
v 0.3167 6.2297 0.9690
v 0.6846 6.8453 -0.0013
v 0.5241 6.6849 0.6298
v 0.6680 6.7562 0.4788
v 0.2174 6.8838 -0.2557
v 0.2548 6.3463 0.9117
v 0.1822 7.0851 -0.2187
v 0.4087 6.4376 0.8175
v 0.4145 6.8740 -0.2171
v 0.3572 7.0626 -0.1783
v 0.6828 6.9502 0.1632
v 0.7616 6.7846 0.1516
v 0.6900 6.7022 0.4709
v 0.7089 6.8576 0.3259
v 0.7341 6.7971 0.3192
v 0.5006 7.0347 -0.1058
v 0.6075 7.0084 0.0099
v 0.0469 6.3861 0.9250
v 0.5560 6.6302 0.6273
v 0.3195 6.6193 0.7766
v 0.5304 6.9760 -0.1227
v 0.1161 6.5370 0.8674
v 0.3694 6.5525 0.7876
v 0.3826 6.9932 -0.1985
v -0.0550 6.4919 0.8822
v 0.7271 6.7376 -0.0031
v 0.1890 7.0604 -0.2246
v 0.2067 6.9520 -0.2483
v 0.2261 6.8154 -0.2616
v 0.7126 6.8907 0.1590
v 0.6401 6.9523 0.0019
v 0.2274 6.4057 0.9036
v 0.1485 6.5098 0.8753
v 0.1972 7.0137 -0.2370
v 0.2851 6.2834 0.9369
v 0.3919 6.4982 0.7974
v 0.3452 6.5971 0.7865
v 0.4330 6.3785 0.8336
v 0.6222 6.9899 0.0087
v 0.6622 6.8993 -0.0026
v 0.5493 6.9238 -0.1301
v 0.5139 7.0154 -0.1107
v 0.7066 6.7896 -0.0016
v 0.5877 6.8129 -0.1329
v 0.7200 6.8351 0.3260
v 0.6784 6.7360 0.4786
v 0.7060 6.6568 0.4599
v 0.7553 6.7462 0.3096
v 0.7596 6.5719 0.4486
v 0.8125 6.6521 0.2989
v 0.5728 6.5818 0.6230
v 0.5395 6.6654 0.6319
v 0.6223 6.4826 0.6249
v 0.6959 6.9297 0.1641
v 0.7359 6.8366 0.1530
v 0.7869 6.7329 0.1486
v 0.3984 6.9353 -0.2100
v 0.3688 7.0384 -0.1846
v 0.4303 6.8126 -0.2215
v 0.1963 6.1151 1.0454
v 0.1680 6.1637 1.0273
v 0.1901 6.4588 0.8856
v -0.0079 6.4664 0.8883
v 0.0970 6.3154 0.9669
v 0.2195 6.0624 1.0659
v 0.4683 6.3277 0.8465
v 0.8095 6.6846 0.1450
v 0.6072 6.7607 -0.1324
v 0.1112 6.7554 -0.2743
v 0.1151 6.7047 -0.2762
v 0.1063 6.8855 -0.2654
v 0.0852 7.0886 -0.2240
v 0.0889 7.0642 -0.2310
v 0.0984 6.9556 -0.2558
v 0.1105 6.8151 -0.2701
v 0.0933 7.0179 -0.2440
v -0.0179 6.7549 -0.2785
v -0.0179 6.7041 -0.2802
v -0.0179 6.8872 -0.2659
v -0.0179 7.0894 -0.2261
v -0.0179 6.8162 -0.2736
v 0.3556 6.7095 -0.2533
v 0.2725 7.0772 -0.2029
v 0.2932 7.0058 -0.2216
v 0.3435 6.7584 -0.2507
v 0.3063 6.9454 -0.2331
v 0.3330 6.8151 -0.2465
v 0.2820 7.0524 -0.2087
v 0.3203 6.8803 -0.2409
v 0.5510 6.7128 -0.1848
v 0.4625 6.9835 -0.1663
v 0.4343 7.0470 -0.1464
v 0.4975 6.8717 -0.1805
v 0.4471 7.0255 -0.1525
v 0.5333 6.7602 -0.1845
v 0.4802 6.9289 -0.1765
v 0.5158 6.8133 -0.1828
v 0.6705 6.7544 -0.0717
v 0.6296 6.8622 -0.0720
v 0.5890 6.9675 -0.0651
v 0.5577 7.0233 -0.0536
v 0.6093 6.9158 -0.0705
v 0.5717 7.0051 -0.0562
v 0.6504 6.8065 -0.0726
v 0.6906 6.7064 -0.0708
v 0.6848 6.9235 0.0782
v 0.6511 6.9834 0.0830
v 0.7312 6.8169 0.0737
v 0.7732 6.7149 0.0701
v 0.6661 6.9631 0.0834
v 0.7087 6.8684 0.0734
v 0.7912 6.6686 0.0691
v 0.7532 6.7644 0.0725
v 0.8336 6.6474 0.2202
v 0.8535 6.6041 0.2179
v 0.7014 6.9087 0.2454
v 0.7294 6.8472 0.2403
v 0.7524 6.7936 0.2326
v 0.8080 6.6939 0.2242
v 0.7797 6.7433 0.2288
v 0.7136 6.8865 0.2461
v 0.8520 6.5302 0.3710
v 0.7223 6.7476 0.3953
v 0.6997 6.8051 0.4030
v 0.8259 6.5683 0.3719
v 0.7668 6.6553 0.3782
v 0.7972 6.6108 0.3736
v 0.7099 6.7835 0.4027
v 0.7406 6.6998 0.3848
v 0.7728 6.4403 0.5320
v 0.6079 6.7170 0.5541
v 0.6335 6.6649 0.5476
v 0.6700 6.5770 0.5292
v 0.6997 6.5312 0.5265
v 0.6491 6.6198 0.5374
v 0.7352 6.4837 0.5315
v 0.6203 6.6979 0.5547
v 0.6060 6.3249 0.7560
v 0.4252 6.6533 0.7054
v 0.4662 6.5931 0.7114
v 0.5043 6.4852 0.7267
v 0.5621 6.3772 0.7492
v 0.4854 6.5409 0.7165
v 0.4458 6.6329 0.7111
v 0.5280 6.4286 0.7393
v 0.3496 6.3311 0.8956
v 0.2442 6.5536 0.8443
v 0.3019 6.4531 0.8569
v 0.3228 6.3906 0.8744
v 0.2165 6.5784 0.8340
v 0.2740 6.5067 0.8457
v 0.3840 6.2808 0.9166
v 0.4256 6.2252 0.9421
v 0.2556 6.1719 1.0119
v 0.2237 6.2298 0.9912
v 0.1139 6.4177 0.9094
v 0.0636 6.4805 0.8854
v 0.1954 6.2898 0.9615
v 0.1605 6.3586 0.9398
v 0.0149 6.5086 0.8784
v 0.2855 6.1201 1.0373
v 0.0781 6.2006 1.0061
v -0.0278 6.3765 0.9255
v -0.1063 6.4783 0.8880
v 0.1419 6.0643 1.0672
v 0.1120 6.1296 1.0399
v -0.0735 6.4478 0.8975
v 0.0355 6.2813 0.9668
v 0.1658 6.0021 1.0919
v -0.0179 7.0653 -0.2338
v -0.0179 6.9567 -0.2596
v -0.0179 7.0192 -0.2475
v -0.2680 6.7608 -0.2722
v -0.8690 6.6241 0.2948
v -0.7873 6.3850 0.6657
v -0.8995 6.5003 0.4661
v -0.8632 6.5426 0.4668
v -0.4920 6.7248 -0.2269
v -0.2761 6.7102 -0.2733
v -0.7486 6.4339 0.6660
v -0.4761 6.7728 -0.2254
v -0.8895 6.5850 0.2974
v -0.8538 6.6499 0.1414
v -0.7610 6.6313 0.4721
v -0.8163 6.7055 0.3006
v -0.6572 6.7246 -0.1299
v -0.7753 6.6977 -0.0007
v -0.3149 6.2312 1.0126
v -0.6876 6.5392 0.6538
v -0.6493 6.2728 0.8723
v -0.6021 6.8703 -0.1387
v -0.5197 6.1748 0.9858
v -0.4887 6.2286 0.9668
v -0.7279 6.8317 0.0052
v -0.5948 6.6931 0.6535
v -0.7024 6.7704 0.4939
v -0.2529 6.8886 -0.2632
v -0.4303 6.3458 0.9261
v -0.2178 7.0884 -0.2263
v -0.5585 6.4368 0.8416
v -0.4472 6.8885 -0.2238
v -0.3904 7.0754 -0.1924
v -0.7383 6.9209 0.1739
v -0.8031 6.7735 0.1520
v -0.7237 6.7177 0.4880
v -0.7508 6.8485 0.3339
v -0.7722 6.7930 0.3257
v -0.5484 7.0375 -0.1361
v -0.6789 6.9849 -0.0031
v -0.2301 6.3855 0.9366
v -0.6331 6.6376 0.6566
v -0.4449 6.6172 0.8023
v -0.5778 6.9761 -0.1453
v -0.2780 6.5397 0.8779
v -0.5016 6.5516 0.8156
v -0.4152 7.0071 -0.2141
v -0.1275 6.4899 0.8788
v -0.7599 6.7391 0.0012
v -0.2246 7.0641 -0.2330
v -0.2422 6.9565 -0.2571
v -0.2616 6.8200 -0.2679
v -0.7649 6.8650 0.1677
v -0.7034 6.9284 -0.0028
v -0.3975 6.4046 0.9226
v -0.3137 6.5093 0.8895
v -0.2328 7.0178 -0.2459
v -0.4615 6.2829 0.9433
v -0.5347 6.4975 0.8241
v -0.4712 6.5960 0.8124
v -0.5800 6.3780 0.8533
v -0.6923 6.9654 -0.0007
v -0.7135 6.8794 -0.0008
v -0.5896 6.9236 -0.1433
v -0.5636 7.0166 -0.1392
v -0.7445 6.7838 0.0051
v -0.6187 6.8172 -0.1321
v -0.7602 6.8281 0.3340
v -0.7124 6.7509 0.4943
v -0.7400 6.6733 0.4774
v -0.7920 6.7472 0.3099
v -0.8071 6.5874 0.4681
v -0.8438 6.6642 0.2952
v -0.6584 6.5885 0.6544
v -0.6122 6.6731 0.6575
v -0.7182 6.4863 0.6581
v -0.7509 6.9010 0.1740
v -0.7828 6.8175 0.1585
v -0.8219 6.7302 0.1468
v -0.4309 6.9494 -0.2223
v -0.4016 7.0518 -0.2003
v -0.4628 6.8273 -0.2235
v -0.3698 6.1148 1.0387
v -0.3453 6.1637 1.0261
v -0.3566 6.4579 0.9031
v -0.1761 6.4662 0.8947
v -0.2782 6.3153 0.9793
v -0.3899 6.0620 1.0535
v -0.6094 6.3277 0.8608
v -0.8398 6.6891 0.1424
v -0.6378 6.7687 -0.1294
v -0.1470 6.7559 -0.2789
v -0.1509 6.7051 -0.2802
v -0.1420 6.8865 -0.2723
v -0.1210 7.0891 -0.2286
v -0.1247 7.0649 -0.2360
v -0.1341 6.9565 -0.2613
v -0.1463 6.8159 -0.2767
v -0.1291 7.0187 -0.2495
v -0.3904 6.7180 -0.2564
v -0.3076 7.0849 -0.2117
v -0.3281 7.0149 -0.2308
v -0.3782 6.7676 -0.2553
v -0.3411 6.9551 -0.2415
v -0.3682 6.8249 -0.2521
v -0.3169 7.0607 -0.2178
v -0.3554 6.8902 -0.2479
v -0.5808 6.7277 -0.1840
v -0.4964 6.9937 -0.1905
v -0.4680 7.0590 -0.1721
v -0.5285 6.8820 -0.1880
v -0.4813 7.0365 -0.1792
v -0.5619 6.7736 -0.1830
v -0.5126 6.9387 -0.1932
v -0.5453 6.8250 -0.1828
v -0.7042 6.7572 -0.0668
v -0.6688 6.8537 -0.0747
v -0.6476 6.9541 -0.0857
v -0.6236 7.0126 -0.0797
v -0.6570 6.9037 -0.0824
v -0.6371 6.9926 -0.0812
v -0.6868 6.8036 -0.0686
v -0.7218 6.7145 -0.0679
v -0.7383 6.8980 0.0869
v -0.7137 6.9540 0.0875
v -0.7727 6.8036 0.0805
v -0.8043 6.7159 0.0722
v -0.7256 6.9343 0.0901
v -0.7547 6.8496 0.0829
v -0.8185 6.6759 0.0699
v -0.7891 6.7584 0.0764
v -0.8633 6.6583 0.2152
v -0.8788 6.6194 0.2173
v -0.7527 6.8860 0.2532
v -0.7767 6.8298 0.2453
v -0.7970 6.7830 0.2303
v -0.8432 6.6984 0.2166
v -0.8201 6.7403 0.2220
v -0.7634 6.8657 0.2533
v -0.8896 6.5459 0.3816
v -0.7534 6.7556 0.4079
v -0.7339 6.8096 0.4146
v -0.8611 6.5861 0.3821
v -0.7948 6.6695 0.3877
v -0.8257 6.6277 0.3827
v -0.7429 6.7896 0.4146
v -0.7708 6.7109 0.3949
v -0.8693 6.4461 0.5591
v -0.6558 6.7315 0.5732
v -0.6835 6.6786 0.5705
v -0.7227 6.5884 0.5564
v -0.7723 6.5408 0.5548
v -0.7025 6.6327 0.5622
v -0.8332 6.4915 0.5595
v -0.6686 6.7120 0.5750
v -0.7193 6.3256 0.7774
v -0.5235 6.6554 0.7323
v -0.5722 6.5951 0.7424
v -0.6253 6.4859 0.7576
v -0.6790 6.3779 0.7739
v -0.6019 6.5425 0.7476
v -0.5456 6.6349 0.7394
v -0.6482 6.4288 0.7681
v -0.5164 6.3305 0.9058
v -0.3922 6.5525 0.8639
v -0.4643 6.4519 0.8795
v -0.4928 6.3898 0.8914
v -0.3614 6.5777 0.8517
v -0.4276 6.5055 0.8681
v -0.5468 6.2800 0.9215
v -0.5839 6.2246 0.9393
v -0.4255 6.1714 1.0071
v -0.3977 6.2296 0.9941
v -0.2908 6.4171 0.9246
v -0.2410 6.4802 0.8961
v -0.3718 6.2896 0.9713
v -0.3359 6.3581 0.9565
v -0.2001 6.5071 0.8888
v -0.4510 6.1197 1.0238
v -0.2598 6.2010 1.0073
v -0.1568 6.3779 0.9350
v -0.3167 6.0641 1.0572
v -0.2912 6.1293 1.0351
v -0.1221 6.4452 0.9043
v -0.2157 6.2838 0.9739
v -0.3369 6.0018 1.0806
v 0.6520 6.3833 0.6208
v 0.7750 6.4894 0.4397
v 0.4318 6.7110 -0.1957
v 0.2250 6.7067 -0.2359
v 0.8115 6.5688 0.2954
v 0.7766 6.6431 0.1520
v 0.5883 6.7151 -0.1078
v 0.6997 6.6928 0.0140
v 0.4806 6.2724 0.8371
v 0.3313 6.1759 0.9649
v 0.2052 6.0624 1.0323
v 0.1068 6.7047 -0.2431
v -0.0187 6.7041 -0.2469
v 0.3337 6.7095 -0.2215
v 0.5177 6.7139 -0.1574
v 0.6477 6.7088 -0.0502
v 0.7418 6.6723 0.0822
v 0.8016 6.6074 0.2231
v 0.8020 6.5302 0.3675
v 0.7246 6.4403 0.5205
v 0.5691 6.3249 0.7350
v 0.3995 6.2252 0.9122
v 0.2675 6.1201 1.0036
v 0.1546 6.0021 1.0574
v -0.7446 6.3854 0.6487
v -0.8434 6.5012 0.4586
v -0.4660 6.7252 -0.1967
v -0.2623 6.7106 -0.2403
v -0.8419 6.5861 0.2965
v -0.8075 6.6509 0.1506
v -0.6217 6.7250 -0.1053
v -0.7331 6.6983 0.0168
v -0.6156 6.2728 0.8446
v -0.4922 6.1748 0.9524
v -0.3697 6.0620 1.0181
v -0.1442 6.7053 -0.2469
v -0.3701 6.7184 -0.2245
v -0.5497 6.7281 -0.1564
v -0.6827 6.7151 -0.0467
v -0.7739 6.6767 0.0834
v -0.8315 6.6205 0.2214
v -0.8445 6.5470 0.3781
v -0.8137 6.4468 0.5472
v -0.6817 6.3256 0.7547
v -0.5537 6.2246 0.9078
v -0.4274 6.1197 0.9893
v -0.3197 6.0018 1.0433
v 0.0841 6.2006 0.9893
v -0.0255 6.3765 0.9069
v 0.1503 6.0643 1.0521
v 0.1193 6.1296 1.0240
v -0.0729 6.4478 0.8788
v 0.0401 6.2813 0.9491
v 0.1751 6.0021 1.0769
v -0.2660 6.2010 0.9901
v -0.1592 6.3779 0.9166
v -0.3249 6.0641 1.0409
v -0.2985 6.1293 1.0184
v -0.1232 6.4452 0.8857
v -0.2203 6.2838 0.9561
v -0.3459 6.0018 1.0641
v 0.1635 6.0021 1.0415
v -0.3281 6.0018 1.0262
v 0.5112 6.6878 0.6226
v 0.6508 6.7579 0.4753
v 0.1769 7.0784 -0.2053
v 0.3477 7.0564 -0.1661
v 0.6643 6.9483 0.1668
v 0.6898 6.8579 0.3259
v 0.4872 7.0300 -0.0956
v 0.5910 7.0050 0.0173
v 0.3113 6.6238 0.7655
v 0.1125 6.5435 0.8540
v -0.0545 6.4994 0.8684
v 0.0823 7.0817 -0.2105
v -0.0183 7.0826 -0.2126
v 0.2651 7.0706 -0.1900
v 0.4227 7.0416 -0.1350
v 0.5427 7.0192 -0.0447
v 0.6334 6.9807 0.0886
v 0.6824 6.9079 0.2471
v 0.6813 6.8062 0.4013
v 0.5924 6.7191 0.5488
v 0.4148 6.6570 0.6963
v 0.2104 6.5839 0.8213
v 0.0137 6.5158 0.8647
v -0.1046 6.4862 0.8739
v -0.5813 6.6962 0.6455
v -0.6862 6.7719 0.4900
v -0.2134 7.0819 -0.2129
v -0.3817 7.0694 -0.1802
v -0.7213 6.9189 0.1777
v -0.7335 6.8482 0.3339
v -0.5363 7.0327 -0.1259
v -0.6639 6.9814 0.0038
v -0.4350 6.6218 0.7904
v -0.2721 6.5461 0.8641
v -0.1253 6.4975 0.8649
v -0.1189 7.0824 -0.2151
v -0.3010 7.0785 -0.1987
v -0.4576 7.0535 -0.1607
v -0.6098 7.0085 -0.0708
v -0.6977 6.9512 0.0924
v -0.7353 6.8848 0.2552
v -0.7169 6.8102 0.4126
v -0.6407 6.7338 0.5674
v -0.5117 6.6593 0.7223
v -0.3535 6.5832 0.8386
v -0.1961 6.5143 0.8747
v 0.5087 6.6565 0.6226
v 0.6520 6.7247 0.4753
v 0.1769 7.0470 -0.2053
v 0.3477 7.0251 -0.1665
v 0.6652 6.9159 0.1678
v 0.6929 6.8232 0.3263
v 0.4862 7.0006 -0.0958
v 0.5904 6.9745 0.0176
v 0.3099 6.5925 0.7683
v 0.1125 6.5121 0.8570
v -0.0545 6.4681 0.8719
v 0.0823 7.0504 -0.2105
v -0.0183 7.0512 -0.2126
v 0.2651 7.0392 -0.1902
v 0.4223 7.0116 -0.1355
v 0.5415 6.9897 -0.0443
v 0.6342 6.9483 0.0894
v 0.6847 6.8738 0.2480
v 0.6839 6.7718 0.4013
v 0.5919 6.6877 0.5488
v 0.4126 6.6257 0.6978
v 0.2104 6.5525 0.8246
v 0.0137 6.4844 0.8679
v -0.1046 6.4548 0.8778
v -0.5813 6.6642 0.6475
v -0.6863 6.7397 0.4904
v -0.2133 7.0509 -0.2130
v -0.3817 7.0386 -0.1812
v -0.7213 6.8874 0.1778
v -0.7335 6.8162 0.3339
v -0.5367 7.0020 -0.1243
v -0.6616 6.9503 0.0070
v -0.4350 6.5904 0.7937
v -0.2721 6.5148 0.8677
v -0.1253 6.4662 0.8688
v -0.1189 7.0512 -0.2151
v -0.3010 7.0477 -0.1988
v -0.4577 7.0227 -0.1613
v -0.6077 6.9775 -0.0690
v -0.6954 6.9197 0.0951
v -0.7353 6.8531 0.2552
v -0.7170 6.7781 0.4126
v -0.6408 6.7016 0.5686
v -0.5117 6.6275 0.7250
v -0.3535 6.5518 0.8421
v -0.1961 6.4830 0.8787
v 4.6691 2.5054 1.8790
v 4.7261 2.5027 1.8286
v 4.9781 2.6176 1.7440
v 4.5604 2.6378 2.1054
v 5.0384 2.8853 2.0264
v 4.9410 2.9171 2.1385
v 4.8000 2.8990 2.1846
v 4.5788 2.6940 2.1527
v 4.6150 2.7487 2.1933
v 5.0784 2.8445 1.9608
v 4.7132 2.8338 2.2083
v 5.0389 2.6744 1.7743
v 5.0839 2.7340 1.8244
v 5.0995 2.7918 1.8899
v 4.8475 2.5347 1.7556
v 4.9134 2.5691 1.7367
v 4.7855 2.5131 1.7881
v 4.5562 2.5856 2.0559
v 4.6169 2.5202 1.9361
v 4.5765 2.5466 1.9963
v 4.6642 2.7959 2.2097
v 4.7576 2.8676 2.1965
v 4.8719 2.9135 2.1711
v 4.9938 2.9090 2.0839
v 4.6838 2.5059 1.8967
v 4.7387 2.5038 1.8483
v 4.9838 2.6153 1.7657
v 4.5783 2.6325 2.1146
v 5.0425 2.8729 2.0376
v 4.9483 2.9039 2.1472
v 4.8109 2.8856 2.1916
v 4.5956 2.6866 2.1602
v 4.6306 2.7395 2.1993
v 5.0819 2.8337 1.9740
v 4.7263 2.8222 2.2140
v 5.0437 2.6699 1.7946
v 5.0876 2.7273 1.8427
v 5.1026 2.7830 1.9055
v 4.8566 2.5357 1.7778
v 4.9208 2.5689 1.7590
v 4.7960 2.5142 1.8093
v 4.5745 2.5824 2.0668
v 4.6332 2.5198 1.9517
v 4.5942 2.5451 2.0096
v 4.6783 2.7855 2.2153
v 4.7698 2.8546 2.2027
v 4.8797 2.9008 2.1790
v 4.9992 2.8957 2.0935
v 4.6732 2.5159 1.8828
v 4.7273 2.5138 1.8351
v 4.9671 2.6237 1.7552
v 4.5698 2.6399 2.0997
v 5.0286 2.8760 2.0215
v 4.9364 2.9059 2.1250
v 4.8065 2.8827 2.1714
v 4.5873 2.6924 2.1442
v 4.6210 2.7437 2.1803
v 5.0668 2.8380 1.9593
v 4.7161 2.8244 2.1950
v 5.0260 2.6773 1.7838
v 5.0696 2.7338 1.8310
v 5.0851 2.7886 1.8923
v 4.8436 2.5454 1.7658
v 4.9060 2.5785 1.7485
v 4.7837 2.5239 1.7962
v 4.5667 2.5916 2.0509
v 4.6237 2.5297 1.9369
v 4.5859 2.5549 1.9942
v 4.6673 2.7889 2.1959
v 4.7617 2.8541 2.1840
v 4.8711 2.9006 2.1562
v 4.9859 2.8983 2.0754
v 4.7690 2.5899 1.6618
v 4.8363 2.6241 1.6441
v 5.0242 2.8473 1.8018
v 4.9637 2.7290 1.6835
v 4.4764 2.6934 2.0147
v 5.0089 2.7888 1.7352
v 4.7268 2.9520 2.0943
v 4.9025 2.6722 1.6520
v 4.5323 2.8039 2.1029
v 4.4962 2.7498 2.0629
v 4.9629 2.9422 1.9394
v 4.5334 2.5755 1.8421
v 4.6300 2.8887 2.1190
v 4.4926 2.6019 1.9029
v 4.4723 2.6412 1.9632
v 4.7054 2.5684 1.6939
v 4.6446 2.5583 1.7345
v 5.0034 2.9007 1.8735
v 4.8622 2.9734 2.0454
v 4.5863 2.5608 1.7848
v 4.5804 2.8507 2.1198
v 4.6782 2.9222 2.1080
v 4.7958 2.9681 2.0774
v 4.9165 2.9660 1.9956
v -4.6225 2.5292 1.8790
v -4.6804 2.5265 1.8286
v -4.9360 2.6413 1.7440
v -4.5123 2.6616 2.1054
v -4.9972 2.9091 2.0264
v -4.8984 2.9409 2.1385
v -4.7554 2.9228 2.1846
v -4.5310 2.7178 2.1527
v -4.5677 2.7725 2.1933
v -5.0378 2.8683 1.9608
v -4.6673 2.8575 2.2083
v -4.9977 2.6982 1.7743
v -5.0433 2.7578 1.8244
v -5.0592 2.8156 1.8899
v -4.8036 2.5585 1.7556
v -4.8704 2.5929 1.7367
v -4.7406 2.5368 1.7881
v -4.5080 2.6094 2.0559
v -4.5696 2.5440 1.9361
v -4.5286 2.5704 1.9963
v -4.6176 2.8197 2.2097
v -4.7124 2.8914 2.1965
v -4.8283 2.9373 2.1711
v -4.9519 2.9328 2.0839
v -4.6440 2.5258 1.8967
v -4.6997 2.5236 1.8483
v -4.9473 2.6357 1.7657
v -4.5363 2.6529 2.1146
v -5.0046 2.8946 2.0376
v -4.9093 2.9255 2.1472
v -4.7707 2.9068 2.1916
v -4.5533 2.7073 2.1602
v -4.5883 2.7605 2.1993
v -5.0446 2.8554 1.9740
v -4.6850 2.8434 2.2140
v -5.0074 2.6906 1.7946
v -5.0513 2.7485 1.8427
v -5.0658 2.8045 1.9055
v -4.8192 2.5555 1.7778
v -4.8840 2.5890 1.7590
v -4.7577 2.5341 1.8093
v -4.5328 2.6026 2.0668
v -4.5927 2.5397 1.9517
v -4.5531 2.5650 2.0096
v -4.6364 2.8067 2.2153
v -4.7292 2.8758 2.2027
v -4.8397 2.9225 2.1790
v -4.9608 2.9174 2.0935
v -4.6446 2.5303 1.8828
v -4.6993 2.5284 1.8351
v -4.9414 2.6396 1.7552
v -4.5383 2.6552 2.0997
v -5.0007 2.8932 2.0215
v -4.9102 2.9211 2.1250
v -4.7777 2.8978 2.1714
v -4.5555 2.7080 2.1442
v -4.5908 2.7589 2.1803
v -5.0393 2.8554 1.9593
v -4.6864 2.8401 2.1950
v -5.0005 2.6936 1.7838
v -5.0439 2.7506 1.8310
v -5.0588 2.8058 1.8923
v -4.8170 2.5603 1.7658
v -4.8798 2.5938 1.7485
v -4.7565 2.5386 1.7962
v -4.5365 2.6060 2.0509
v -4.5945 2.5440 1.9369
v -4.5563 2.5691 1.9942
v -4.6376 2.8043 2.1959
v -4.7320 2.8699 2.1840
v -4.8436 2.9159 2.1562
v -4.9582 2.9150 2.0754
v -4.7239 2.6137 1.6618
v -4.7922 2.6479 1.6441
v -4.9828 2.8711 1.8018
v -4.9215 2.7528 1.6835
v -4.4271 2.7172 2.0147
v -4.9673 2.8126 1.7352
v -4.6811 2.9758 2.0943
v -4.8593 2.6960 1.6520
v -4.4838 2.8277 2.1029
v -4.4471 2.7736 2.0629
v -4.9206 2.9660 1.9394
v -4.4849 2.5993 1.8421
v -4.5829 2.9125 2.1190
v -4.4435 2.6257 1.9029
v -4.4229 2.6650 1.9632
v -4.6594 2.5922 1.6939
v -4.5977 2.5821 1.7345
v -4.9617 2.9245 1.8735
v -4.8185 2.9972 2.0454
v -4.5386 2.5846 1.7848
v -4.5325 2.8745 2.1198
v -4.6317 2.9460 2.1080
v -4.7511 2.9919 2.0774
v -4.8735 2.9898 1.9956
vt 0.9852 0.5262
vt 0.9616 0.5390
vt 0.9626 0.5171
vt 0.9834 0.5100
vt 0.9623 0.4983
vt 0.9813 0.4937
vt 0.9323 0.6723
vt 0.9277 0.6912
vt 0.9176 0.6886
vt 0.9228 0.6699
vt 0.8979 0.6838
vt 0.9021 0.6660
vt 0.9091 0.6323
vt 0.8931 0.6287
vt 0.8969 0.5973
vt 0.9129 0.6011
vt 0.9175 0.5486
vt 0.8981 0.5482
vt 0.8985 0.5272
vt 0.9189 0.5262
vt 0.8748 0.6247
vt 0.8765 0.5931
vt 0.8783 0.5463
vt 0.8779 0.5267
vt 0.8524 0.6224
vt 0.8331 0.6208
vt 0.8383 0.5867
vt 0.8561 0.5892
vt 0.8578 0.5441
vt 0.8386 0.5424
vt 0.8381 0.5250
vt 0.8571 0.5258
vt 0.7546 0.0816
vt 0.7682 0.0813
vt 0.7694 0.1002
vt 0.7558 0.0999
vt 0.7610 0.3956
vt 0.7777 0.3937
vt 0.7786 0.4099
vt 0.7616 0.4119
vt 0.6381 0.5026
vt 0.6604 0.5049
vt 0.6573 0.5222
vt 0.6350 0.5200
vt 0.7709 0.1204
vt 0.7717 0.1415
vt 0.7582 0.1403
vt 0.7573 0.1195
vt 0.6177 0.5721
vt 0.6309 0.5636
vt 0.6396 0.6017
vt 0.6275 0.6047
vt 0.5870 0.5236
vt 0.5643 0.5182
vt 0.5719 0.5041
vt 0.5918 0.5091
vt 0.6830 0.6561
vt 0.6848 0.6561
vt 0.6866 0.6692
vt 0.6850 0.6694
vt 0.6869 0.6560
vt 0.6940 0.6555
vt 0.6959 0.6678
vt 0.6890 0.6688
vt 0.7060 0.6545
vt 0.7076 0.6669
vt 0.7196 0.6540
vt 0.7357 0.6528
vt 0.7367 0.6665
vt 0.7211 0.6666
vt 0.6817 0.5060
vt 0.6837 0.5062
vt 0.6835 0.5229
vt 0.6813 0.5228
vt 0.6127 0.5147
vt 0.6089 0.5306
vt 0.6880 0.5066
vt 0.7005 0.5072
vt 0.6989 0.5235
vt 0.6873 0.5232
vt 0.9356 0.6748
vt 0.9319 0.6937
vt 0.7153 0.5079
vt 0.7138 0.5239
vt 0.6794 0.5613
vt 0.6818 0.5613
vt 0.6812 0.5974
vt 0.6791 0.5970
vt 0.9408 0.5028
vt 0.9406 0.5229
vt 0.9189 0.5262
vt 0.9191 0.5060
vt 0.6847 0.5611
vt 0.6943 0.5607
vt 0.6920 0.5993
vt 0.6837 0.5981
vt 0.7095 0.5599
vt 0.7060 0.5978
vt 0.7265 0.5595
vt 0.7455 0.5584
vt 0.7411 0.5915
vt 0.7218 0.5963
vt 0.7526 0.6512
vt 0.7533 0.6667
vt 0.7661 0.5397
vt 0.7468 0.5400
vt 0.7476 0.5239
vt 0.7659 0.5236
vt 0.7308 0.5082
vt 0.7479 0.5081
vt 0.7476 0.5239
vt 0.7299 0.5241
vt 0.7656 0.5077
vt 0.6127 0.5147
vt 0.6161 0.4983
vt 0.5781 0.4893
vt 0.5961 0.4937
vt 0.9876 0.5403
vt 0.9907 0.5463
vt 0.9688 0.5735
vt 0.9593 0.5668
vt 0.7795 0.4261
vt 0.7622 0.4281
vt 0.8381 0.5079
vt 0.8570 0.5081
vt 0.8777 0.5081
vt 0.8983 0.5076
vt 0.6502 0.6602
vt 0.6636 0.6576
vt 0.6662 0.6714
vt 0.6529 0.6735
vt 0.6049 0.5451
vt 0.5994 0.5530
vt 0.5796 0.5435
vt 0.5827 0.5358
vt 0.5545 0.5365
vt 0.5570 0.5303
vt 0.9175 0.5486
vt 0.9386 0.5462
vt 0.9351 0.5729
vt 0.9157 0.5727
vt 0.7615 0.5854
vt 0.7654 0.5571
vt 0.8401 0.2424
vt 0.8261 0.2423
vt 0.8262 0.2250
vt 0.8399 0.2254
vt 0.7285 0.5404
vt 0.7468 0.5400
vt 0.6965 0.5405
vt 0.7118 0.5405
vt 0.6861 0.5407
vt 0.6804 0.5406
vt 0.6827 0.5406
vt 0.6328 0.5393
vt 0.6544 0.5410
vt 0.8392 0.5606
vt 0.8582 0.5634
vt 0.8787 0.5666
vt 0.8979 0.5700
vt 0.9157 0.5727
vt 0.9289 0.6034
vt 0.8198 0.5241
vt 0.8197 0.5074
vt 0.8190 0.5848
vt 0.8208 0.5587
vt 0.8262 0.1173
vt 0.8264 0.0971
vt 0.8390 0.0984
vt 0.8389 0.1188
vt 0.7648 0.4921
vt 0.7830 0.4909
vt 0.7841 0.5071
vt 0.7656 0.5077
vt 0.6089 0.5306
vt 0.6328 0.5393
vt 0.6309 0.5636
vt 0.6049 0.5451
vt 0.9593 0.5668
vt 0.9437 0.6057
vt 0.6400 0.6624
vt 0.6560 0.6737
vt 0.9536 0.6096
vt 0.6528 0.5630
vt 0.6556 0.5969
vt 0.9616 0.5390
vt 0.7540 0.0645
vt 0.7676 0.0634
vt 0.8427 0.4078
vt 0.8262 0.4086
vt 0.8269 0.3921
vt 0.8431 0.3912
vt 0.8571 0.3233
vt 0.8423 0.3244
vt 0.8419 0.3075
vt 0.8565 0.3065
vt 0.6579 0.3231
vt 0.6405 0.3204
vt 0.6417 0.3040
vt 0.6589 0.3064
vt 0.8875 0.3207
vt 0.8724 0.3220
vt 0.8715 0.3054
vt 0.8865 0.3042
vt 0.6246 0.3177
vt 0.6099 0.3153
vt 0.6117 0.2994
vt 0.6260 0.3016
vt 0.7444 0.3305
vt 0.7309 0.3308
vt 0.7314 0.3137
vt 0.7448 0.3136
vt 0.9029 0.3192
vt 0.9016 0.3029
vt 0.7592 0.3297
vt 0.7595 0.3130
vt 0.9367 0.3157
vt 0.9196 0.3175
vt 0.9180 0.3012
vt 0.9346 0.2995
vt 0.7190 0.3304
vt 0.7196 0.3133
vt 0.9518 0.3142
vt 0.9494 0.2979
vt 0.7073 0.3294
vt 0.7080 0.3122
vt 0.6752 0.3254
vt 0.6761 0.3085
vt 0.6939 0.3278
vt 0.6928 0.3277
vt 0.6939 0.3106
vt 0.6949 0.3108
vt 0.6881 0.3269
vt 0.6892 0.3099
vt 0.6824 0.4269
vt 0.6693 0.4253
vt 0.6702 0.4090
vt 0.6832 0.4106
vt 0.6882 0.4278
vt 0.6869 0.4277
vt 0.6878 0.4114
vt 0.6891 0.4115
vt 0.8761 0.4218
vt 0.8588 0.4233
vt 0.8589 0.4066
vt 0.8757 0.4052
vt 0.6500 0.4223
vt 0.6511 0.4060
vt 0.7169 0.4299
vt 0.7035 0.4291
vt 0.7043 0.4129
vt 0.7173 0.4137
vt 0.9304 0.4164
vt 0.9110 0.4184
vt 0.9094 0.4018
vt 0.9282 0.3999
vt 0.9670 0.4121
vt 0.9499 0.4142
vt 0.9473 0.3978
vt 0.9641 0.3958
vt 0.7308 0.4300
vt 0.7307 0.4138
vt 0.7459 0.4294
vt 0.7455 0.4132
vt 0.6299 0.4183
vt 0.6112 0.4143
vt 0.6135 0.3983
vt 0.6316 0.4021
vt 0.8933 0.4202
vt 0.8923 0.4036
vt 0.5945 0.4106
vt 0.5972 0.3947
vt 0.8422 0.4244
vt 0.8427 0.4078
vt 0.7463 0.1846
vt 0.7344 0.1837
vt 0.7343 0.1603
vt 0.7460 0.1613
vt 0.6387 0.1824
vt 0.6255 0.1822
vt 0.6282 0.1613
vt 0.6413 0.1611
vt 0.8783 0.1856
vt 0.8654 0.1857
vt 0.8646 0.1638
vt 0.8772 0.1640
vt 0.6693 0.1822
vt 0.6533 0.1825
vt 0.6557 0.1607
vt 0.6714 0.1601
vt 0.8525 0.1853
vt 0.8398 0.1847
vt 0.8393 0.1621
vt 0.8518 0.1631
vt 0.6954 0.1817
vt 0.6848 0.1819
vt 0.6863 0.1594
vt 0.6961 0.1588
vt 0.7238 0.1828
vt 0.7240 0.1595
vt 0.7002 0.1816
vt 0.6992 0.1815
vt 0.6996 0.1585
vt 0.7006 0.1586
vt 0.7133 0.1822
vt 0.7138 0.1590
vt 0.8228 0.4582
vt 0.8241 0.4416
vt 0.8414 0.4411
vt 0.8405 0.4578
vt 0.9058 0.1834
vt 0.8914 0.1850
vt 0.8901 0.1636
vt 0.9043 0.1621
vt 0.9336 0.1787
vt 0.9205 0.1812
vt 0.9189 0.1599
vt 0.9319 0.1574
vt 0.7596 0.1856
vt 0.7590 0.1625
vt 0.7603 0.3793
vt 0.7595 0.3629
vt 0.7756 0.3613
vt 0.7767 0.3775
vt 0.7746 0.3286
vt 0.7749 0.3450
vt 0.7592 0.3464
vt 0.7592 0.3297
vt 0.8387 0.1400
vt 0.8260 0.1386
vt 0.8252 0.4251
vt 0.8422 0.4244
vt 0.8273 0.3755
vt 0.8273 0.3589
vt 0.8428 0.3580
vt 0.8431 0.3746
vt 0.8388 0.4912
vt 0.8574 0.4910
vt 0.8396 0.4746
vt 0.8578 0.4740
vt 0.8405 0.4578
vt 0.8582 0.4570
vt 0.8586 0.4401
vt 0.6193 0.4822
vt 0.6410 0.4860
vt 0.6227 0.4661
vt 0.6440 0.4699
vt 0.6256 0.4502
vt 0.6466 0.4540
vt 0.6281 0.4343
vt 0.6486 0.4382
vt 0.8774 0.4904
vt 0.8975 0.4894
vt 0.8770 0.4731
vt 0.8965 0.4717
vt 0.8768 0.4558
vt 0.8954 0.4542
vt 0.8765 0.4387
vt 0.8944 0.4371
vt 0.5826 0.4740
vt 0.5998 0.4779
vt 0.5861 0.4583
vt 0.6032 0.4621
vt 0.5891 0.4425
vt 0.6062 0.4461
vt 0.5919 0.4266
vt 0.6089 0.4303
vt 0.7313 0.4928
vt 0.7476 0.4927
vt 0.7312 0.4774
vt 0.7470 0.4771
vt 0.7310 0.4618
vt 0.7466 0.4614
vt 0.7308 0.4460
vt 0.7462 0.4455
vt 0.9180 0.4876
vt 0.9163 0.4698
vt 0.9145 0.4524
vt 0.9128 0.4352
vt 0.7640 0.4763
vt 0.7634 0.4604
vt 0.7628 0.4443
vt 0.9395 0.4846
vt 0.9606 0.4809
vt 0.9373 0.4672
vt 0.9580 0.4640
vt 0.9349 0.4500
vt 0.9552 0.4473
vt 0.9326 0.4331
vt 0.9525 0.4307
vt 0.7160 0.4925
vt 0.7162 0.4771
vt 0.7163 0.4615
vt 0.7165 0.4458
vt 0.9788 0.4774
vt 0.9758 0.4611
vt 0.9728 0.4447
vt 0.9699 0.4284
vt 0.8415 0.2909
vt 0.8270 0.2918
vt 0.8267 0.2753
vt 0.8410 0.2747
vt 0.7803 0.4424
vt 0.7811 0.4586
vt 0.7013 0.4916
vt 0.7017 0.4761
vt 0.7022 0.4606
vt 0.7027 0.4450
vt 0.6630 0.4885
vt 0.6650 0.4726
vt 0.6668 0.4568
vt 0.6682 0.4412
vt 0.6851 0.5063
vt 0.6837 0.5062
vt 0.6840 0.4902
vt 0.6854 0.4904
vt 0.6844 0.4745
vt 0.6858 0.4747
vt 0.6852 0.4590
vt 0.6865 0.4592
vt 0.6860 0.4435
vt 0.6873 0.4437
vt 0.6775 0.5058
vt 0.6785 0.4897
vt 0.6794 0.4740
vt 0.6804 0.4584
vt 0.6814 0.4428
vt 0.6710 0.3924
vt 0.6840 0.3940
vt 0.6719 0.3757
vt 0.6849 0.3773
vt 0.6731 0.3590
vt 0.6859 0.3606
vt 0.6743 0.3423
vt 0.6870 0.3439
vt 0.8274 0.3254
vt 0.8273 0.3085
vt 0.6886 0.3948
vt 0.6899 0.3949
vt 0.6895 0.3780
vt 0.6907 0.3782
vt 0.6905 0.3614
vt 0.6917 0.3615
vt 0.6916 0.3446
vt 0.6928 0.3448
vt 0.8589 0.3900
vt 0.8752 0.3886
vt 0.8586 0.3735
vt 0.8745 0.3721
vt 0.8581 0.3568
vt 0.8738 0.3555
vt 0.8576 0.3401
vt 0.8731 0.3388
vt 0.6521 0.3895
vt 0.6535 0.3730
vt 0.6552 0.3565
vt 0.6567 0.3399
vt 0.7049 0.3964
vt 0.7176 0.3973
vt 0.7055 0.3797
vt 0.7178 0.3807
vt 0.7060 0.3631
vt 0.7180 0.3641
vt 0.7066 0.3463
vt 0.7184 0.3474
vt 0.7727 0.1637
vt 0.7590 0.1625
vt 0.8204 0.4910
vt 0.8216 0.4747
vt 0.9079 0.3854
vt 0.9262 0.3835
vt 0.9066 0.3689
vt 0.9245 0.3671
vt 0.9054 0.3524
vt 0.9229 0.3506
vt 0.9041 0.3358
vt 0.9213 0.3341
vt 0.9449 0.3814
vt 0.9614 0.3795
vt 0.9428 0.3651
vt 0.9590 0.3632
vt 0.9409 0.3486
vt 0.9567 0.3469
vt 0.9388 0.3322
vt 0.9542 0.3305
vt 0.7306 0.3974
vt 0.7304 0.3809
vt 0.7303 0.3644
vt 0.7304 0.3477
vt 0.7451 0.3969
vt 0.7446 0.3804
vt 0.7442 0.3639
vt 0.7442 0.3473
vt 0.7592 0.3464
vt 0.6158 0.3822
vt 0.6331 0.3859
vt 0.6183 0.3663
vt 0.6351 0.3696
vt 0.6208 0.3502
vt 0.6373 0.3534
vt 0.6229 0.3340
vt 0.6391 0.3370
vt 0.8913 0.3871
vt 0.8903 0.3706
vt 0.8894 0.3540
vt 0.8885 0.3374
vt 0.6000 0.3789
vt 0.6028 0.3631
vt 0.6056 0.3473
vt 0.6080 0.3314
vt 0.8431 0.3746
vt 0.8426 0.3412
vt 0.7850 0.5236
vt 0.7854 0.5403
vt 0.8274 0.3422
vt 0.8854 0.2882
vt 0.9004 0.2870
vt 0.8844 0.2725
vt 0.8993 0.2714
vt 0.8832 0.2570
vt 0.8981 0.2559
vt 0.8821 0.2412
vt 0.8968 0.2402
vt 0.8808 0.2248
vt 0.8951 0.2239
vt 0.8795 0.2062
vt 0.8932 0.2054
vt 0.6275 0.2857
vt 0.6429 0.2878
vt 0.6291 0.2700
vt 0.6443 0.2718
vt 0.6309 0.2544
vt 0.6458 0.2559
vt 0.6328 0.2386
vt 0.6475 0.2398
vt 0.6346 0.2219
vt 0.6493 0.2229
vt 0.6365 0.2031
vt 0.6512 0.2036
vt 0.7451 0.2966
vt 0.7596 0.2962
vt 0.7453 0.2796
vt 0.7597 0.2793
vt 0.7453 0.2626
vt 0.7596 0.2625
vt 0.7455 0.2453
vt 0.7594 0.2454
vt 0.7458 0.2273
vt 0.7594 0.2277
vt 0.7461 0.2071
vt 0.7595 0.2079
vt 0.9165 0.2854
vt 0.9328 0.2836
vt 0.9152 0.2698
vt 0.9312 0.2679
vt 0.9139 0.2543
vt 0.9296 0.2524
vt 0.9123 0.2386
vt 0.9278 0.2366
vt 0.9103 0.2223
vt 0.9255 0.2202
vt 0.9080 0.2038
vt 0.9229 0.2016
vt 0.9473 0.2820
vt 0.9454 0.2662
vt 0.9435 0.2504
vt 0.9414 0.2345
vt 0.9389 0.2180
vt 0.9361 0.1993
vt 0.8264 0.2589
vt 0.8406 0.2586
vt 0.7852 0.5585
vt 0.7814 0.5864
vt 0.7736 0.2280
vt 0.7739 0.2453
vt 0.7746 0.2788
vt 0.7746 0.2954
vt 0.7704 0.6521
vt 0.7701 0.6678
vt 0.7734 0.1866
vt 0.7734 0.2085
vt 0.7086 0.2951
vt 0.7201 0.2961
vt 0.7092 0.2780
vt 0.7206 0.2790
vt 0.7097 0.2609
vt 0.7210 0.2618
vt 0.7106 0.2436
vt 0.7217 0.2443
vt 0.7116 0.2255
vt 0.7225 0.2262
vt 0.7125 0.2049
vt 0.7233 0.2056
vt 0.8558 0.2901
vt 0.8706 0.2892
vt 0.8552 0.2740
vt 0.8697 0.2733
vt 0.8545 0.2582
vt 0.8687 0.2577
vt 0.8538 0.2422
vt 0.8678 0.2418
vt 0.8532 0.2255
vt 0.8669 0.2253
vt 0.8528 0.2066
vt 0.8661 0.2066
vt 0.6598 0.2899
vt 0.6769 0.2918
vt 0.6609 0.2736
vt 0.6777 0.2752
vt 0.6622 0.2574
vt 0.6787 0.2586
vt 0.6638 0.2409
vt 0.6801 0.2418
vt 0.6655 0.2236
vt 0.6817 0.2241
vt 0.6674 0.2038
vt 0.6833 0.2040
vt 0.6950 0.2937
vt 0.6960 0.2938
vt 0.6959 0.2768
vt 0.6969 0.2769
vt 0.6968 0.2599
vt 0.6977 0.2600
vt 0.6976 0.2427
vt 0.6985 0.2428
vt 0.6983 0.2246
vt 0.6992 0.2247
vt 0.6988 0.2041
vt 0.6998 0.2042
vt 0.7318 0.2966
vt 0.7321 0.2795
vt 0.7324 0.2623
vt 0.7328 0.2449
vt 0.7335 0.2268
vt 0.7340 0.2064
vt 0.8142 0.6194
vt 0.8393 0.1621
vt 0.8264 0.1608
vt 0.6901 0.2931
vt 0.6910 0.2763
vt 0.6919 0.2594
vt 0.6929 0.2423
vt 0.6938 0.2244
vt 0.6946 0.2040
vt 0.8415 0.2909
vt 0.8398 0.2063
vt 0.6134 0.2838
vt 0.6151 0.2684
vt 0.6172 0.2529
vt 0.6193 0.2372
vt 0.6212 0.2209
vt 0.6232 0.2024
vt 0.8765 0.1425
vt 0.8892 0.1422
vt 0.8758 0.1214
vt 0.8881 0.1213
vt 0.8752 0.1008
vt 0.8872 0.1007
vt 0.8749 0.0817
vt 0.8864 0.0816
vt 0.8750 0.0640
vt 0.8855 0.0640
vt 0.8756 0.0491
vt 0.8844 0.0491
vt 0.6438 0.1403
vt 0.6579 0.1397
vt 0.6459 0.1202
vt 0.6600 0.1197
vt 0.6484 0.1009
vt 0.6623 0.1007
vt 0.6501 0.0827
vt 0.6639 0.0828
vt 0.6506 0.0656
vt 0.6645 0.0661
vt 0.6525 0.0513
vt 0.6663 0.0525
vt 0.7453 0.1392
vt 0.7446 0.1186
vt 0.7433 0.0995
vt 0.7421 0.0816
vt 0.7414 0.0651
vt 0.7393 0.0519
vt 0.7518 0.0505
vt 0.9032 0.1409
vt 0.9177 0.1387
vt 0.9018 0.1201
vt 0.9162 0.1181
vt 0.9007 0.0998
vt 0.9150 0.0981
vt 0.8992 0.0809
vt 0.9131 0.0794
vt 0.8970 0.0636
vt 0.9099 0.0624
vt 0.8949 0.0488
vt 0.9074 0.0478
vt 0.9307 0.1363
vt 0.9291 0.1158
vt 0.9278 0.0960
vt 0.9258 0.0775
vt 0.9223 0.0606
vt 0.9198 0.0459
vt 0.8268 0.1837
vt 0.8427 0.0625
vt 0.8306 0.0613
vt 0.8327 0.0465
vt 0.8448 0.0475
vt 0.7820 0.4748
vt 0.7655 0.0483
vt 0.7140 0.1372
vt 0.7240 0.1375
vt 0.7142 0.1171
vt 0.7237 0.1173
vt 0.7142 0.0986
vt 0.7232 0.0987
vt 0.7141 0.0814
vt 0.7227 0.0814
vt 0.7139 0.0656
vt 0.7223 0.0655
vt 0.7136 0.0536
vt 0.7209 0.0536
vt 0.8512 0.1412
vt 0.8639 0.1421
vt 0.8511 0.1200
vt 0.8636 0.1209
vt 0.8510 0.0995
vt 0.8633 0.1003
vt 0.8518 0.0806
vt 0.8636 0.0813
vt 0.8539 0.0633
vt 0.8649 0.0638
vt 0.8558 0.0480
vt 0.8663 0.0484
vt 0.6732 0.1388
vt 0.6876 0.1379
vt 0.6750 0.1189
vt 0.6889 0.1180
vt 0.6769 0.1001
vt 0.6903 0.0994
vt 0.6783 0.0825
vt 0.6913 0.0820
vt 0.6789 0.0661
vt 0.6918 0.0659
vt 0.6803 0.0531
vt 0.6928 0.0531
vt 0.7001 0.1368
vt 0.7011 0.1369
vt 0.7006 0.1169
vt 0.7016 0.1169
vt 0.7013 0.0985
vt 0.7022 0.0985
vt 0.7020 0.0815
vt 0.7028 0.0815
vt 0.7026 0.0656
vt 0.7034 0.0657
vt 0.7036 0.0539
vt 0.7042 0.0538
vt 0.7339 0.1382
vt 0.7334 0.1179
vt 0.7324 0.0991
vt 0.7315 0.0815
vt 0.7309 0.0654
vt 0.7290 0.0529
vt 0.8205 0.5410
vt 0.6968 0.1372
vt 0.6975 0.1172
vt 0.6984 0.0987
vt 0.6992 0.0816
vt 0.6998 0.0657
vt 0.7006 0.0532
vt 0.8400 0.0797
vt 0.8427 0.0625
vt 0.6308 0.1407
vt 0.6329 0.1205
vt 0.6354 0.1008
vt 0.6372 0.0822
vt 0.6376 0.0646
vt 0.6394 0.0493
vt 0.8276 0.0784
vt 0.8264 0.2056
vt 0.7744 0.2622
vt 0.7746 0.3120
vt 0.8175 0.0595
vt 0.8195 0.0447
vt 0.8145 0.0767
vt 0.8132 0.0954
vt 0.8129 0.1156
vt 0.8126 0.1368
vt 0.8129 0.1593
vt 0.8125 0.2047
vt 0.8131 0.1825
vt 0.8120 0.2245
vt 0.8116 0.2421
vt 0.8116 0.2591
vt 0.8118 0.2760
vt 0.8121 0.2928
vt 0.8122 0.3096
vt 0.8116 0.3430
vt 0.8120 0.3263
vt 0.8111 0.3595
vt 0.8107 0.3761
vt 0.8100 0.3925
vt 0.8089 0.4090
vt 0.8063 0.4417
vt 0.8077 0.4253
vt 0.8048 0.4580
vt 0.8032 0.4742
vt 0.8019 0.4905
vt 0.8010 0.5068
vt 0.8013 0.5587
vt 0.8014 0.5403
vt 0.7986 0.5870
vt 0.8009 0.5234
vt 0.7943 0.6227
vt 0.7053 0.0657
vt 0.7061 0.0535
vt 0.7049 0.0815
vt 0.7045 0.0986
vt 0.7040 0.1170
vt 0.7035 0.1370
vt 0.7031 0.1588
vt 0.7021 0.2044
vt 0.7026 0.1818
vt 0.7015 0.2249
vt 0.7007 0.2429
vt 0.6999 0.2602
vt 0.6991 0.2772
vt 0.6983 0.2941
vt 0.6973 0.3111
vt 0.6953 0.3451
vt 0.6963 0.3281
vt 0.6944 0.3618
vt 0.6935 0.3785
vt 0.6927 0.3952
vt 0.6920 0.4118
vt 0.6903 0.4439
vt 0.6912 0.4281
vt 0.6895 0.4595
vt 0.6889 0.4750
vt 0.6884 0.4906
vt 0.6847 0.5230
vt 0.6838 0.5407
vt 0.6828 0.5613
vt 0.6821 0.5977
vt 0.6851 0.5063
vt 0.6855 0.6561
vt 0.6874 0.6691
vt 0.7017 0.0657
vt 0.7029 0.0537
vt 0.7010 0.0815
vt 0.7003 0.0985
vt 0.6996 0.1170
vt 0.6990 0.1369
vt 0.6984 0.1586
vt 0.6974 0.2041
vt 0.6979 0.1816
vt 0.6968 0.2246
vt 0.6961 0.2425
vt 0.6952 0.2597
vt 0.6943 0.2766
vt 0.6934 0.2934
vt 0.6924 0.3104
vt 0.6901 0.3443
vt 0.6913 0.3274
vt 0.6890 0.3611
vt 0.6880 0.3777
vt 0.6871 0.3945
vt 0.6863 0.4111
vt 0.6845 0.4433
vt 0.6855 0.4274
vt 0.6836 0.4588
vt 0.6828 0.4743
vt 0.6822 0.4900
vt 0.6817 0.5060
vt 0.6765 0.5227
vt 0.6752 0.5407
vt 0.6740 0.5616
vt 0.6742 0.5965
vt 0.6791 0.6564
vt 0.6805 0.6699
vt 0.9870 0.5247
vt 0.9849 0.5085
vt 0.9642 0.5160
vt 0.9636 0.5378
vt 0.9826 0.4922
vt 0.9636 0.4971
vt 0.9360 0.6714
vt 0.9263 0.6690
vt 0.9209 0.6876
vt 0.9311 0.6903
vt 0.9065 0.6661
vt 0.9029 0.6838
vt 0.9120 0.6323
vt 0.9157 0.6007
vt 0.8992 0.5971
vt 0.8962 0.6286
vt 0.9198 0.5483
vt 0.9208 0.5258
vt 0.9003 0.5271
vt 0.8999 0.5481
vt 0.8797 0.5934
vt 0.8783 0.6252
vt 0.8795 0.5270
vt 0.8801 0.5466
vt 0.8573 0.6235
vt 0.8609 0.5902
vt 0.8428 0.5880
vt 0.8387 0.6225
vt 0.8602 0.5448
vt 0.8590 0.5265
vt 0.8403 0.5260
vt 0.8415 0.5435
vt 0.7513 0.0782
vt 0.7526 0.0964
vt 0.7661 0.0967
vt 0.7648 0.0779
vt 0.7613 0.3920
vt 0.7621 0.4083
vt 0.7791 0.4061
vt 0.7780 0.3899
vt 0.6399 0.5003
vt 0.6371 0.5177
vt 0.6593 0.5196
vt 0.6621 0.5023
vt 0.7678 0.1168
vt 0.7543 0.1160
vt 0.7553 0.1368
vt 0.7688 0.1378
vt 0.6207 0.5701
vt 0.6311 0.6025
vt 0.6431 0.5993
vt 0.6337 0.5613
vt 0.5893 0.5221
vt 0.5938 0.5075
vt 0.5739 0.5028
vt 0.5664 0.5170
vt 0.6868 0.6535
vt 0.6889 0.6666
vt 0.6906 0.6664
vt 0.6886 0.6534
vt 0.6911 0.6532
vt 0.6934 0.6659
vt 0.7012 0.6647
vt 0.6992 0.6525
vt 0.7139 0.6635
vt 0.7125 0.6512
vt 0.7260 0.6506
vt 0.7271 0.6631
vt 0.7421 0.6632
vt 0.7413 0.6496
vt 0.6835 0.5031
vt 0.6835 0.5197
vt 0.6857 0.5197
vt 0.6855 0.5032
vt 0.6112 0.5288
vt 0.6148 0.5127
vt 0.6899 0.5035
vt 0.6896 0.5199
vt 0.7013 0.5200
vt 0.7026 0.5039
vt 0.9403 0.6743
vt 0.9362 0.6931
vt 0.7165 0.5201
vt 0.7176 0.5044
vt 0.6819 0.5581
vt 0.6822 0.5938
vt 0.6843 0.5942
vt 0.6843 0.5580
vt 0.9423 0.5020
vt 0.9206 0.5056
vt 0.9208 0.5258
vt 0.9423 0.5221
vt 0.6874 0.5577
vt 0.6870 0.5949
vt 0.6958 0.5958
vt 0.6972 0.5571
vt 0.7112 0.5939
vt 0.7131 0.5559
vt 0.7303 0.5553
vt 0.7280 0.5923
vt 0.7468 0.5874
vt 0.7486 0.5543
vt 0.7589 0.6478
vt 0.7594 0.6631
vt 0.7676 0.5360
vt 0.7672 0.5197
vt 0.7494 0.5200
vt 0.7489 0.5361
vt 0.7329 0.5046
vt 0.7324 0.5201
vt 0.7494 0.5200
vt 0.7495 0.5044
vt 0.7670 0.5039
vt 0.6148 0.5127
vt 0.6179 0.4964
vt 0.5979 0.4921
vt 0.5798 0.4879
vt 0.9896 0.5387
vt 0.9618 0.5657
vt 0.9714 0.5723
vt 0.9928 0.5447
vt 0.7629 0.4245
vt 0.7801 0.4223
vt 0.8588 0.5087
vt 0.8400 0.5088
vt 0.8999 0.5075
vt 0.8790 0.5083
vt 0.6542 0.6577
vt 0.6571 0.6709
vt 0.6702 0.6688
vt 0.6675 0.6550
vt 0.6074 0.5433
vt 0.5852 0.5344
vt 0.5822 0.5421
vt 0.6021 0.5513
vt 0.5594 0.5293
vt 0.5570 0.5355
vt 0.9198 0.5483
vt 0.9183 0.5724
vt 0.9377 0.5722
vt 0.9408 0.5454
vt 0.7654 0.5818
vt 0.7676 0.5532
vt 0.8374 0.2431
vt 0.8369 0.2262
vt 0.8231 0.2261
vt 0.8233 0.2433
vt 0.7311 0.5364
vt 0.7489 0.5361
vt 0.6993 0.5369
vt 0.7149 0.5365
vt 0.6886 0.5373
vt 0.6829 0.5374
vt 0.6852 0.5373
vt 0.6351 0.5370
vt 0.6566 0.5384
vt 0.8613 0.5640
vt 0.8425 0.5617
vt 0.9000 0.5699
vt 0.8810 0.5669
vt 0.9183 0.5724
vt 0.9319 0.6029
vt 0.8216 0.5086
vt 0.8220 0.5254
vt 0.8240 0.5601
vt 0.8234 0.5865
vt 0.8216 0.1183
vt 0.8343 0.1197
vt 0.8342 0.0993
vt 0.8216 0.0980
vt 0.7661 0.4885
vt 0.7670 0.5039
vt 0.7854 0.5035
vt 0.7843 0.4872
vt 0.6112 0.5288
vt 0.6074 0.5433
vt 0.6337 0.5613
vt 0.6351 0.5370
vt 0.9618 0.5657
vt 0.9468 0.6049
vt 0.6440 0.6598
vt 0.6469 0.6731
vt 0.9568 0.6086
vt 0.6589 0.5943
vt 0.6554 0.5604
vt 0.9636 0.5378
vt 0.7509 0.0612
vt 0.7643 0.0603
vt 0.8426 0.4085
vt 0.8427 0.3920
vt 0.8266 0.3931
vt 0.8261 0.4096
vt 0.8556 0.3238
vt 0.8548 0.3071
vt 0.8402 0.3083
vt 0.8409 0.3251
vt 0.6573 0.3208
vt 0.6581 0.3041
vt 0.6409 0.3018
vt 0.6399 0.3183
vt 0.8860 0.3207
vt 0.8847 0.3043
vt 0.8698 0.3057
vt 0.8709 0.3223
vt 0.6239 0.3158
vt 0.6252 0.2996
vt 0.6108 0.2977
vt 0.6093 0.3136
vt 0.7440 0.3271
vt 0.7441 0.3102
vt 0.7307 0.3105
vt 0.7304 0.3275
vt 0.9013 0.3190
vt 0.8998 0.3027
vt 0.7587 0.3261
vt 0.7587 0.3094
vt 0.9351 0.3150
vt 0.9328 0.2988
vt 0.9161 0.3008
vt 0.9180 0.3171
vt 0.7189 0.3102
vt 0.7185 0.3273
vt 0.9501 0.3132
vt 0.9475 0.2970
vt 0.7073 0.3093
vt 0.7068 0.3264
vt 0.6747 0.3229
vt 0.6753 0.3059
vt 0.6933 0.3251
vt 0.6942 0.3080
vt 0.6932 0.3079
vt 0.6923 0.3249
vt 0.6876 0.3242
vt 0.6884 0.3072
vt 0.6831 0.4242
vt 0.6838 0.4079
vt 0.6708 0.4064
vt 0.6701 0.4227
vt 0.6890 0.4250
vt 0.6896 0.4087
vt 0.6883 0.4086
vt 0.6877 0.4249
vt 0.8762 0.4220
vt 0.8755 0.4054
vt 0.8588 0.4071
vt 0.8590 0.4237
vt 0.6516 0.4037
vt 0.6508 0.4200
vt 0.7177 0.4268
vt 0.7179 0.4106
vt 0.7048 0.4099
vt 0.7043 0.4261
vt 0.9304 0.4158
vt 0.9280 0.3993
vt 0.9092 0.4015
vt 0.9111 0.4181
vt 0.9669 0.4109
vt 0.9638 0.3946
vt 0.9470 0.3969
vt 0.9498 0.4133
vt 0.7315 0.4267
vt 0.7313 0.4105
vt 0.7460 0.4098
vt 0.7466 0.4259
vt 0.6306 0.4163
vt 0.6321 0.4001
vt 0.6139 0.3965
vt 0.6118 0.4125
vt 0.8921 0.4035
vt 0.8934 0.4201
vt 0.5976 0.3932
vt 0.5951 0.4091
vt 0.8426 0.4085
vt 0.8424 0.4251
vt 0.7440 0.1812
vt 0.7434 0.1579
vt 0.7317 0.1570
vt 0.7320 0.1804
vt 0.6364 0.1804
vt 0.6387 0.1591
vt 0.6256 0.1594
vt 0.6232 0.1803
vt 0.8746 0.1858
vt 0.8732 0.1643
vt 0.8606 0.1642
vt 0.8618 0.1861
vt 0.6670 0.1798
vt 0.6687 0.1576
vt 0.6531 0.1585
vt 0.6510 0.1802
vt 0.8488 0.1860
vt 0.8478 0.1637
vt 0.8353 0.1629
vt 0.8361 0.1855
vt 0.6930 0.1789
vt 0.6934 0.1560
vt 0.6837 0.1567
vt 0.6825 0.1793
vt 0.7214 0.1564
vt 0.7215 0.1797
vt 0.6978 0.1788
vt 0.6980 0.1558
vt 0.6970 0.1557
vt 0.6968 0.1787
vt 0.7111 0.1560
vt 0.7109 0.1792
vt 0.8238 0.4592
vt 0.8414 0.4586
vt 0.8419 0.4418
vt 0.8247 0.4426
vt 0.9021 0.1832
vt 0.9002 0.1619
vt 0.8861 0.1636
vt 0.8878 0.1850
vt 0.9298 0.1780
vt 0.9278 0.1567
vt 0.9148 0.1594
vt 0.9168 0.1807
vt 0.7573 0.1820
vt 0.7564 0.1589
vt 0.7604 0.3757
vt 0.7768 0.3737
vt 0.7755 0.3575
vt 0.7594 0.3593
vt 0.7741 0.3248
vt 0.7587 0.3261
vt 0.7589 0.3428
vt 0.7746 0.3412
vt 0.8344 0.1409
vt 0.8217 0.1396
vt 0.8424 0.4251
vt 0.8255 0.4261
vt 0.8267 0.3765
vt 0.8425 0.3754
vt 0.8419 0.3587
vt 0.8264 0.3599
vt 0.8590 0.4916
vt 0.8403 0.4921
vt 0.8591 0.4746
vt 0.8409 0.4754
vt 0.8591 0.4575
vt 0.8414 0.4586
vt 0.8591 0.4405
vt 0.6426 0.4837
vt 0.6209 0.4802
vt 0.6454 0.4676
vt 0.6240 0.4641
vt 0.6477 0.4517
vt 0.6267 0.4482
vt 0.6495 0.4359
vt 0.6290 0.4323
vt 0.8989 0.4893
vt 0.8788 0.4907
vt 0.8975 0.4716
vt 0.8782 0.4733
vt 0.8961 0.4542
vt 0.8775 0.4560
vt 0.8947 0.4370
vt 0.8769 0.4389
vt 0.6014 0.4763
vt 0.5841 0.4726
vt 0.6045 0.4604
vt 0.5874 0.4568
vt 0.6073 0.4444
vt 0.5901 0.4410
vt 0.6098 0.4285
vt 0.5927 0.4250
vt 0.7491 0.4891
vt 0.7330 0.4894
vt 0.7483 0.4737
vt 0.7325 0.4741
vt 0.7476 0.4580
vt 0.7320 0.4585
vt 0.7470 0.4420
vt 0.7316 0.4427
vt 0.9191 0.4872
vt 0.9171 0.4694
vt 0.9151 0.4520
vt 0.9131 0.4349
vt 0.7651 0.4727
vt 0.7643 0.4568
vt 0.7636 0.4406
vt 0.9616 0.4798
vt 0.9406 0.4838
vt 0.9588 0.4629
vt 0.9381 0.4664
vt 0.9557 0.4462
vt 0.9355 0.4493
vt 0.9528 0.4297
vt 0.9329 0.4324
vt 0.7177 0.4892
vt 0.7174 0.4739
vt 0.7173 0.4584
vt 0.7173 0.4427
vt 0.9798 0.4760
vt 0.9766 0.4597
vt 0.9733 0.4434
vt 0.9701 0.4272
vt 0.8395 0.2917
vt 0.8388 0.2754
vt 0.8244 0.2763
vt 0.8250 0.2928
vt 0.7811 0.4386
vt 0.7821 0.4549
vt 0.7031 0.4884
vt 0.7029 0.4731
vt 0.7031 0.4576
vt 0.7036 0.4420
vt 0.6645 0.4859
vt 0.6663 0.4700
vt 0.6679 0.4543
vt 0.6691 0.4386
vt 0.6869 0.5033
vt 0.6869 0.4874
vt 0.6854 0.4873
vt 0.6855 0.5032
vt 0.6870 0.4719
vt 0.6856 0.4717
vt 0.6876 0.4564
vt 0.6862 0.4562
vt 0.6883 0.4409
vt 0.6869 0.4407
vt 0.6793 0.5029
vt 0.6799 0.4869
vt 0.6806 0.4712
vt 0.6815 0.4557
vt 0.6823 0.4401
vt 0.6843 0.3913
vt 0.6713 0.3898
vt 0.6850 0.3746
vt 0.6720 0.3731
vt 0.6858 0.3579
vt 0.6730 0.3565
vt 0.6867 0.3411
vt 0.6739 0.3398
vt 0.8256 0.3095
vt 0.8260 0.3264
vt 0.6902 0.3921
vt 0.6889 0.3920
vt 0.6909 0.3754
vt 0.6896 0.3753
vt 0.6916 0.3587
vt 0.6904 0.3586
vt 0.6925 0.3420
vt 0.6913 0.3418
vt 0.8747 0.3889
vt 0.8585 0.3905
vt 0.8738 0.3723
vt 0.8579 0.3740
vt 0.8728 0.3558
vt 0.8572 0.3573
vt 0.8719 0.3390
vt 0.8564 0.3406
vt 0.6524 0.3872
vt 0.6536 0.3707
vt 0.6551 0.3542
vt 0.6564 0.3375
vt 0.7179 0.3942
vt 0.7052 0.3934
vt 0.7179 0.3776
vt 0.7056 0.3767
vt 0.7179 0.3610
vt 0.7059 0.3601
vt 0.7181 0.3442
vt 0.7063 0.3434
vt 0.7564 0.1589
vt 0.7701 0.1600
vt 0.8229 0.4758
vt 0.8220 0.4922
vt 0.9257 0.3829
vt 0.9075 0.3851
vt 0.9237 0.3665
vt 0.9059 0.3687
vt 0.9219 0.3501
vt 0.9044 0.3522
vt 0.9200 0.3335
vt 0.9029 0.3356
vt 0.9609 0.3784
vt 0.9444 0.3805
vt 0.9581 0.3621
vt 0.9420 0.3642
vt 0.9556 0.3458
vt 0.9398 0.3478
vt 0.9529 0.3295
vt 0.9375 0.3314
vt 0.7309 0.3942
vt 0.7305 0.3777
vt 0.7302 0.3611
vt 0.7302 0.3444
vt 0.7454 0.3934
vt 0.7447 0.3770
vt 0.7441 0.3605
vt 0.7589 0.3428
vt 0.7439 0.3439
vt 0.6334 0.3838
vt 0.6160 0.3804
vt 0.6352 0.3676
vt 0.6183 0.3644
vt 0.6371 0.3513
vt 0.6206 0.3483
vt 0.6387 0.3348
vt 0.6225 0.3321
vt 0.8909 0.3870
vt 0.8896 0.3706
vt 0.8884 0.3540
vt 0.8872 0.3374
vt 0.6002 0.3773
vt 0.6028 0.3615
vt 0.6054 0.3456
vt 0.6075 0.3296
vt 0.8425 0.3754
vt 0.8414 0.3420
vt 0.7867 0.5368
vt 0.7862 0.5199
vt 0.8262 0.3432
vt 0.8984 0.2868
vt 0.8834 0.2882
vt 0.8970 0.2712
vt 0.8821 0.2726
vt 0.8956 0.2558
vt 0.8807 0.2571
vt 0.8940 0.2401
vt 0.8793 0.2413
vt 0.8920 0.2238
vt 0.8778 0.2250
vt 0.8899 0.2053
vt 0.8762 0.2064
vt 0.6419 0.2857
vt 0.6265 0.2838
vt 0.6431 0.2697
vt 0.6279 0.2681
vt 0.6444 0.2538
vt 0.6295 0.2524
vt 0.6459 0.2376
vt 0.6311 0.2366
vt 0.6475 0.2207
vt 0.6328 0.2199
vt 0.6491 0.2013
vt 0.6345 0.2010
vt 0.7587 0.2925
vt 0.7442 0.2932
vt 0.7586 0.2757
vt 0.7441 0.2762
vt 0.7582 0.2589
vt 0.7440 0.2591
vt 0.7579 0.2418
vt 0.7439 0.2418
vt 0.7576 0.2241
vt 0.7440 0.2239
vt 0.7575 0.2043
vt 0.7441 0.2037
vt 0.9307 0.2829
vt 0.9144 0.2849
vt 0.9289 0.2673
vt 0.9129 0.2694
vt 0.9270 0.2517
vt 0.9113 0.2539
vt 0.9250 0.2360
vt 0.9095 0.2383
vt 0.9224 0.2196
vt 0.9072 0.2219
vt 0.9195 0.2011
vt 0.9046 0.2035
vt 0.9452 0.2811
vt 0.9430 0.2653
vt 0.9409 0.2495
vt 0.9385 0.2337
vt 0.9357 0.2172
vt 0.9327 0.1985
vt 0.8381 0.2594
vt 0.8239 0.2599
vt 0.7841 0.5832
vt 0.7866 0.5550
vt 0.7723 0.2416
vt 0.7718 0.2242
vt 0.7735 0.2750
vt 0.7737 0.2916
vt 0.7749 0.6488
vt 0.7746 0.6643
vt 0.7714 0.2047
vt 0.7710 0.1828
vt 0.7192 0.2930
vt 0.7077 0.2922
vt 0.7194 0.2758
vt 0.7080 0.2751
vt 0.7196 0.2586
vt 0.7084 0.2579
vt 0.7201 0.2412
vt 0.7090 0.2406
vt 0.7207 0.2230
vt 0.7098 0.2225
vt 0.7212 0.2025
vt 0.7105 0.2019
vt 0.8686 0.2895
vt 0.8538 0.2906
vt 0.8674 0.2736
vt 0.8529 0.2746
vt 0.8662 0.2580
vt 0.8520 0.2588
vt 0.8650 0.2422
vt 0.8510 0.2428
vt 0.8638 0.2257
vt 0.8502 0.2261
vt 0.8628 0.2070
vt 0.8495 0.2072
vt 0.6759 0.2892
vt 0.6589 0.2876
vt 0.6765 0.2726
vt 0.6597 0.2713
vt 0.6774 0.2560
vt 0.6608 0.2550
vt 0.6785 0.2392
vt 0.6622 0.2385
vt 0.6798 0.2215
vt 0.6637 0.2212
vt 0.6812 0.2013
vt 0.6653 0.2014
vt 0.6950 0.2910
vt 0.6940 0.2909
vt 0.6957 0.2741
vt 0.6948 0.2740
vt 0.6963 0.2572
vt 0.6954 0.2570
vt 0.6969 0.2399
vt 0.6960 0.2398
vt 0.6974 0.2219
vt 0.6965 0.2218
vt 0.6977 0.2013
vt 0.6967 0.2013
vt 0.7309 0.2934
vt 0.7310 0.2762
vt 0.7310 0.2591
vt 0.7313 0.2416
vt 0.7317 0.2235
vt 0.7320 0.2031
vt 0.8198 0.6215
vt 0.8353 0.1629
vt 0.8224 0.1618
vt 0.6892 0.2903
vt 0.6899 0.2735
vt 0.6905 0.2567
vt 0.6913 0.2396
vt 0.6920 0.2217
vt 0.6926 0.2013
vt 0.8395 0.2917
vt 0.8365 0.2071
vt 0.6123 0.2821
vt 0.6139 0.2666
vt 0.6158 0.2511
vt 0.6176 0.2354
vt 0.6194 0.2190
vt 0.6212 0.2005
vt 0.8848 0.1423
vt 0.8721 0.1428
vt 0.8834 0.1214
vt 0.8712 0.1218
vt 0.8822 0.1010
vt 0.8703 0.1013
vt 0.8810 0.0821
vt 0.8697 0.0823
vt 0.8798 0.0648
vt 0.8696 0.0650
vt 0.8784 0.0504
vt 0.8700 0.0504
vt 0.6550 0.1374
vt 0.6409 0.1382
vt 0.6567 0.1174
vt 0.6427 0.1182
vt 0.6587 0.0983
vt 0.6449 0.0988
vt 0.6599 0.0804
vt 0.6462 0.0807
vt 0.6600 0.0638
vt 0.6462 0.0637
vt 0.6612 0.0501
vt 0.6476 0.0496
vt 0.7425 0.1358
vt 0.7415 0.1152
vt 0.7401 0.0961
vt 0.7389 0.0782
vt 0.7384 0.0616
vt 0.7490 0.0474
vt 0.7366 0.0484
vt 0.9133 0.1383
vt 0.8988 0.1408
vt 0.9114 0.1178
vt 0.8970 0.1201
vt 0.9098 0.0978
vt 0.8956 0.0998
vt 0.9075 0.0793
vt 0.8937 0.0811
vt 0.9038 0.0625
vt 0.8911 0.0641
vt 0.9006 0.0481
vt 0.8884 0.0498
vt 0.9261 0.1356
vt 0.9242 0.1152
vt 0.9225 0.0954
vt 0.9200 0.0770
vt 0.9160 0.0602
vt 0.9130 0.0455
vt 0.8231 0.1847
vt 0.8378 0.0635
vt 0.8401 0.0486
vt 0.8279 0.0473
vt 0.8256 0.0622
vt 0.7831 0.4711
vt 0.7624 0.0456
vt 0.7211 0.1343
vt 0.7111 0.1341
vt 0.7206 0.1141
vt 0.7111 0.1140
vt 0.7200 0.0954
vt 0.7109 0.0954
vt 0.7193 0.0779
vt 0.7107 0.0779
vt 0.7190 0.0617
vt 0.7104 0.0618
vt 0.7178 0.0494
vt 0.7100 0.0492
vt 0.8596 0.1425
vt 0.8468 0.1418
vt 0.8590 0.1214
vt 0.8465 0.1207
vt 0.8584 0.1009
vt 0.8462 0.1002
vt 0.8585 0.0820
vt 0.8468 0.0815
vt 0.8597 0.0648
vt 0.8489 0.0643
vt 0.8612 0.0499
vt 0.8510 0.0493
vt 0.6847 0.1352
vt 0.6703 0.1363
vt 0.6857 0.1152
vt 0.6717 0.1163
vt 0.6868 0.0965
vt 0.6734 0.0975
vt 0.6875 0.0789
vt 0.6744 0.0797
vt 0.6875 0.0625
vt 0.6744 0.0632
vt 0.6880 0.0495
vt 0.6753 0.0500
vt 0.6981 0.1340
vt 0.6971 0.1339
vt 0.6984 0.1140
vt 0.6974 0.1139
vt 0.6988 0.0954
vt 0.6979 0.0954
vt 0.6992 0.0781
vt 0.6983 0.0781
vt 0.6994 0.0619
vt 0.6986 0.0618
vt 0.7000 0.0493
vt 0.6994 0.0494
vt 0.7310 0.1349
vt 0.7303 0.1146
vt 0.7292 0.0957
vt 0.7283 0.0780
vt 0.7278 0.0617
vt 0.7262 0.0490
vt 0.8232 0.5424
vt 0.6938 0.1343
vt 0.6943 0.1143
vt 0.6949 0.0957
vt 0.6954 0.0783
vt 0.6957 0.0620
vt 0.6961 0.0490
vt 0.8351 0.0806
vt 0.8378 0.0635
vt 0.6279 0.1388
vt 0.6297 0.1186
vt 0.6319 0.0990
vt 0.6334 0.0805
vt 0.6334 0.0631
vt 0.6347 0.0481
vt 0.8227 0.0793
vt 0.8231 0.2066
vt 0.7730 0.2584
vt 0.7739 0.3082
vt 0.8145 0.0453
vt 0.8124 0.0603
vt 0.8095 0.0777
vt 0.8083 0.0965
vt 0.8083 0.1167
vt 0.8082 0.1380
vt 0.8089 0.1605
vt 0.8094 0.1837
vt 0.8092 0.2059
vt 0.8089 0.2257
vt 0.8088 0.2433
vt 0.8091 0.2604
vt 0.8096 0.2772
vt 0.8101 0.2940
vt 0.8106 0.3108
vt 0.8106 0.3275
vt 0.8104 0.3442
vt 0.8103 0.3608
vt 0.8101 0.3773
vt 0.8097 0.3938
vt 0.8089 0.4103
vt 0.8080 0.4267
vt 0.8069 0.4430
vt 0.8057 0.4594
vt 0.8046 0.4757
vt 0.8034 0.4919
vt 0.8028 0.5082
vt 0.8040 0.5419
vt 0.8047 0.5603
vt 0.8041 0.5890
vt 0.8030 0.5249
vt 0.8014 0.6256
vt 0.7021 0.0490
vt 0.7014 0.0619
vt 0.7013 0.0781
vt 0.7011 0.0955
vt 0.7008 0.1140
vt 0.7006 0.1341
vt 0.7005 0.1559
vt 0.7003 0.1789
vt 0.7000 0.2015
vt 0.6997 0.2220
vt 0.6991 0.2401
vt 0.6985 0.2573
vt 0.6979 0.2743
vt 0.6973 0.2913
vt 0.6966 0.3083
vt 0.6958 0.3253
vt 0.6951 0.3423
vt 0.6943 0.3590
vt 0.6936 0.3757
vt 0.6931 0.3924
vt 0.6925 0.4090
vt 0.6919 0.4252
vt 0.6912 0.4411
vt 0.6906 0.4566
vt 0.6901 0.4721
vt 0.6900 0.4877
vt 0.6869 0.5198
vt 0.6864 0.5374
vt 0.6854 0.5580
vt 0.6852 0.5945
vt 0.6869 0.5033
vt 0.6895 0.6534
vt 0.6915 0.6663
vt 0.6976 0.0619
vt 0.6986 0.0492
vt 0.6973 0.0782
vt 0.6969 0.0955
vt 0.6964 0.1140
vt 0.6960 0.1340
vt 0.6958 0.1558
vt 0.6953 0.2012
vt 0.6956 0.1788
vt 0.6950 0.2217
vt 0.6945 0.2397
vt 0.6938 0.2569
vt 0.6932 0.2738
vt 0.6925 0.2907
vt 0.6916 0.3076
vt 0.6898 0.3416
vt 0.6907 0.3246
vt 0.6889 0.3583
vt 0.6881 0.3750
vt 0.6874 0.3917
vt 0.6868 0.4084
vt 0.6854 0.4405
vt 0.6862 0.4246
vt 0.6847 0.4560
vt 0.6840 0.4715
vt 0.6837 0.4871
vt 0.6835 0.5031
vt 0.6776 0.5376
vt 0.6786 0.5197
vt 0.6765 0.5586
vt 0.6774 0.5935
vt 0.6844 0.6672
vt 0.6828 0.6537
vt 0.6800 0.6279
vt 0.6843 0.6282
vt 0.6862 0.6286
vt 0.6871 0.6288
vt 0.6635 0.6281
vt 0.6888 0.6290
vt 0.8163 0.6726
vt 0.8159 0.6556
vt 0.7993 0.6563
vt 0.8004 0.6722
vt 0.8323 0.6735
vt 0.8325 0.6562
vt 0.7604 0.6173
vt 0.7775 0.6188
vt 0.7109 0.6280
vt 0.7261 0.6269
vt 0.8728 0.6780
vt 0.8775 0.6598
vt 0.8540 0.6580
vt 0.8520 0.6755
vt 0.6386 0.6348
vt 0.6494 0.6328
vt 0.7426 0.6230
vt 0.9409 0.6378
vt 0.9491 0.6436
vt 0.6968 0.6299
vt 0.8880 0.6802
vt 0.8922 0.6620
vt 0.9292 0.6341
vt 0.6805 0.6311
vt 0.6762 0.6308
vt 0.6832 0.6317
vt 0.6824 0.6315
vt 0.6596 0.6307
vt 0.6847 0.6319
vt 0.8098 0.6701
vt 0.7928 0.6698
vt 0.7917 0.6539
vt 0.8095 0.6532
vt 0.8259 0.6717
vt 0.8267 0.6546
vt 0.7741 0.6213
vt 0.7554 0.6199
vt 0.7192 0.6305
vt 0.7049 0.6315
vt 0.8606 0.6760
vt 0.8423 0.6737
vt 0.8459 0.6564
vt 0.8667 0.6581
vt 0.6455 0.6353
vt 0.6346 0.6372
vt 0.7362 0.6265
vt 0.9449 0.6444
vt 0.9373 0.6384
vt 0.6922 0.6330
vt 0.8797 0.6795
vt 0.8841 0.6615
vt 0.9254 0.6343
vt 0.8606 0.0484
vt 0.8504 0.0480
vt 0.6480 0.0486
vt 0.6355 0.0471
vt 0.8276 0.0461
vt 0.8146 0.0443
vt 0.8396 0.0473
vt 0.9011 0.0468
vt 0.8890 0.0484
vt 0.6954 0.0479
vt 0.6875 0.0484
vt 0.7020 0.0477
vt 0.6997 0.0480
vt 0.6989 0.0481
vt 0.6751 0.0490
vt 0.6613 0.0492
vt 0.6978 0.0480
vt 0.7266 0.0479
vt 0.7180 0.0481
vt 0.8787 0.0488
vt 0.7369 0.0473
vt 0.7100 0.0478
vt 0.8698 0.0487
vt 0.7619 0.0446
vt 0.7490 0.0464
vt 0.9132 0.0444
vt 0.8605 0.0457
vt 0.8504 0.0452
vt 0.7020 0.0447
vt 0.6996 0.0447
vt 0.7366 0.0446
vt 0.7264 0.0451
vt 0.7486 0.0437
vt 0.6875 0.0455
vt 0.6751 0.0462
vt 0.6979 0.0448
vt 0.6955 0.0449
vt 0.9007 0.0441
vt 0.8887 0.0458
vt 0.6615 0.0464
vt 0.6483 0.0459
vt 0.6989 0.0448
vt 0.8786 0.0463
vt 0.8698 0.0461
vt 0.8396 0.0445
vt 0.8278 0.0433
vt 0.7181 0.0452
vt 0.7614 0.0419
vt 0.6360 0.0444
vt 0.9127 0.0416
vt 0.8148 0.0414
vt 0.7101 0.0449
vt 0.7294 0.0512
vt 0.7396 0.0502
vt 0.6408 0.0478
vt 0.6533 0.0498
vt 0.8195 0.0431
vt 0.8321 0.0447
vt 0.8439 0.0456
vt 0.8959 0.0466
vt 0.9083 0.0458
vt 0.6921 0.0515
vt 0.6997 0.0515
vt 0.7038 0.0518
vt 0.7060 0.0515
vt 0.7030 0.0520
vt 0.7212 0.0517
vt 0.6665 0.0511
vt 0.6801 0.0515
vt 0.7020 0.0517
vt 0.8547 0.0459
vt 0.8850 0.0465
vt 0.7135 0.0515
vt 0.8653 0.0460
vt 0.8752 0.0461
vt 0.7517 0.0489
vt 0.7647 0.0468
vt 0.9202 0.0441
vt 0.6528 0.0456
vt 0.6659 0.0470
vt 0.7018 0.0472
vt 0.7028 0.0474
vt 0.8753 0.0418
vt 0.8846 0.0424
vt 0.8335 0.0408
vt 0.8449 0.0416
vt 0.6794 0.0475
vt 0.7218 0.0475
vt 0.7301 0.0471
vt 0.7522 0.0447
vt 0.7651 0.0425
vt 0.6404 0.0436
vt 0.9069 0.0422
vt 0.9186 0.0405
vt 0.8210 0.0393
vt 0.7139 0.0473
vt 0.8555 0.0419
vt 0.7058 0.0471
vt 0.8950 0.0428
vt 0.8656 0.0419
vt 0.6915 0.0473
vt 0.6994 0.0471
vt 0.7035 0.0473
vt 0.7402 0.0461
vt 0.8633 0.9409
vt 0.8603 0.9295
vt 0.9020 0.9284
vt 0.9126 0.9363
vt 0.9430 0.8549
vt 0.9336 0.8616
vt 0.9067 0.8356
vt 0.9120 0.8219
vt 0.9447 0.9001
vt 0.9308 0.8994
vt 0.8244 0.8554
vt 0.8341 0.8610
vt 0.8314 0.9011
vt 0.8283 0.9080
vt 0.8622 0.8219
vt 0.8664 0.8355
vt 0.8280 0.9035
vt 0.8280 0.8572
vt 0.8381 0.8613
vt 0.8381 0.8993
vt 0.9071 0.8244
vt 0.9398 0.8572
vt 0.9297 0.8613
vt 0.9029 0.8345
vt 0.8649 0.9262
vt 0.8607 0.9362
vt 0.9398 0.9035
vt 0.9297 0.8993
vt 0.9071 0.9362
vt 0.9029 0.9262
vt 0.8607 0.8244
vt 0.8649 0.8345
vt 0.8769 0.8635
vt 0.8799 0.8707
vt 0.8743 0.8763
vt 0.8670 0.8733
vt 0.8909 0.8972
vt 0.8879 0.8899
vt 0.8935 0.8843
vt 0.9008 0.8873
vt 0.8909 0.8635
vt 0.8879 0.8707
vt 0.8670 0.8873
vt 0.8743 0.8843
vt 0.9008 0.8733
vt 0.8935 0.8763
vt 0.8799 0.8899
vt 0.8769 0.8972
vt 0.8839 0.8803
vt 0.8679 0.9189
vt 0.8999 0.9189
vt 0.8709 0.9117
vt 0.8969 0.9117
vt 0.8739 0.9044
vt 0.8939 0.9044
vt 0.9225 0.8963
vt 0.9225 0.8643
vt 0.9153 0.8933
vt 0.9153 0.8673
vt 0.9080 0.8903
vt 0.9080 0.8703
vt 0.8453 0.8963
vt 0.8526 0.8933
vt 0.8598 0.8903
vt 0.8999 0.8417
vt 0.8969 0.8490
vt 0.8939 0.8562
vt 0.8453 0.8643
vt 0.8525 0.8673
vt 0.8598 0.8703
vt 0.8679 0.8417
vt 0.8709 0.8490
vt 0.8739 0.8562
vt 0.8639 0.9417
vt 0.8610 0.9307
vt 0.9027 0.9295
vt 0.9132 0.9372
vt 0.9436 0.8557
vt 0.9342 0.8627
vt 0.9074 0.8367
vt 0.9125 0.8228
vt 0.9453 0.9010
vt 0.9315 0.9005
vt 0.8250 0.8562
vt 0.8348 0.8621
vt 0.8321 0.9022
vt 0.8289 0.9088
vt 0.8628 0.8228
vt 0.8671 0.8366
vt 0.8593 0.9372
vt 0.8265 0.9045
vt 0.8366 0.9003
vt 0.8634 0.9271
vt 0.8593 0.8254
vt 0.9056 0.8254
vt 0.9014 0.8355
vt 0.8634 0.8355
vt 0.9014 0.9271
vt 0.9056 0.9372
vt 0.9383 0.8581
vt 0.9283 0.8623
vt 0.9383 0.9045
vt 0.9283 0.9003
vt 0.8265 0.8581
vt 0.8366 0.8623
vt 0.8656 0.8743
vt 0.8728 0.8773
vt 0.8728 0.8853
vt 0.8656 0.8883
vt 0.8993 0.8883
vt 0.8920 0.8853
vt 0.8920 0.8773
vt 0.8993 0.8743
vt 0.8754 0.8644
vt 0.8784 0.8717
vt 0.8754 0.8982
vt 0.8784 0.8909
vt 0.8894 0.8644
vt 0.8864 0.8717
vt 0.8864 0.8909
vt 0.8894 0.8982
vt 0.8824 0.8813
vt 0.8984 0.9199
vt 0.9210 0.8973
vt 0.8954 0.9127
vt 0.9138 0.8943
vt 0.8924 0.9054
vt 0.9065 0.8913
vt 0.9210 0.8653
vt 0.8984 0.8427
vt 0.9138 0.8683
vt 0.8954 0.8499
vt 0.9065 0.8713
vt 0.8924 0.8572
vt 0.8664 0.9199
vt 0.8694 0.9127
vt 0.8724 0.9054
vt 0.8664 0.8427
vt 0.8694 0.8499
vt 0.8724 0.8572
vt 0.8438 0.8973
vt 0.8511 0.8943
vt 0.8583 0.8913
vt 0.8438 0.8653
vt 0.8511 0.8683
vt 0.8583 0.8713
vt 0.8639 0.9417
vt 0.8610 0.9307
vt 0.9027 0.9295
vt 0.9132 0.9372
vt 0.9436 0.8557
vt 0.9342 0.8627
vt 0.9074 0.8367
vt 0.9125 0.8228
vt 0.9452 0.9010
vt 0.9315 0.9005
vt 0.8250 0.8562
vt 0.8347 0.8621
vt 0.8321 0.9022
vt 0.8289 0.9088
vt 0.8628 0.8228
vt 0.8671 0.8366
vt 0.8596 0.9367
vt 0.8269 0.9039
vt 0.8369 0.8998
vt 0.8638 0.9266
vt 0.8596 0.8249
vt 0.9059 0.8249
vt 0.9018 0.8349
vt 0.8638 0.8349
vt 0.9018 0.9266
vt 0.9059 0.9367
vt 0.9387 0.8576
vt 0.9286 0.8618
vt 0.9387 0.9039
vt 0.9286 0.8998
vt 0.8269 0.8576
vt 0.8369 0.8618
vt 0.8659 0.8738
vt 0.8732 0.8768
vt 0.8732 0.8848
vt 0.8659 0.8878
vt 0.8996 0.8878
vt 0.8924 0.8848
vt 0.8924 0.8768
vt 0.8996 0.8738
vt 0.8758 0.8639
vt 0.8788 0.8712
vt 0.8758 0.8976
vt 0.8788 0.8904
vt 0.8898 0.8639
vt 0.8868 0.8712
vt 0.8868 0.8904
vt 0.8898 0.8976
vt 0.8828 0.8808
vt 0.8988 0.9194
vt 0.9214 0.8968
vt 0.8958 0.9121
vt 0.9141 0.8938
vt 0.8928 0.9049
vt 0.9069 0.8908
vt 0.9214 0.8648
vt 0.8988 0.8422
vt 0.9141 0.8678
vt 0.8958 0.8494
vt 0.9069 0.8708
vt 0.8928 0.8567
vt 0.8668 0.9194
vt 0.8698 0.9121
vt 0.8728 0.9049
vt 0.8668 0.8422
vt 0.8698 0.8494
vt 0.8728 0.8567
vt 0.8442 0.8968
vt 0.8514 0.8938
vt 0.8587 0.8908
vt 0.8442 0.8648
vt 0.8514 0.8678
vt 0.8587 0.8708
vt 0.8666 0.9420
vt 0.9158 0.9357
vt 0.9052 0.9284
vt 0.8636 0.9310
vt 0.9431 0.8532
vt 0.9109 0.8214
vt 0.9065 0.8354
vt 0.9342 0.8605
vt 0.9465 0.8984
vt 0.9329 0.8983
vt 0.8247 0.8580
vt 0.8305 0.9107
vt 0.8336 0.9036
vt 0.8348 0.8634
vt 0.8662 0.8368
vt 0.8612 0.8232
vt 0.9060 0.9367
vt 0.9018 0.9266
vt 0.9287 0.8998
vt 0.9388 0.9039
vt 0.9060 0.8249
vt 0.9018 0.8349
vt 0.8639 0.8349
vt 0.8597 0.8249
vt 0.8597 0.9367
vt 0.8639 0.9266
vt 0.8269 0.8576
vt 0.8370 0.8618
vt 0.8269 0.9039
vt 0.8370 0.8998
vt 0.9388 0.8576
vt 0.9287 0.8618
vt 0.8997 0.8738
vt 0.8997 0.8878
vt 0.8925 0.8848
vt 0.8925 0.8768
vt 0.8660 0.8878
vt 0.8660 0.8738
vt 0.8732 0.8768
vt 0.8732 0.8848
vt 0.8868 0.8712
vt 0.8898 0.8639
vt 0.8898 0.8976
vt 0.8868 0.8904
vt 0.8789 0.8712
vt 0.8759 0.8639
vt 0.8759 0.8976
vt 0.8789 0.8904
vt 0.8828 0.8808
vt 0.8442 0.8968
vt 0.8669 0.9194
vt 0.8515 0.8938
vt 0.8699 0.9121
vt 0.8587 0.8908
vt 0.8729 0.9049
vt 0.8669 0.8422
vt 0.8442 0.8648
vt 0.8699 0.8494
vt 0.8515 0.8678
vt 0.8729 0.8567
vt 0.8587 0.8708
vt 0.8988 0.9194
vt 0.8958 0.9121
vt 0.8928 0.9049
vt 0.8988 0.8422
vt 0.8958 0.8494
vt 0.8928 0.8567
vt 0.9214 0.8968
vt 0.9142 0.8938
vt 0.9069 0.8908
vt 0.9214 0.8648
vt 0.9142 0.8678
vt 0.9069 0.8708
vt 0.8656 0.9413
vt 0.9147 0.9350
vt 0.9038 0.9274
vt 0.8622 0.9300
vt 0.9421 0.8525
vt 0.9098 0.8207
vt 0.9052 0.8344
vt 0.9329 0.8595
vt 0.9454 0.8977
vt 0.9316 0.8974
vt 0.8236 0.8573
vt 0.8294 0.9100
vt 0.8323 0.9027
vt 0.8335 0.8625
vt 0.8649 0.8359
vt 0.8602 0.8225
vt 0.9064 0.9360
vt 0.9022 0.9260
vt 0.9291 0.8991
vt 0.9392 0.9033
vt 0.9064 0.8242
vt 0.9022 0.8343
vt 0.8643 0.8343
vt 0.8601 0.8242
vt 0.8601 0.9360
vt 0.8643 0.9260
vt 0.8273 0.8570
vt 0.8374 0.8611
vt 0.8273 0.9033
vt 0.8374 0.8991
vt 0.9392 0.8570
vt 0.9291 0.8611
vt 0.9001 0.8731
vt 0.9001 0.8871
vt 0.8929 0.8841
vt 0.8929 0.8761
vt 0.8664 0.8871
vt 0.8664 0.8731
vt 0.8736 0.8761
vt 0.8736 0.8841
vt 0.8872 0.8705
vt 0.8902 0.8633
vt 0.8902 0.8970
vt 0.8872 0.8897
vt 0.8793 0.8705
vt 0.8763 0.8633
vt 0.8763 0.8970
vt 0.8793 0.8897
vt 0.8833 0.8801
vt 0.8447 0.8961
vt 0.8673 0.9187
vt 0.8519 0.8931
vt 0.8703 0.9115
vt 0.8591 0.8901
vt 0.8733 0.9042
vt 0.8673 0.8415
vt 0.8447 0.8641
vt 0.8703 0.8488
vt 0.8519 0.8671
vt 0.8733 0.8560
vt 0.8591 0.8701
vt 0.8992 0.9187
vt 0.8962 0.9115
vt 0.8932 0.9042
vt 0.8992 0.8415
vt 0.8962 0.8488
vt 0.8932 0.8560
vt 0.9219 0.8961
vt 0.9146 0.8931
vt 0.9074 0.8901
vt 0.9219 0.8641
vt 0.9146 0.8671
vt 0.9074 0.8701
vt 0.8661 0.9415
vt 0.9152 0.9352
vt 0.9045 0.9276
vt 0.8629 0.9303
vt 0.9426 0.8526
vt 0.9103 0.8209
vt 0.9058 0.8347
vt 0.9336 0.8597
vt 0.9459 0.8978
vt 0.9322 0.8976
vt 0.8241 0.8575
vt 0.8299 0.9102
vt 0.8329 0.9029
vt 0.8341 0.8627
vt 0.8655 0.8361
vt 0.8607 0.8227
vt 0.9070 0.9368
vt 0.9028 0.9267
vt 0.9297 0.8998
vt 0.9397 0.9040
vt 0.9070 0.8249
vt 0.9028 0.8350
vt 0.8648 0.8350
vt 0.8607 0.8249
vt 0.8607 0.9368
vt 0.8648 0.9267
vt 0.8279 0.8577
vt 0.8380 0.8619
vt 0.8279 0.9040
vt 0.8380 0.8998
vt 0.9397 0.8577
vt 0.9297 0.8619
vt 0.9007 0.8739
vt 0.9007 0.8878
vt 0.8934 0.8848
vt 0.8934 0.8769
vt 0.8670 0.8878
vt 0.8670 0.8739
vt 0.8742 0.8769
vt 0.8742 0.8848
vt 0.8878 0.8712
vt 0.8908 0.8640
vt 0.8908 0.8977
vt 0.8878 0.8905
vt 0.8799 0.8712
vt 0.8768 0.8640
vt 0.8769 0.8977
vt 0.8799 0.8905
vt 0.8838 0.8809
vt 0.8452 0.8968
vt 0.8678 0.9195
vt 0.8525 0.8938
vt 0.8708 0.9122
vt 0.8597 0.8908
vt 0.8738 0.9050
vt 0.8678 0.8423
vt 0.8452 0.8649
vt 0.8708 0.8495
vt 0.8525 0.8679
vt 0.8738 0.8567
vt 0.8597 0.8709
vt 0.8998 0.9195
vt 0.8968 0.9122
vt 0.8938 0.9050
vt 0.8998 0.8423
vt 0.8968 0.8495
vt 0.8938 0.8568
vt 0.9224 0.8968
vt 0.9152 0.8938
vt 0.9079 0.8908
vt 0.9224 0.8649
vt 0.9152 0.8679
vt 0.9079 0.8709
vt 0.8273 0.8563
vt 0.8366 0.8592
vt 0.8393 0.8989
vt 0.8320 0.9053
vt 0.9073 0.9390
vt 0.9021 0.9311
vt 0.9272 0.9048
vt 0.9393 0.9108
vt 0.8640 0.9391
vt 0.8656 0.9288
vt 0.9123 0.8282
vt 0.9042 0.8352
vt 0.8644 0.8317
vt 0.8650 0.8238
vt 0.9428 0.8644
vt 0.9293 0.8660
vt 0.8469 0.8674
vt 0.8905 0.8202
vt 0.8893 0.8312
vt 0.8529 0.8414
vt 0.9440 0.8884
vt 0.9213 0.9290
vt 0.9146 0.9203
vt 0.9332 0.8871
vt 0.8344 0.8747
vt 0.8236 0.8734
vt 0.8764 0.9413
vt 0.8777 0.9304
vt 0.8358 0.9182
vt 0.8444 0.9115
vt 0.9312 0.8434
vt 0.9227 0.8501
vt 0.8981 0.8696
vt 0.8919 0.8744
vt 0.8849 0.8705
vt 0.8858 0.8626
vt 0.8692 0.8921
vt 0.8754 0.8873
vt 0.8824 0.8913
vt 0.8815 0.8991
vt 0.9019 0.8832
vt 0.8941 0.8822
vt 0.8722 0.8663
vt 0.8771 0.8726
vt 0.8951 0.8954
vt 0.8902 0.8892
vt 0.8732 0.8795
vt 0.8654 0.8785
vt 0.8837 0.8809
vt 0.8421 0.8757
vt 0.8505 0.9066
vt 0.8498 0.8766
vt 0.8567 0.9018
vt 0.8576 0.8776
vt 0.8630 0.8969
vt 0.8787 0.9226
vt 0.9097 0.9141
vt 0.8796 0.9148
vt 0.9048 0.9079
vt 0.8806 0.9069
vt 0.9000 0.9016
vt 0.8577 0.8476
vt 0.8625 0.8538
vt 0.8673 0.8600
vt 0.9254 0.8861
vt 0.9176 0.8851
vt 0.9097 0.8842
vt 0.8884 0.8390
vt 0.8875 0.8469
vt 0.8866 0.8547
vt 0.9165 0.8550
vt 0.9104 0.8599
vt 0.9042 0.8647
vt 0.8289 0.8596
vt 0.8364 0.8595
vt 0.8380 0.8996
vt 0.8316 0.9066
vt 0.9080 0.9381
vt 0.9027 0.9291
vt 0.9274 0.9030
vt 0.9403 0.9096
vt 0.8649 0.9382
vt 0.8663 0.9270
vt 0.9113 0.8254
vt 0.9021 0.8334
vt 0.8634 0.8313
vt 0.8606 0.8210
vt 0.9419 0.8624
vt 0.9269 0.8642
vt 0.8461 0.8338
vt 0.8909 0.8212
vt 0.8896 0.8320
vt 0.8529 0.8424
vt 0.9441 0.8886
vt 0.9215 0.9292
vt 0.9147 0.9206
vt 0.9333 0.8873
vt 0.8343 0.8757
vt 0.8234 0.8744
vt 0.8767 0.9419
vt 0.8780 0.9310
vt 0.8361 0.9192
vt 0.8447 0.9124
vt 0.9315 0.8439
vt 0.9229 0.8506
vt 0.8982 0.8702
vt 0.8920 0.8750
vt 0.8850 0.8711
vt 0.8859 0.8633
vt 0.8694 0.8929
vt 0.8756 0.8880
vt 0.8826 0.8919
vt 0.8816 0.8997
vt 0.9020 0.8837
vt 0.8942 0.8827
vt 0.8724 0.8671
vt 0.8773 0.8733
vt 0.8951 0.8959
vt 0.8903 0.8897
vt 0.8734 0.8803
vt 0.8656 0.8794
vt 0.8838 0.8815
vt 0.8421 0.8766
vt 0.8509 0.9075
vt 0.8499 0.8775
vt 0.8570 0.9026
vt 0.8578 0.8785
vt 0.8632 0.8978
vt 0.8789 0.9232
vt 0.9098 0.9144
vt 0.8798 0.9154
vt 0.9049 0.9083
vt 0.8807 0.9075
vt 0.9000 0.9021
vt 0.8578 0.8486
vt 0.8627 0.8548
vt 0.8676 0.8610
vt 0.9255 0.8864
vt 0.9176 0.8855
vt 0.9098 0.8846
vt 0.8887 0.8399
vt 0.8878 0.8477
vt 0.8868 0.8555
vt 0.9167 0.8555
vt 0.9105 0.8604
vt 0.9044 0.8653
vt 0.8292 0.8576
vt 0.8363 0.8585
vt 0.8356 0.8986
vt 0.8291 0.9047
vt 0.9035 0.9407
vt 0.8984 0.9319
vt 0.9246 0.9073
vt 0.9374 0.9142
vt 0.8605 0.9382
vt 0.8621 0.9276
vt 0.9136 0.8285
vt 0.9035 0.8363
vt 0.8650 0.8320
vt 0.8631 0.8210
vt 0.9418 0.8672
vt 0.9265 0.8686
vt 0.8464 0.8336
vt 0.8912 0.8209
vt 0.8899 0.8318
vt 0.8532 0.8422
vt 0.9444 0.8884
vt 0.9217 0.9290
vt 0.9150 0.9204
vt 0.9336 0.8871
vt 0.8346 0.8755
vt 0.8237 0.8742
vt 0.8770 0.9416
vt 0.8783 0.9308
vt 0.8364 0.9189
vt 0.8450 0.9122
vt 0.9318 0.8436
vt 0.9232 0.8504
vt 0.8985 0.8699
vt 0.8923 0.8748
vt 0.8853 0.8709
vt 0.8862 0.8631
vt 0.8697 0.8926
vt 0.8759 0.8878
vt 0.8829 0.8917
vt 0.8819 0.8995
vt 0.9023 0.8834
vt 0.8945 0.8825
vt 0.8727 0.8669
vt 0.8776 0.8731
vt 0.8954 0.8957
vt 0.8906 0.8895
vt 0.8737 0.8801
vt 0.8659 0.8791
vt 0.8841 0.8813
vt 0.8424 0.8764
vt 0.8512 0.9073
vt 0.8502 0.8773
vt 0.8573 0.9024
vt 0.8581 0.8782
vt 0.8635 0.8975
vt 0.8792 0.9229
vt 0.9101 0.9142
vt 0.8801 0.9151
vt 0.9052 0.9080
vt 0.8810 0.9073
vt 0.9003 0.9018
vt 0.8581 0.8484
vt 0.8630 0.8545
vt 0.8678 0.8607
vt 0.9258 0.8862
vt 0.9179 0.8853
vt 0.9101 0.8843
vt 0.8890 0.8396
vt 0.8881 0.8474
vt 0.8871 0.8553
vt 0.9170 0.8553
vt 0.9108 0.8602
vt 0.9046 0.8650
vt 0.8281 0.8609
vt 0.8354 0.8612
vt 0.8370 0.9013
vt 0.8308 0.9079
vt 0.9072 0.9393
vt 0.9017 0.9308
vt 0.9264 0.9046
vt 0.9395 0.9109
vt 0.8642 0.9395
vt 0.8653 0.9286
vt 0.9106 0.8267
vt 0.9010 0.8351
vt 0.8624 0.8330
vt 0.8598 0.8222
vt 0.9411 0.8637
vt 0.9259 0.8658
vt 0.8460 0.8334
vt 0.8908 0.8208
vt 0.8895 0.8316
vt 0.8528 0.8420
vt 0.9440 0.8882
vt 0.9213 0.9288
vt 0.9146 0.9202
vt 0.9332 0.8869
vt 0.8342 0.8753
vt 0.8233 0.8740
vt 0.8766 0.9415
vt 0.8779 0.9306
vt 0.8360 0.9188
vt 0.8446 0.9120
vt 0.9314 0.8435
vt 0.9228 0.8502
vt 0.8981 0.8698
vt 0.8919 0.8747
vt 0.8849 0.8708
vt 0.8858 0.8629
vt 0.8693 0.8925
vt 0.8755 0.8876
vt 0.8825 0.8915
vt 0.8815 0.8993
vt 0.9019 0.8833
vt 0.8941 0.8823
vt 0.8723 0.8667
vt 0.8772 0.8729
vt 0.8950 0.8955
vt 0.8902 0.8893
vt 0.8733 0.8799
vt 0.8655 0.8790
vt 0.8837 0.8811
vt 0.8420 0.8762
vt 0.8508 0.9071
vt 0.8498 0.8772
vt 0.8569 0.9022
vt 0.8577 0.8781
vt 0.8631 0.8974
vt 0.8788 0.9228
vt 0.9097 0.9141
vt 0.8797 0.9150
vt 0.9048 0.9079
vt 0.8806 0.9072
vt 0.8999 0.9017
vt 0.8577 0.8482
vt 0.8626 0.8544
vt 0.8674 0.8606
vt 0.9253 0.8860
vt 0.9175 0.8851
vt 0.9097 0.8842
vt 0.8886 0.8395
vt 0.8877 0.8473
vt 0.8867 0.8551
vt 0.9166 0.8551
vt 0.9104 0.8600
vt 0.9042 0.8649
vt 0.3071 0.9198
vt 0.2973 0.9010
vt 0.3152 0.8977
vt 0.3270 0.9164
vt 0.3320 0.8900
vt 0.3438 0.9086
vt 0.3460 0.8811
vt 0.3577 0.8990
vt 0.3604 0.8735
vt 0.3707 0.8900
vt 0.4250 0.8183
vt 0.4270 0.8305
vt 0.3964 0.8370
vt 0.3952 0.8245
vt 0.0933 0.3665
vt 0.1112 0.3712
vt 0.1101 0.3858
vt 0.0927 0.3812
vt 0.0756 0.3872
vt 0.0933 0.3940
vt 0.0943 0.4065
vt 0.0786 0.3988
vt 0.1091 0.3987
vt 0.1085 0.4114
vt 0.2902 0.9105
vt 0.2853 0.9119
vt 0.2747 0.8978
vt 0.2828 0.8989
vt 0.2891 0.8843
vt 0.2820 0.8688
vt 0.2989 0.8650
vt 0.3063 0.8803
vt 0.3152 0.8594
vt 0.3228 0.8733
vt 0.3297 0.8541
vt 0.3367 0.8661
vt 0.3446 0.8499
vt 0.3505 0.8608
vt 0.2746 0.8846
vt 0.2671 0.8695
vt 0.0957 0.5004
vt 0.1005 0.4901
vt 0.1117 0.4960
vt 0.1071 0.5062
vt 0.1067 0.4765
vt 0.1177 0.4828
vt 0.1135 0.4597
vt 0.1247 0.4669
vt 0.1235 0.4014
vt 0.1091 0.3987
vt 0.1101 0.3858
vt 0.1247 0.3887
vt 0.0766 0.3300
vt 0.0287 0.3279
vt 0.0287 0.3137
vt 0.0768 0.3148
vt 0.1379 0.4027
vt 0.1390 0.3899
vt 0.3669 0.9646
vt 0.3740 0.9763
vt 0.3593 0.9806
vt 0.3523 0.9696
vt 0.0842 0.4956
vt 0.0893 0.4855
vt 0.0955 0.4724
vt 0.1018 0.4564
vt 0.0742 0.4913
vt 0.0797 0.4808
vt 0.0756 0.3872
vt 0.0287 0.3784
vt 0.0287 0.3688
vt 0.0739 0.3755
vt 0.0858 0.4674
vt 0.0911 0.4523
vt 0.0655 0.4870
vt 0.0714 0.4755
vt 0.0772 0.4617
vt 0.0815 0.4462
vt 0.1556 0.3604
vt 0.1560 0.3444
vt 0.1687 0.3445
vt 0.1685 0.3604
vt 0.0551 0.4815
vt 0.0613 0.4688
vt 0.0667 0.4541
vt 0.0699 0.4370
vt 0.3840 0.8639
vt 0.3604 0.8735
vt 0.3505 0.8608
vt 0.3717 0.8547
vt 0.3163 0.8327
vt 0.3000 0.8375
vt 0.2925 0.8277
vt 0.3096 0.8220
vt 0.3868 0.8811
vt 0.2651 0.8831
vt 0.2746 0.8846
vt 0.3664 0.8443
vt 0.3816 0.9586
vt 0.3886 0.9713
vt 0.3944 0.9518
vt 0.4014 0.9659
vt 0.4051 0.9452
vt 0.4124 0.9606
vt 0.4164 0.9364
vt 0.4246 0.9529
vt 0.0953 0.4207
vt 0.0822 0.4135
vt 0.0954 0.3338
vt 0.1127 0.3381
vt 0.1121 0.3548
vt 0.0943 0.3502
vt 0.2839 0.8412
vt 0.3000 0.8375
vt 0.3077 0.8477
vt 0.2914 0.8519
vt 0.3627 0.8183
vt 0.3358 0.8263
vt 0.3310 0.8139
vt 0.3603 0.8042
vt 0.1547 0.3759
vt 0.1681 0.3759
vt 0.2766 0.8313
vt 0.2839 0.8412
vt 0.2682 0.8429
vt 0.2618 0.8324
vt 0.0287 0.3568
vt 0.0287 0.3688
vt 0.0134 0.3638
vt 0.0134 0.3532
vt 0.2541 0.8421
vt 0.2437 0.8392
vt 0.2389 0.8271
vt 0.2487 0.8307
vt 0.0933 0.3665
vt 0.0739 0.3614
vt 0.0753 0.3458
vt 0.0943 0.3502
vt 0.3400 0.9726
vt 0.3465 0.9834
vt 0.1214 0.5032
vt 0.1269 0.4926
vt 0.2406 0.8038
vt 0.2322 0.8011
vt 0.2286 0.7832
vt 0.2365 0.7835
vt 0.1425 0.3436
vt 0.1419 0.3598
vt 0.3664 0.8443
vt 0.3645 0.8319
vt 0.3232 0.8432
vt 0.3404 0.8384
vt 0.1210 0.4284
vt 0.1080 0.4254
vt 0.1085 0.4114
vt 0.1224 0.4143
vt 0.1355 0.4306
vt 0.1368 0.4156
vt 0.0538 0.1317
vt 0.0450 0.1451
vt 0.0448 0.1052
vt 0.0568 0.0977
vt 0.0952 0.3177
vt 0.0768 0.3148
vt 0.0760 0.2985
vt 0.0940 0.3004
vt 0.0915 0.2797
vt 0.0736 0.2792
vt 0.0682 0.2559
vt 0.0868 0.2545
vt 0.0927 0.3812
vt 0.0954 0.3338
vt 0.0287 0.3874
vt 0.3955 0.8982
vt 0.3827 0.9081
vt 0.3709 0.9178
vt 0.3577 0.9272
vt 0.4062 0.9167
vt 0.3949 0.9270
vt 0.3838 0.9356
vt 0.1277 0.3247
vt 0.1122 0.3215
vt 0.1106 0.3033
vt 0.1260 0.3059
vt 0.0287 0.2987
vt 0.1420 0.3268
vt 0.1406 0.3076
vt 0.1080 0.2814
vt 0.1234 0.2831
vt 0.0287 0.2810
vt 0.1382 0.2842
vt 0.1037 0.2549
vt 0.1196 0.2557
vt 0.0287 0.2601
vt 0.1351 0.2564
vt 0.3562 0.7263
vt 0.3551 0.7521
vt 0.3235 0.7631
vt 0.3232 0.7362
vt 0.3003 0.7946
vt 0.2811 0.8015
vt 0.2772 0.7805
vt 0.2974 0.7735
vt 0.2746 0.7523
vt 0.2957 0.7457
vt 0.3546 0.7733
vt 0.3250 0.7844
vt 0.2611 0.7839
vt 0.2477 0.7845
vt 0.2441 0.7563
vt 0.2578 0.7556
vt 0.2259 0.7603
vt 0.2333 0.7565
vt 0.3275 0.8007
vt 0.3559 0.7900
vt 0.2653 0.8051
vt 0.2519 0.8057
vt 0.3423 0.9351
vt 0.1317 0.2246
vt 0.1149 0.2235
vt 0.1123 0.1863
vt 0.1301 0.1896
vt 0.0973 0.2228
vt 0.0925 0.1820
vt 0.0767 0.2209
vt 0.0665 0.1756
vt 0.0460 0.1934
vt 0.0579 0.2285
vt 0.0287 0.2373
vt 0.0287 0.2089
vt 0.3565 0.6968
vt 0.3235 0.7045
vt 0.3254 0.6714
vt 0.3560 0.6661
vt 0.2960 0.6766
vt 0.2947 0.7123
vt 0.2725 0.6803
vt 0.2727 0.7178
vt 0.2541 0.6823
vt 0.2551 0.7205
vt 0.2399 0.6825
vt 0.2411 0.7209
vt 0.3301 0.6388
vt 0.3003 0.6417
vt 0.3068 0.6039
vt 0.3367 0.6026
vt 0.2554 0.6439
vt 0.2402 0.6437
vt 0.2416 0.6020
vt 0.2588 0.6025
vt 0.2753 0.6433
vt 0.2806 0.6035
vt 0.3633 0.6351
vt 0.3732 0.5996
vt 0.1320 0.1558
vt 0.1164 0.1506
vt 0.1203 0.1193
vt 0.1345 0.1247
vt 0.1009 0.1441
vt 0.1062 0.1134
vt 0.0287 0.1691
vt 0.0287 0.1298
vt 0.1647 0.0979
vt 0.1650 0.0723
vt 0.1783 0.0725
vt 0.1784 0.0986
vt 0.1371 0.0919
vt 0.1379 0.0705
vt 0.1516 0.0716
vt 0.1509 0.0955
vt 0.1233 0.0877
vt 0.1241 0.0692
vt 0.1097 0.0834
vt 0.1103 0.0683
vt 0.0991 0.0812
vt 0.1028 0.0697
vt 0.0406 0.0740
vt 0.0513 0.0749
vt 0.0524 0.0837
vt 0.0374 0.0851
vt 0.0287 0.0888
vt 0.0287 0.0739
vt 0.1638 0.1316
vt 0.1786 0.1324
vt 0.1345 0.1247
vt 0.1491 0.1290
vt 0.0703 0.4202
vt 0.0831 0.4296
vt 0.0947 0.1082
vt 0.0944 0.4364
vt 0.2299 0.6818
vt 0.2309 0.7204
vt 0.0891 0.1379
vt 0.4101 0.8499
vt 0.4009 0.8456
vt 0.4313 0.8381
vt 0.4379 0.8417
vt 0.1263 0.3743
vt 0.1405 0.3756
vt 0.2495 0.8526
vt 0.2603 0.8548
vt 0.2671 0.8695
vt 0.2567 0.8678
vt 0.1405 0.3756
vt 0.4223 0.7727
vt 0.4236 0.7879
vt 0.3941 0.7949
vt 0.3898 0.7801
vt 0.3885 0.7633
vt 0.4206 0.7563
vt 0.4188 0.7372
vt 0.3890 0.7429
vt 0.4176 0.7147
vt 0.3891 0.7187
vt 0.3888 0.6914
vt 0.3876 0.6625
vt 0.4188 0.6617
vt 0.4174 0.6891
vt 0.3943 0.6326
vt 0.4233 0.6331
vt 0.4024 0.5972
vt 0.4294 0.5981
vt 0.4058 0.5680
vt 0.4312 0.5654
vt 0.4312 0.5541
vt 0.4065 0.5591
vt 0.3434 0.5695
vt 0.3795 0.5694
vt 0.1477 0.1597
vt 0.1561 0.4654
vt 0.1431 0.4705
vt 0.1339 0.4500
vt 0.1524 0.4471
vt 0.1524 0.4157
vt 0.1519 0.4300
vt 0.1379 0.4027
vt 0.1530 0.4030
vt 0.1537 0.3902
vt 0.3710 0.9440
vt 0.3563 0.9511
vt 0.1263 0.3743
vt 0.1112 0.3712
vt 0.1121 0.3548
vt 0.1276 0.3581
vt 0.2863 0.8165
vt 0.2705 0.8201
vt 0.3418 0.9566
vt 0.3270 0.9404
vt 0.3306 0.9602
vt 0.3177 0.9456
vt 0.2750 0.8547
vt 0.1062 0.4404
vt 0.1189 0.4436
vt 0.3007 0.9291
vt 0.0287 0.3426
vt 0.0753 0.3458
vt 0.1282 0.3415
vt 0.1276 0.3581
vt 0.1167 0.5125
vt 0.1338 0.4805
vt 0.1808 0.3603
vt 0.1808 0.3758
vt 0.1282 0.3415
vt 0.1127 0.3381
vt 0.2541 0.8421
vt 0.2603 0.8548
vt 0.2565 0.8209
vt 0.0134 0.3714
vt 0.0134 0.3408
vt 0.0134 0.3278
vt 0.1556 0.3277
vt 0.3044 0.8100
vt 0.2406 0.8038
vt 0.2445 0.8189
vt 0.3275 0.8007
vt 0.1545 0.3083
vt 0.2297 0.6022
vt 0.2297 0.6434
vt 0.0134 0.3771
vt 0.1527 0.2848
vt 0.1504 0.2569
vt 0.2618 0.8324
vt 0.2487 0.8307
vt 0.1339 0.4500
vt 0.0675 0.4039
vt 0.1690 0.4627
vt 0.1676 0.4454
vt 0.1806 0.4448
vt 0.1806 0.4619
vt 0.1672 0.4293
vt 0.1673 0.4155
vt 0.1808 0.4155
vt 0.1807 0.4291
vt 0.1675 0.4030
vt 0.1673 0.4155
vt 0.1675 0.4030
vt 0.1677 0.3902
vt 0.1809 0.3902
vt 0.1809 0.4030
vt 0.1677 0.3902
vt 0.1807 0.3444
vt 0.3627 0.8183
vt 0.3948 0.8100
vt 0.1684 0.3278
vt 0.1684 0.3278
vt 0.1677 0.3085
vt 0.1804 0.3085
vt 0.1805 0.3278
vt 0.1667 0.2850
vt 0.1801 0.2849
vt 0.1653 0.2572
vt 0.1798 0.2571
vt 0.1640 0.2262
vt 0.1632 0.1937
vt 0.1790 0.1942
vt 0.1794 0.2263
vt 0.1633 0.1621
vt 0.1787 0.1628
vt 0.3134 0.5694
vt 0.2863 0.5680
vt 0.3471 0.5601
vt 0.3806 0.5606
vt 0.3172 0.5603
vt 0.2899 0.5599
vt 0.2661 0.5595
vt 0.2629 0.5666
vt 0.2443 0.5666
vt 0.1469 0.1921
vt 0.1481 0.2255
vt 0.1632 0.1937
vt 0.1633 0.1621
vt 0.2315 0.5680
vt 0.2297 0.6022
vt 0.2237 0.6036
vt 0.2243 0.5710
vt 0.2469 0.5595
vt 0.2330 0.5604
vt 0.2315 0.5680
vt 0.2250 0.6816
vt 0.2255 0.7206
vt 0.2355 0.8152
vt 0.2245 0.6434
vt 0.2262 0.5620
vt 0.5035 0.4861
vt 0.5008 0.4818
vt 0.4999 0.4932
vt 0.5028 0.4975
vt 0.0134 0.0983
vt 0.0134 0.0758
vt 0.0134 0.1646
vt 0.0134 0.2005
vt 0.0134 0.2276
vt 0.0134 0.2478
vt 0.0134 0.2852
vt 0.0134 0.2669
vt 0.0134 0.3012
vt 0.0134 0.3149
vt 0.4242 0.8034
vt 0.1807 0.4787
vt 0.1705 0.4795
vt 0.1407 0.4939
vt 0.1340 0.5020
vt 0.1597 0.4822
vt 0.1492 0.4869
vt 0.1808 0.4916
vt 0.1716 0.4924
vt 0.1450 0.5027
vt 0.1381 0.5084
vt 0.1621 0.4946
vt 0.1530 0.4981
vt 0.3229 0.9613
vt 0.3154 0.9508
vt 0.3076 0.9442
vt 0.3162 0.9578
vt 0.1167 0.5125
vt 0.1233 0.5185
vt 0.1189 0.5271
vt 0.1129 0.5214
vt 0.3367 0.9842
vt 0.3307 0.9731
vt 0.1266 0.5226
vt 0.1215 0.5315
vt 0.3307 0.9832
vt 0.3243 0.9711
vt 0.1320 0.5150
vt 0.1282 0.5102
vt 0.4997 0.5064
vt 0.5029 0.5105
vt 0.5033 0.5259
vt 0.5003 0.5218
vt 0.5007 0.5388
vt 0.5032 0.5428
vt 0.5032 0.4255
vt 0.5060 0.4458
vt 0.5023 0.4473
vt 0.5016 0.4371
vt 0.5012 0.6197
vt 0.4989 0.6128
vt 0.5002 0.6308
vt 0.5023 0.6364
vt 0.4985 0.5047
vt 0.4988 0.5202
vt 0.5020 0.6482
vt 0.5038 0.6526
vt 0.5040 0.6647
vt 0.5060 0.6669
vt 0.5026 0.6028
vt 0.4987 0.5945
vt 0.5026 0.5605
vt 0.5007 0.5568
vt 0.4993 0.5748
vt 0.5014 0.5786
vt 0.5055 0.4622
vt 0.5022 0.4597
vt 0.5017 0.4713
vt 0.5047 0.4753
vt 0.4895 0.5071
vt 0.4827 0.5103
vt 0.4815 0.5266
vt 0.4889 0.5230
vt 0.4769 0.5801
vt 0.4720 0.5829
vt 0.4717 0.6005
vt 0.4761 0.5981
vt 0.4901 0.4937
vt 0.4832 0.4965
vt 0.4755 0.6166
vt 0.4710 0.6187
vt 0.4701 0.6358
vt 0.4747 0.6342
vt 0.4941 0.4502
vt 0.4908 0.4510
vt 0.4865 0.4625
vt 0.4912 0.4613
vt 0.4786 0.5623
vt 0.4728 0.5653
vt 0.4802 0.5443
vt 0.4738 0.5475
vt 0.4969 0.4404
vt 0.4949 0.4409
vt 0.4815 0.5266
vt 0.4749 0.5299
vt 0.4878 0.4729
vt 0.4823 0.4746
vt 0.4788 0.4866
vt 0.4848 0.4844
vt 0.4764 0.5134
vt 0.4723 0.5154
vt 0.4708 0.5322
vt 0.4749 0.5299
vt 0.4734 0.6490
vt 0.4690 0.6499
vt 0.4684 0.6583
vt 0.4719 0.6592
vt 0.4773 0.4991
vt 0.4739 0.5005
vt 0.4695 0.5846
vt 0.4695 0.6022
vt 0.4788 0.4866
vt 0.4756 0.4877
vt 0.4689 0.6203
vt 0.4678 0.6374
vt 0.4886 0.4513
vt 0.4836 0.4632
vt 0.4697 0.5673
vt 0.4700 0.5498
vt 0.4934 0.4409
vt 0.4791 0.4755
vt 0.4668 0.6515
vt 0.4673 0.6605
vt 0.4958 0.6285
vt 0.4966 0.6451
vt 0.4891 0.6293
vt 0.4887 0.6453
vt 0.4814 0.6318
vt 0.4803 0.6473
vt 0.5002 0.4799
vt 0.4972 0.4802
vt 0.4957 0.4917
vt 0.4990 0.4913
vt 0.4917 0.4819
vt 0.4901 0.4937
vt 0.4848 0.4844
vt 0.0757 0.8068
vt 0.0750 0.8223
vt 0.0517 0.8171
vt 0.0517 0.8014
vt 0.4954 0.5919
vt 0.4953 0.6105
vt 0.4895 0.5927
vt 0.4891 0.6113
vt 0.4825 0.5951
vt 0.4819 0.6139
vt 0.4966 0.6580
vt 0.4877 0.6571
vt 0.4787 0.6584
vt 0.5010 0.4587
vt 0.5009 0.4696
vt 0.4991 0.4591
vt 0.4982 0.4698
vt 0.4957 0.4601
vt 0.4936 0.4711
vt 0.5002 0.4799
vt 0.4987 0.5374
vt 0.4950 0.5207
vt 0.4944 0.5383
vt 0.4889 0.5230
vt 0.4879 0.5408
vt 0.5009 0.4384
vt 0.5011 0.4478
vt 0.5001 0.4393
vt 0.4996 0.4484
vt 0.4987 0.4399
vt 0.4973 0.4493
vt 0.4979 0.5554
vt 0.4928 0.5564
vt 0.4860 0.5590
vt 0.4951 0.5051
vt 0.4985 0.5047
vt 0.4962 0.5734
vt 0.4906 0.5745
vt 0.4837 0.5770
vt 0.6894 0.7192
vt 0.6894 0.7146
vt 0.7021 0.7146
vt 0.7021 0.7192
vt 0.6355 0.7192
vt 0.6355 0.7146
vt 0.6489 0.7146
vt 0.6489 0.7192
vt 0.6229 0.7192
vt 0.6229 0.7146
vt 0.6762 0.7192
vt 0.6762 0.7146
vt 0.6624 0.7192
vt 0.6624 0.7146
vt 0.6110 0.7192
vt 0.6110 0.7146
vt 0.6110 0.7127
vt 0.6110 0.7092
vt 0.6229 0.7092
vt 0.6229 0.7127
vt 0.6489 0.7127
vt 0.6489 0.7092
vt 0.6624 0.7092
vt 0.6624 0.7127
vt 0.6762 0.7092
vt 0.6762 0.7127
vt 0.6355 0.7092
vt 0.6355 0.7127
vt 0.6894 0.7127
vt 0.6894 0.7092
vt 0.7021 0.7092
vt 0.7021 0.7127
vt 0.6489 0.7049
vt 0.6624 0.7049
vt 0.6762 0.7049
vt 0.6229 0.7049
vt 0.6355 0.7049
vt 0.6894 0.7049
vt 0.7021 0.7049
vt 0.6110 0.7049
vt 0.6624 0.7014
vt 0.6762 0.7014
vt 0.6229 0.7014
vt 0.6355 0.7014
vt 0.6894 0.7014
vt 0.7021 0.7014
vt 0.6489 0.7014
vt 0.6110 0.7014
vt 0.5903 0.7014
vt 0.5903 0.6992
vt 0.5953 0.6992
vt 0.5953 0.7014
vt 0.5837 0.7014
vt 0.5837 0.6992
vt 0.5860 0.6992
vt 0.5860 0.7014
vt 0.4863 0.6637
vt 0.4950 0.6635
vt 0.4705 0.6643
vt 0.5004 0.6656
vt 0.4773 0.6647
vt 0.5995 0.6992
vt 0.5995 0.7014
vt 0.6894 0.6992
vt 0.7021 0.6992
vt 0.6762 0.6992
vt 0.6355 0.6992
vt 0.6489 0.6992
vt 0.6110 0.6992
vt 0.6229 0.6992
vt 0.6624 0.6992
vt 0.5995 0.7146
vt 0.5995 0.7127
vt 0.5995 0.7049
vt 0.5995 0.7092
vt 0.5995 0.7192
vt 0.1038 0.5155
vt 0.0490 0.4933
vt 0.0599 0.4978
vt 0.0694 0.5014
vt 0.0803 0.5053
vt 0.0924 0.5099
vt 0.5012 0.4317
vt 0.5008 0.4337
vt 0.5001 0.4343
vt 0.4990 0.4346
vt 0.4977 0.4350
vt 0.4966 0.4352
vt 0.3866 0.2110
vt 0.3702 0.2145
vt 0.3724 0.2340
vt 0.3882 0.2318
vt 0.4438 0.1936
vt 0.4299 0.1969
vt 0.4298 0.2230
vt 0.4432 0.2206
vt 0.4167 0.2010
vt 0.4170 0.2256
vt 0.4582 0.1911
vt 0.4571 0.2186
vt 0.5137 0.1933
vt 0.5006 0.1910
vt 0.4970 0.2163
vt 0.5094 0.2171
vt 0.4868 0.1898
vt 0.4842 0.2162
vt 0.4026 0.2057
vt 0.4034 0.2285
vt 0.4727 0.1898
vt 0.4708 0.2170
vt 0.5608 0.2115
vt 0.5490 0.2060
vt 0.5441 0.2238
vt 0.5555 0.2294
vt 0.5391 0.2011
vt 0.5278 0.1970
vt 0.5234 0.2187
vt 0.5346 0.2207
vt 0.5776 0.2167
vt 0.5711 0.2364
vt 0.5125 0.3558
vt 0.5093 0.3690
vt 0.5186 0.3703
vt 0.5224 0.3581
vt 0.4527 0.3519
vt 0.4524 0.3624
vt 0.4600 0.3632
vt 0.4610 0.3523
vt 0.4369 0.3514
vt 0.4378 0.3614
vt 0.4449 0.3618
vt 0.4446 0.3515
vt 0.5035 0.3546
vt 0.5004 0.3681
vt 0.4217 0.3530
vt 0.4240 0.3633
vt 0.4310 0.3618
vt 0.4295 0.3518
vt 0.4866 0.3535
vt 0.4837 0.3661
vt 0.4920 0.3672
vt 0.4950 0.3539
vt 0.4695 0.3526
vt 0.4678 0.3639
vt 0.4757 0.3649
vt 0.4780 0.3531
vt 0.4128 0.3555
vt 0.4163 0.3662
vt 0.5283 0.3731
vt 0.5327 0.3612
vt 0.4029 0.3592
vt 0.4079 0.3710
vt 0.5761 0.0873
vt 0.5626 0.0743
vt 0.5612 0.0954
vt 0.5755 0.1077
vt 0.5576 0.1169
vt 0.5715 0.1273
vt 0.5522 0.1376
vt 0.5651 0.1458
vt 0.5467 0.1585
vt 0.5589 0.1656
vt 0.5419 0.1798
vt 0.5539 0.1865
vt 0.5480 0.0621
vt 0.5311 0.0518
vt 0.5287 0.0723
vt 0.5454 0.0830
vt 0.5271 0.0979
vt 0.5426 0.1066
vt 0.5235 0.1228
vt 0.5382 0.1296
vt 0.5201 0.1464
vt 0.5339 0.1521
vt 0.5172 0.1697
vt 0.5301 0.1742
vt 0.4830 0.0457
vt 0.4659 0.0488
vt 0.4644 0.0669
vt 0.4814 0.0645
vt 0.4618 0.0900
vt 0.4791 0.0883
vt 0.4609 0.1140
vt 0.4773 0.1123
vt 0.4598 0.1392
vt 0.4755 0.1377
vt 0.4589 0.1648
vt 0.4740 0.1636
vt 0.3942 0.0687
vt 0.3824 0.0940
vt 0.3828 0.1095
vt 0.3979 0.0928
vt 0.3851 0.1290
vt 0.4002 0.1163
vt 0.3874 0.1495
vt 0.4025 0.1394
vt 0.3883 0.1701
vt 0.4038 0.1619
vt 0.3875 0.1908
vt 0.4035 0.1838
vt 0.6183 0.1131
vt 0.5924 0.1004
vt 0.5908 0.1178
vt 0.6116 0.1242
vt 0.5860 0.1356
vt 0.6041 0.1402
vt 0.5796 0.1532
vt 0.5966 0.1576
vt 0.5731 0.1727
vt 0.5896 0.1768
vt 0.5673 0.1931
vt 0.5835 0.1971
vt 0.4981 0.0450
vt 0.4973 0.0643
vt 0.4955 0.0889
vt 0.4933 0.1135
vt 0.4910 0.1387
vt 0.4890 0.1641
vt 0.4092 0.0631
vt 0.4115 0.0833
vt 0.4135 0.1064
vt 0.4158 0.1304
vt 0.4172 0.1541
vt 0.4173 0.1774
vt 0.5141 0.0465
vt 0.5128 0.0664
vt 0.5112 0.0918
vt 0.5086 0.1172
vt 0.5059 0.1418
vt 0.5035 0.1662
vt 0.4460 0.0545
vt 0.4453 0.0722
vt 0.4442 0.0940
vt 0.4444 0.1178
vt 0.4444 0.1426
vt 0.4442 0.1678
vt 0.4265 0.0593
vt 0.4272 0.0775
vt 0.4279 0.0993
vt 0.4292 0.1233
vt 0.4302 0.1477
vt 0.4304 0.1720
vt 0.3615 0.1119
vt 0.3645 0.1238
vt 0.3684 0.1398
vt 0.3712 0.1572
vt 0.3720 0.1762
vt 0.3710 0.1958
vt 0.3775 0.2583
vt 0.3919 0.2568
vt 0.3840 0.2843
vt 0.3974 0.2827
vt 0.3908 0.3107
vt 0.4030 0.3088
vt 0.3967 0.3371
vt 0.4078 0.3347
vt 0.5159 0.2433
vt 0.5264 0.2443
vt 0.5097 0.2718
vt 0.5196 0.2727
vt 0.5040 0.3016
vt 0.5135 0.3025
vt 0.4994 0.3298
vt 0.5087 0.3306
vt 0.5500 0.2536
vt 0.5639 0.2610
vt 0.5430 0.2808
vt 0.5562 0.2871
vt 0.5356 0.3088
vt 0.5480 0.3133
vt 0.5292 0.3357
vt 0.5401 0.3395
vt 0.4061 0.2542
vt 0.4102 0.2809
vt 0.4146 0.3072
vt 0.4181 0.3327
vt 0.4682 0.2458
vt 0.4806 0.2443
vt 0.4657 0.2754
vt 0.4770 0.2738
vt 0.4639 0.3043
vt 0.4742 0.3031
vt 0.4625 0.3309
vt 0.4718 0.3305
vt 0.4926 0.2435
vt 0.5044 0.2431
vt 0.4882 0.2726
vt 0.4992 0.2719
vt 0.4844 0.3020
vt 0.4944 0.3015
vt 0.4812 0.3300
vt 0.4904 0.3297
vt 0.4191 0.2520
vt 0.4309 0.2507
vt 0.4219 0.2796
vt 0.4324 0.2789
vt 0.4246 0.3066
vt 0.4339 0.3064
vt 0.4271 0.3318
vt 0.4354 0.3315
vt 0.5373 0.2475
vt 0.5304 0.2755
vt 0.5239 0.3050
vt 0.5187 0.3326
vt 0.4430 0.2492
vt 0.4556 0.2475
vt 0.4431 0.2782
vt 0.4544 0.2770
vt 0.4435 0.3060
vt 0.4536 0.3053
vt 0.4441 0.3314
vt 0.4532 0.3312
vt 0.1540 0.9203
vt 0.1351 0.9200
vt 0.1407 0.9019
vt 0.1578 0.9017
vt 0.1181 0.9165
vt 0.1241 0.8988
vt 0.1034 0.9104
vt 0.1093 0.8936
vt 0.0901 0.9033
vt 0.0952 0.8873
vt 0.0504 0.8323
vt 0.0733 0.8374
vt 0.0705 0.8506
vt 0.0474 0.8450
vt 0.2680 0.3657
vt 0.2685 0.3807
vt 0.2513 0.3856
vt 0.2503 0.3707
vt 0.2877 0.3865
vt 0.2848 0.3983
vt 0.2674 0.4062
vt 0.2682 0.3936
vt 0.2530 0.4109
vt 0.2521 0.3984
vt 0.1676 0.9094
vt 0.1712 0.8977
vt 0.1780 0.8955
vt 0.1726 0.9099
vt 0.1612 0.8858
vt 0.1450 0.8855
vt 0.1489 0.8706
vt 0.1642 0.8709
vt 0.1290 0.8829
vt 0.1338 0.8684
vt 0.1146 0.8789
vt 0.1200 0.8653
vt 0.1011 0.8742
vt 0.1065 0.8616
vt 0.1747 0.8837
vt 0.1779 0.8694
vt 0.2666 0.4998
vt 0.2555 0.5061
vt 0.2501 0.4952
vt 0.2614 0.4891
vt 0.2440 0.4823
vt 0.2551 0.4759
vt 0.2372 0.4679
vt 0.2486 0.4607
vt 0.2384 0.4012
vt 0.2371 0.3886
vt 0.2513 0.3856
vt 0.2521 0.3984
vt 0.2863 0.3280
vt 0.2857 0.3120
vt 0.3284 0.3102
vt 0.3284 0.3250
vt 0.2240 0.4025
vt 0.2229 0.3897
vt 0.1119 0.9712
vt 0.1263 0.9735
vt 0.1224 0.9856
vt 0.1079 0.9839
vt 0.2783 0.4951
vt 0.2729 0.4844
vt 0.2665 0.4713
vt 0.2602 0.4560
vt 0.2885 0.4912
vt 0.2829 0.4805
vt 0.2877 0.3865
vt 0.2894 0.3745
vt 0.3284 0.3678
vt 0.3284 0.3780
vt 0.2769 0.4672
vt 0.2714 0.4517
vt 0.2970 0.4873
vt 0.2913 0.4759
vt 0.2858 0.4620
vt 0.2816 0.4459
vt 0.1930 0.3603
vt 0.1926 0.3443
vt 0.2053 0.3440
vt 0.2060 0.3601
vt 0.3069 0.4821
vt 0.3011 0.4690
vt 0.2964 0.4535
vt 0.2933 0.4368
vt 0.0770 0.8784
vt 0.0854 0.8682
vt 0.1011 0.8742
vt 0.0952 0.8873
vt 0.1441 0.8433
vt 0.1307 0.8404
vt 0.1348 0.8278
vt 0.1488 0.8315
vt 0.0759 0.8954
vt 0.1747 0.8837
vt 0.1823 0.8813
vt 0.0904 0.8568
vt 0.0971 0.9674
vt 0.0933 0.9809
vt 0.0839 0.9626
vt 0.0804 0.9775
vt 0.0692 0.9737
vt 0.0729 0.9558
vt 0.0615 0.9480
vt 0.0573 0.9675
vt 0.2805 0.4132
vt 0.2669 0.4203
vt 0.2652 0.3326
vt 0.2663 0.3493
vt 0.2489 0.3542
vt 0.2481 0.3374
vt 0.1577 0.8447
vt 0.1531 0.8570
vt 0.1389 0.8553
vt 0.1441 0.8433
vt 0.1185 0.8219
vt 0.1157 0.8355
vt 0.0967 0.8290
vt 0.0983 0.8142
vt 0.2070 0.3757
vt 0.1935 0.3758
vt 0.1752 0.8327
vt 0.1713 0.8444
vt 0.1577 0.8447
vt 0.1622 0.8330
vt 0.3284 0.3549
vt 0.3504 0.3510
vt 0.3504 0.3624
vt 0.3284 0.3678
vt 0.1970 0.8263
vt 0.1941 0.8384
vt 0.1842 0.8422
vt 0.1874 0.8303
vt 0.2680 0.3657
vt 0.2663 0.3493
vt 0.2883 0.3443
vt 0.2895 0.3602
vt 0.1378 0.9743
vt 0.1343 0.9862
vt 0.2410 0.5023
vt 0.2349 0.4910
vt 0.1930 0.8030
vt 0.1951 0.7826
vt 0.2035 0.7835
vt 0.2018 0.8011
vt 0.2189 0.3431
vt 0.2197 0.3593
vt 0.0940 0.8435
vt 0.0904 0.8568
vt 0.1255 0.8525
vt 0.1115 0.8488
vt 0.2412 0.4280
vt 0.2396 0.4137
vt 0.2530 0.4109
vt 0.2542 0.4248
vt 0.2263 0.4303
vt 0.2251 0.4153
vt 0.2987 0.1460
vt 0.3029 0.1185
vt 0.3170 0.1197
vt 0.3111 0.1524
vt 0.2658 0.3160
vt 0.2678 0.2980
vt 0.2864 0.2951
vt 0.2857 0.3120
vt 0.2708 0.2768
vt 0.2757 0.2512
vt 0.2948 0.2518
vt 0.2894 0.2754
vt 0.2685 0.3807
vt 0.2652 0.3326
vt 0.3284 0.3872
vt 0.0715 0.9119
vt 0.0840 0.9204
vt 0.0965 0.9283
vt 0.1106 0.9348
vt 0.0662 0.9294
vt 0.0778 0.9383
vt 0.0896 0.9461
vt 0.2337 0.3239
vt 0.2354 0.3047
vt 0.2511 0.3016
vt 0.2490 0.3204
vt 0.3284 0.2946
vt 0.2193 0.3261
vt 0.2205 0.3067
vt 0.2381 0.2815
vt 0.2540 0.2793
vt 0.3284 0.2765
vt 0.2227 0.2831
vt 0.2417 0.2538
vt 0.2583 0.2523
vt 0.3284 0.2553
vt 0.2254 0.2550
vt 0.0996 0.7353
vt 0.1196 0.7412
vt 0.1217 0.7678
vt 0.1032 0.7607
vt 0.1393 0.7966
vt 0.1401 0.7744
vt 0.1571 0.7791
vt 0.1554 0.8013
vt 0.1385 0.7472
vt 0.1565 0.7514
vt 0.1214 0.7896
vt 0.1030 0.7817
vt 0.1718 0.7816
vt 0.1721 0.7535
vt 0.1851 0.7545
vt 0.1843 0.7825
vt 0.1957 0.7559
vt 0.2045 0.7610
vt 0.1197 0.8071
vt 0.1005 0.7990
vt 0.1695 0.8038
vt 0.1820 0.8041
vt 0.1263 0.9393
vt 0.2279 0.2230
vt 0.2285 0.1885
vt 0.2467 0.1847
vt 0.2454 0.2214
vt 0.2665 0.1798
vt 0.2634 0.2199
vt 0.2831 0.2168
vt 0.2822 0.1687
vt 0.3010 0.1815
vt 0.3026 0.2232
vt 0.3284 0.1949
vt 0.3284 0.2296
vt 0.0975 0.7066
vt 0.0922 0.6764
vt 0.1136 0.6787
vt 0.1171 0.7108
vt 0.1339 0.6821
vt 0.1356 0.7159
vt 0.1520 0.6845
vt 0.1537 0.7195
vt 0.1677 0.6845
vt 0.1701 0.7206
vt 0.1811 0.6838
vt 0.1836 0.7206
vt 0.1082 0.6463
vt 0.1031 0.6090
vt 0.1273 0.6083
vt 0.1313 0.6477
vt 0.1645 0.6478
vt 0.1607 0.6064
vt 0.1745 0.6052
vt 0.1778 0.6468
vt 0.1457 0.6082
vt 0.1494 0.6488
vt 0.0804 0.6458
vt 0.0731 0.6112
vt 0.2258 0.1552
vt 0.2227 0.1245
vt 0.2371 0.1191
vt 0.2416 0.1499
vt 0.2511 0.1132
vt 0.2570 0.1433
vt 0.3284 0.1278
vt 0.3284 0.1649
vt 0.1920 0.0978
vt 0.1915 0.0723
vt 0.2197 0.0920
vt 0.2058 0.0955
vt 0.2050 0.0717
vt 0.2186 0.0706
vt 0.2324 0.0693
vt 0.2336 0.0878
vt 0.2464 0.0682
vt 0.2474 0.0835
vt 0.2592 0.0791
vt 0.2560 0.0675
vt 0.3106 0.0735
vt 0.3129 0.0867
vt 0.2992 0.0869
vt 0.3007 0.0748
vt 0.3284 0.0732
vt 0.3284 0.0863
vt 0.1932 0.1314
vt 0.2227 0.1245
vt 0.2080 0.1287
vt 0.2926 0.4202
vt 0.2794 0.4295
vt 0.2625 0.1081
vt 0.2678 0.4357
vt 0.1913 0.6836
vt 0.1939 0.7210
vt 0.2658 0.1358
vt 0.0586 0.8654
vt 0.0361 0.8574
vt 0.0426 0.8530
vt 0.0660 0.8599
vt 0.2213 0.3752
vt 0.2356 0.3737
vt 0.1908 0.8520
vt 0.1869 0.8667
vt 0.1779 0.8694
vt 0.1810 0.8552
vt 0.2213 0.3752
vt 0.0517 0.7861
vt 0.0775 0.7915
vt 0.0526 0.7697
vt 0.0801 0.7746
vt 0.0534 0.7507
vt 0.0806 0.7545
vt 0.0526 0.7284
vt 0.0765 0.7307
vt 0.0744 0.7037
vt 0.0504 0.7032
vt 0.0441 0.6767
vt 0.0684 0.6753
vt 0.0323 0.6497
vt 0.0558 0.6460
vt 0.0214 0.6166
vt 0.0463 0.6127
vt 0.0148 0.5825
vt 0.0387 0.5820
vt 0.0137 0.5706
vt 0.0367 0.5731
vt 0.0678 0.5810
vt 0.0977 0.5777
vt 0.2099 0.1592
vt 0.2054 0.4647
vt 0.2092 0.4468
vt 0.2277 0.4511
vt 0.2187 0.4695
vt 0.2097 0.4297
vt 0.2094 0.4155
vt 0.2240 0.4025
vt 0.2088 0.4029
vt 0.2080 0.3901
vt 0.1031 0.9520
vt 0.1181 0.9567
vt 0.2356 0.3737
vt 0.2341 0.3575
vt 0.2489 0.3542
vt 0.2503 0.3707
vt 0.1662 0.8202
vt 0.1525 0.8181
vt 0.1416 0.9417
vt 0.1325 0.9593
vt 0.1433 0.9609
vt 0.1513 0.9454
vt 0.1676 0.8570
vt 0.2560 0.4400
vt 0.2436 0.4444
vt 0.1624 0.9280
vt 0.2332 0.3410
vt 0.2341 0.3575
vt 0.2467 0.5127
vt 0.2281 0.4794
vt 0.1842 0.8422
vt 0.1810 0.8552
vt 0.1787 0.8201
vt 0.3504 0.3706
vt 0.3504 0.3243
vt 0.3504 0.3378
vt 0.3284 0.3402
vt 0.3284 0.3250
vt 0.2055 0.3272
vt 0.1373 0.8138
vt 0.1930 0.8030
vt 0.1903 0.8181
vt 0.1197 0.8071
vt 0.2064 0.3078
vt 0.1860 0.6055
vt 0.1884 0.6465
vt 0.3504 0.3771
vt 0.2078 0.2840
vt 0.2095 0.2560
vt 0.1874 0.8303
vt 0.1752 0.8327
vt 0.2277 0.4511
vt 0.2959 0.4039
vt 0.1923 0.4625
vt 0.1937 0.4452
vt 0.1943 0.4292
vt 0.1944 0.4155
vt 0.1943 0.4030
vt 0.1944 0.4155
vt 0.1943 0.4030
vt 0.1940 0.3902
vt 0.0750 0.8223
vt 0.0967 0.8290
vt 0.1935 0.3758
vt 0.1927 0.3276
vt 0.1927 0.3276
vt 0.1930 0.3083
vt 0.1936 0.2846
vt 0.1944 0.2567
vt 0.1949 0.2257
vt 0.1950 0.1934
vt 0.1942 0.1618
vt 0.1233 0.5749
vt 0.1426 0.5741
vt 0.0645 0.5725
vt 0.0946 0.5703
vt 0.1210 0.5675
vt 0.1412 0.5666
vt 0.1565 0.5658
vt 0.1578 0.5725
vt 0.1724 0.5717
vt 0.2111 0.2246
vt 0.2114 0.1914
vt 0.1950 0.1934
vt 0.1942 0.1618
vt 0.1847 0.5719
vt 0.1917 0.5741
vt 0.1927 0.6067
vt 0.1860 0.6055
vt 0.1712 0.5650
vt 0.1834 0.5645
vt 0.1847 0.5719
vt 0.1969 0.6838
vt 0.1999 0.7220
vt 0.1995 0.8147
vt 0.1945 0.6466
vt 0.1900 0.5645
vt 0.5088 0.4862
vt 0.5093 0.4981
vt 0.5131 0.4935
vt 0.5126 0.4816
vt 0.3504 0.0751
vt 0.3504 0.0884
vt 0.3504 0.1424
vt 0.3504 0.1862
vt 0.3504 0.2133
vt 0.3504 0.2393
vt 0.3504 0.2616
vt 0.3504 0.2806
vt 0.3504 0.2970
vt 0.3504 0.3111
vt 0.1909 0.4794
vt 0.2280 0.4996
vt 0.2210 0.4916
vt 0.2019 0.4816
vt 0.2125 0.4855
vt 0.1901 0.4923
vt 0.2240 0.5055
vt 0.2167 0.5002
vt 0.1996 0.4941
vt 0.2087 0.4966
vt 0.1543 0.9501
vt 0.1499 0.9610
vt 0.1595 0.9430
vt 0.1547 0.9570
vt 0.2467 0.5127
vt 0.2517 0.5219
vt 0.2469 0.5269
vt 0.2411 0.5181
vt 0.1455 0.9735
vt 0.1425 0.9856
vt 0.2454 0.5305
vt 0.2385 0.5216
vt 0.1500 0.9707
vt 0.1467 0.9838
vt 0.2347 0.5087
vt 0.2313 0.5129
vt 0.5101 0.5115
vt 0.5135 0.5074
vt 0.5112 0.5260
vt 0.5123 0.5414
vt 0.5145 0.5383
vt 0.5139 0.5225
vt 0.5079 0.4256
vt 0.5067 0.4461
vt 0.5111 0.4483
vt 0.5113 0.4378
vt 0.5121 0.6078
vt 0.5115 0.6229
vt 0.5136 0.6180
vt 0.5142 0.6017
vt 0.5147 0.5056
vt 0.5156 0.5212
vt 0.5099 0.6380
vt 0.5121 0.6341
vt 0.5067 0.6519
vt 0.5097 0.6498
vt 0.5105 0.5923
vt 0.5146 0.5849
vt 0.5125 0.5565
vt 0.5123 0.5713
vt 0.5147 0.5682
vt 0.5147 0.5535
vt 0.5072 0.4622
vt 0.5081 0.4751
vt 0.5121 0.4712
vt 0.5115 0.4603
vt 0.5244 0.5081
vt 0.5209 0.5067
vt 0.5237 0.5231
vt 0.5279 0.5248
vt 0.5345 0.5702
vt 0.5349 0.5854
vt 0.5393 0.5873
vt 0.5382 0.5719
vt 0.5225 0.4934
vt 0.5194 0.4921
vt 0.5364 0.6020
vt 0.5376 0.6182
vt 0.5423 0.6196
vt 0.5410 0.6038
vt 0.5163 0.4500
vt 0.5180 0.4608
vt 0.5195 0.4612
vt 0.5174 0.4503
vt 0.5336 0.5558
vt 0.5370 0.5573
vt 0.5315 0.5411
vt 0.5346 0.5425
vt 0.5147 0.4403
vt 0.5155 0.4406
vt 0.5279 0.5248
vt 0.5309 0.5262
vt 0.5196 0.4709
vt 0.5211 0.4812
vt 0.5231 0.4823
vt 0.5214 0.4717
vt 0.5270 0.5095
vt 0.5309 0.5262
vt 0.5323 0.5269
vt 0.5285 0.5103
vt 0.5391 0.6324
vt 0.5406 0.6421
vt 0.5445 0.6412
vt 0.5436 0.6331
vt 0.5249 0.4946
vt 0.5261 0.4955
vt 0.5412 0.5883
vt 0.5399 0.5728
vt 0.5242 0.4830
vt 0.5231 0.4823
vt 0.5442 0.6201
vt 0.5429 0.6045
vt 0.5203 0.4613
vt 0.5181 0.4505
vt 0.5386 0.5581
vt 0.5361 0.5431
vt 0.5160 0.4413
vt 0.5223 0.4720
vt 0.5450 0.6421
vt 0.5453 0.6334
vt 0.5172 0.6305
vt 0.5176 0.6151
vt 0.5242 0.6297
vt 0.5237 0.6148
vt 0.5320 0.6308
vt 0.5309 0.6162
vt 0.5138 0.4795
vt 0.5141 0.4914
vt 0.5163 0.4912
vt 0.5156 0.4792
vt 0.5194 0.4921
vt 0.5183 0.4800
vt 0.5211 0.4812
vt 0.5176 0.5988
vt 0.5175 0.5821
vt 0.5232 0.5985
vt 0.5225 0.5820
vt 0.5299 0.5999
vt 0.5288 0.5834
vt 0.5169 0.6422
vt 0.5248 0.6404
vt 0.5333 0.6412
vt 0.5135 0.4694
vt 0.5132 0.4595
vt 0.5151 0.4693
vt 0.5144 0.4595
vt 0.5173 0.4700
vt 0.5162 0.4601
vt 0.5138 0.4795
vt 0.5172 0.5373
vt 0.5217 0.5379
vt 0.5191 0.5216
vt 0.5269 0.5394
vt 0.5237 0.5231
vt 0.5129 0.4489
vt 0.5127 0.4392
vt 0.5138 0.4492
vt 0.5132 0.4399
vt 0.5150 0.4496
vt 0.5139 0.4401
vt 0.5178 0.5523
vt 0.5228 0.5528
vt 0.5286 0.5542
vt 0.5147 0.5056
vt 0.5173 0.5056
vt 0.5176 0.5666
vt 0.5227 0.5669
vt 0.5289 0.5684
vt 0.7149 0.7192
vt 0.7149 0.7146
vt 0.7689 0.7192
vt 0.7554 0.7192
vt 0.7554 0.7146
vt 0.7689 0.7146
vt 0.7821 0.7192
vt 0.7821 0.7146
vt 0.7282 0.7192
vt 0.7282 0.7146
vt 0.7420 0.7192
vt 0.7420 0.7146
vt 0.7950 0.7192
vt 0.7950 0.7146
vt 0.7950 0.7127
vt 0.7821 0.7127
vt 0.7821 0.7092
vt 0.7950 0.7092
vt 0.7554 0.7127
vt 0.7420 0.7127
vt 0.7420 0.7092
vt 0.7554 0.7092
vt 0.7282 0.7127
vt 0.7282 0.7092
vt 0.7689 0.7127
vt 0.7689 0.7092
vt 0.7149 0.7127
vt 0.7149 0.7092
vt 0.7420 0.7049
vt 0.7554 0.7049
vt 0.7282 0.7049
vt 0.7689 0.7049
vt 0.7821 0.7049
vt 0.7149 0.7049
vt 0.7950 0.7049
vt 0.7282 0.7014
vt 0.7420 0.7014
vt 0.7689 0.7014
vt 0.7821 0.7014
vt 0.7149 0.7014
vt 0.7554 0.7014
vt 0.7950 0.7014
vt 0.8167 0.7014
vt 0.8116 0.7014
vt 0.8116 0.6992
vt 0.8167 0.6992
vt 0.8232 0.7014
vt 0.8209 0.7014
vt 0.8209 0.6992
vt 0.8232 0.6992
vt 0.5180 0.6462
vt 0.5255 0.6451
vt 0.5412 0.6454
vt 0.5138 0.6496
vt 0.5340 0.6456
vt 0.8074 0.7014
vt 0.8074 0.6992
vt 0.7149 0.6992
vt 0.7282 0.6992
vt 0.7554 0.6992
vt 0.7689 0.6992
vt 0.7821 0.6992
vt 0.7950 0.6992
vt 0.7420 0.6992
vt 0.8074 0.7146
vt 0.8074 0.7127
vt 0.8074 0.7049
vt 0.8074 0.7092
vt 0.8074 0.7192
vt 0.2599 0.5157
vt 0.3142 0.4954
vt 0.3033 0.4986
vt 0.2936 0.5016
vt 0.2826 0.5051
vt 0.2707 0.5096
vt 0.5130 0.4341
vt 0.5119 0.4322
vt 0.5138 0.4348
vt 0.5133 0.4346
vt 0.5149 0.4365
vt 0.5144 0.4354
vt 0.3871 0.2152
vt 0.3899 0.2358
vt 0.3745 0.2388
vt 0.3715 0.2196
vt 0.4428 0.1935
vt 0.4442 0.2204
vt 0.4309 0.2238
vt 0.4291 0.1981
vt 0.4180 0.2275
vt 0.4159 0.2036
vt 0.4569 0.1899
vt 0.4579 0.2173
vt 0.5128 0.1878
vt 0.5106 0.2115
vt 0.4979 0.2119
vt 0.4993 0.1865
vt 0.4849 0.2129
vt 0.4853 0.1863
vt 0.4045 0.2317
vt 0.4020 0.2096
vt 0.4715 0.2147
vt 0.4712 0.1874
vt 0.5630 0.2029
vt 0.5580 0.2197
vt 0.5455 0.2146
vt 0.5504 0.1987
vt 0.5387 0.1942
vt 0.5358 0.2119
vt 0.5246 0.2110
vt 0.5259 0.1901
vt 0.5789 0.2057
vt 0.5744 0.2257
vt 0.5243 0.3480
vt 0.5335 0.3499
vt 0.5298 0.3617
vt 0.5215 0.3600
vt 0.4661 0.3525
vt 0.4748 0.3515
vt 0.4759 0.3631
vt 0.4675 0.3638
vt 0.4491 0.3540
vt 0.4574 0.3533
vt 0.4591 0.3645
vt 0.4511 0.3652
vt 0.5159 0.3474
vt 0.5139 0.3593
vt 0.4328 0.3567
vt 0.4411 0.3550
vt 0.4434 0.3662
vt 0.4355 0.3679
vt 0.5000 0.3483
vt 0.5080 0.3476
vt 0.5067 0.3595
vt 0.4995 0.3602
vt 0.4835 0.3504
vt 0.4919 0.3493
vt 0.4920 0.3611
vt 0.4841 0.3621
vt 0.4235 0.3593
vt 0.4270 0.3708
vt 0.5436 0.3529
vt 0.5391 0.3650
vt 0.4133 0.3630
vt 0.4182 0.3753
vt 0.5665 0.0765
vt 0.5674 0.0968
vt 0.5521 0.0863
vt 0.5513 0.0653
vt 0.5651 0.1169
vt 0.5504 0.1079
vt 0.5613 0.1365
vt 0.5472 0.1290
vt 0.5572 0.1576
vt 0.5437 0.1505
vt 0.5543 0.1799
vt 0.5416 0.1735
vt 0.5355 0.0551
vt 0.5358 0.0760
vt 0.5186 0.0668
vt 0.5182 0.0464
vt 0.5346 0.0986
vt 0.5184 0.0910
vt 0.5327 0.1207
vt 0.5174 0.1134
vt 0.5303 0.1432
vt 0.5158 0.1372
vt 0.5281 0.1674
vt 0.5142 0.1634
vt 0.4674 0.0425
vt 0.4681 0.0597
vt 0.4508 0.0657
vt 0.4494 0.0491
vt 0.4693 0.0835
vt 0.4536 0.0876
vt 0.4694 0.1093
vt 0.4540 0.1128
vt 0.4694 0.1353
vt 0.4544 0.1383
vt 0.4702 0.1612
vt 0.4556 0.1637
vt 0.3906 0.0838
vt 0.3952 0.1026
vt 0.3815 0.1160
vt 0.3797 0.1019
vt 0.3980 0.1233
vt 0.3838 0.1348
vt 0.4001 0.1449
vt 0.3857 0.1550
vt 0.4013 0.1667
vt 0.3867 0.1754
vt 0.4016 0.1883
vt 0.3868 0.1955
vt 0.6124 0.0992
vt 0.6067 0.1112
vt 0.5851 0.1056
vt 0.5851 0.0878
vt 0.6001 0.1279
vt 0.5812 0.1242
vt 0.5936 0.1462
vt 0.5766 0.1429
vt 0.5881 0.1655
vt 0.5718 0.1633
vt 0.5835 0.1861
vt 0.5678 0.1846
vt 0.4844 0.0395
vt 0.4850 0.0577
vt 0.4853 0.0829
vt 0.4849 0.1079
vt 0.4845 0.1336
vt 0.4850 0.1604
vt 0.4043 0.0753
vt 0.4078 0.0926
vt 0.4106 0.1131
vt 0.4128 0.1351
vt 0.4143 0.1577
vt 0.4151 0.1805
vt 0.5006 0.0407
vt 0.5012 0.0601
vt 0.5017 0.0855
vt 0.5012 0.1089
vt 0.5002 0.1339
vt 0.4996 0.1611
vt 0.4352 0.0743
vt 0.4331 0.0578
vt 0.4378 0.0953
vt 0.4390 0.1191
vt 0.4400 0.1434
vt 0.4413 0.1680
vt 0.4183 0.0670
vt 0.4210 0.0838
vt 0.4235 0.1041
vt 0.4252 0.1267
vt 0.4267 0.1499
vt 0.4279 0.1736
vt 0.3644 0.1276
vt 0.3614 0.1154
vt 0.3677 0.1443
vt 0.3700 0.1624
vt 0.3712 0.1813
vt 0.3713 0.2009
vt 0.3958 0.2595
vt 0.3814 0.2623
vt 0.4035 0.2849
vt 0.3901 0.2873
vt 0.4111 0.3111
vt 0.3986 0.3128
vt 0.4177 0.3374
vt 0.4065 0.3399
vt 0.5318 0.2337
vt 0.5210 0.2342
vt 0.5275 0.2617
vt 0.5170 0.2623
vt 0.5236 0.2915
vt 0.5138 0.2925
vt 0.5192 0.3232
vt 0.5102 0.3235
vt 0.5697 0.2503
vt 0.5549 0.2428
vt 0.5638 0.2764
vt 0.5506 0.2695
vt 0.5568 0.3026
vt 0.5445 0.2966
vt 0.5499 0.3299
vt 0.5389 0.3264
vt 0.4099 0.2560
vt 0.4162 0.2825
vt 0.4224 0.3095
vt 0.4279 0.3354
vt 0.4832 0.2401
vt 0.4711 0.2429
vt 0.4821 0.2694
vt 0.4711 0.2724
vt 0.4823 0.2998
vt 0.4720 0.3021
vt 0.4828 0.3278
vt 0.4734 0.3294
vt 0.5078 0.2363
vt 0.4953 0.2380
vt 0.5050 0.2645
vt 0.4933 0.2669
vt 0.5032 0.2950
vt 0.4925 0.2976
vt 0.5012 0.3247
vt 0.4921 0.3262
vt 0.4340 0.2513
vt 0.4223 0.2535
vt 0.4378 0.2796
vt 0.4274 0.2809
vt 0.4418 0.3073
vt 0.4323 0.3083
vt 0.4456 0.3330
vt 0.4370 0.3340
vt 0.5424 0.2363
vt 0.5384 0.2639
vt 0.5334 0.2926
vt 0.5286 0.3240
vt 0.4585 0.2461
vt 0.4460 0.2489
vt 0.4598 0.2755
vt 0.4485 0.2779
vt 0.4617 0.3043
vt 0.4515 0.3060
vt 0.4640 0.3309
vt 0.4546 0.3321
vt 0.5903 0.6979
vt 0.5953 0.6979
vt 0.5995 0.6979
vt 0.5860 0.6979
vt 0.4826 0.4634
vt 0.4781 0.4757
vt 0.4706 0.5162
vt 0.4692 0.5332
vt 0.4687 0.6029
vt 0.4681 0.6210
vt 0.4671 0.6380
vt 0.4877 0.4514
vt 0.4703 0.6659
vt 0.4769 0.6671
vt 0.4687 0.5681
vt 0.4687 0.5853
vt 0.4725 0.5010
vt 0.4856 0.6663
vt 0.4686 0.5508
vt 0.4924 0.4413
vt 0.4938 0.6657
vt 0.4955 0.4361
vt 0.4746 0.4880
vt 0.4671 0.6611
vt 0.4986 0.6662
vt 0.4663 0.6520
vt 0.5837 0.6979
vt 0.2986 0.0879
vt 0.2994 0.0751
vt 0.2977 0.1457
vt 0.3020 0.1188
vt 0.2681 0.1345
vt 0.2818 0.1634
vt 0.2590 0.0667
vt 0.2627 0.0792
vt 0.2653 0.1078
vt 0.0531 0.0842
vt 0.0571 0.0977
vt 0.0541 0.1316
vt 0.0658 0.1713
vt 0.0868 0.1373
vt 0.0931 0.1080
vt 0.0528 0.0752
vt 0.0974 0.0821
vt 0.1011 0.0695
vt 0.3779 0.5563
vt 0.4040 0.5539
vt 0.0418 0.0680
vt 0.0541 0.0710
vt 0.2985 0.0704
vt 0.3103 0.0683
vt 0.0671 0.5675
vt 0.0963 0.5663
vt 0.2893 0.5561
vt 0.3159 0.5563
vt 0.1708 0.5615
vt 0.1828 0.5610
vt 0.1415 0.5631
vt 0.1564 0.5624
vt 0.2969 0.0702
vt 0.1221 0.5639
vt 0.0557 0.0709
vt 0.2472 0.5556
vt 0.2661 0.5558
vt 0.4284 0.5483
vt 0.0396 0.5660
vt 0.2252 0.5581
vt 0.2331 0.5564
vt 0.1892 0.5608
vt 0.0287 0.0679
vt 0.3284 0.0677
vt 0.0134 0.0688
vt 0.0161 0.5632
vt 0.3504 0.0680
vt 0.3450 0.5560
vt 0.1239 0.0671
vt 0.1379 0.0683
vt 0.2186 0.0684
vt 0.2326 0.0672
vt 0.1096 0.0664
vt 0.2471 0.0661
vt 0.1517 0.0693
vt 0.1651 0.0700
vt 0.1783 0.0702
vt 0.2049 0.0694
vt 0.1016 0.0693
vt 0.2574 0.0661
vt 0.0995 0.0691
vt 0.1914 0.0700
vt 0.2611 0.0653
vt 0.4750 0.3659
vt 0.4670 0.3664
vt 0.4592 0.3670
vt 0.4518 0.3677
vt 0.5217 0.3644
vt 0.5137 0.3640
vt 0.4446 0.3686
vt 0.4373 0.3703
vt 0.5060 0.3639
vt 0.4985 0.3641
vt 0.4908 0.3646
vt 0.4830 0.3652
vt 0.4295 0.3732
vt 0.4216 0.3776
vt 0.5385 0.3689
vt 0.5299 0.3659
vt 0.4460 0.3664
vt 0.4541 0.3664
vt 0.5000 0.3699
vt 0.5079 0.3706
vt 0.4231 0.3676
vt 0.4306 0.3666
vt 0.4381 0.3665
vt 0.4849 0.3680
vt 0.4924 0.3690
vt 0.4698 0.3666
vt 0.4774 0.3671
vt 0.4075 0.3745
vt 0.4153 0.3701
vt 0.4621 0.3665
vt 0.5163 0.3719
vt 0.5249 0.3745
vt 0.2259 0.7603
vt 0.2262 0.7676
vt 0.2250 0.7674
vt 0.2247 0.7602
vt 0.2243 0.7205
vt 0.2252 0.5616
vt 0.2242 0.5575
vt 0.2238 0.6816
vt 0.2233 0.6434
vt 0.2232 0.5711
vt 0.2225 0.6037
vt 0.2240 0.7602
vt 0.2236 0.7205
vt 0.2219 0.6038
vt 0.2226 0.5711
vt 0.2246 0.5615
vt 0.2237 0.5573
vt 0.2226 0.6435
vt 0.2231 0.6816
vt 0.2278 0.7689
vt 0.2271 0.7689
vt 0.5226 0.7792
vt 0.5190 0.7791
vt 0.5190 0.7782
vt 0.5223 0.7783
vt 0.5221 0.7778
vt 0.5220 0.7774
vt 0.5243 0.7775
vt 0.5246 0.7779
vt 0.5310 0.7984
vt 0.5309 0.8013
vt 0.5256 0.8005
vt 0.5256 0.7976
vt 0.5194 0.8058
vt 0.5194 0.8049
vt 0.5252 0.8051
vt 0.5252 0.8059
vt 0.5242 0.7841
vt 0.5191 0.7839
vt 0.5191 0.7821
vt 0.5235 0.7822
vt 0.5139 0.8073
vt 0.5194 0.8075
vt 0.5194 0.8083
vt 0.5132 0.8081
vt 0.5190 0.7777
vt 0.5221 0.7778
vt 0.5305 0.8035
vt 0.5300 0.8049
vt 0.5253 0.8041
vt 0.5255 0.8026
vt 0.5077 0.7982
vt 0.5078 0.7947
vt 0.5131 0.7941
vt 0.5131 0.7974
vt 0.5154 0.7676
vt 0.5130 0.7680
vt 0.5121 0.7665
vt 0.5149 0.7661
vt 0.5130 0.7911
vt 0.5078 0.7914
vt 0.5082 0.7887
vt 0.5131 0.7884
vt 0.5193 0.7942
vt 0.5194 0.7974
vt 0.5135 0.7861
vt 0.5089 0.7863
vt 0.5098 0.7844
vt 0.5140 0.7841
vt 0.5194 0.8002
vt 0.5132 0.8003
vt 0.5257 0.8068
vt 0.5299 0.8068
vt 0.5297 0.8075
vt 0.5250 0.8076
vt 0.5151 0.7806
vt 0.5118 0.7807
vt 0.5126 0.7794
vt 0.5154 0.7793
vt 0.5162 0.7772
vt 0.5190 0.7771
vt 0.5190 0.7773
vt 0.5160 0.7775
vt 0.5130 0.7785
vt 0.5157 0.7783
vt 0.5190 0.7804
vt 0.5191 0.7821
vt 0.5146 0.7822
vt 0.5151 0.7806
vt 0.5192 0.7860
vt 0.5247 0.7861
vt 0.5255 0.7942
vt 0.5306 0.7946
vt 0.5194 0.8038
vt 0.5194 0.8023
vt 0.5184 0.7660
vt 0.5184 0.7675
vt 0.5109 0.7825
vt 0.5139 0.7772
vt 0.5137 0.7775
vt 0.5194 0.8089
vt 0.5194 0.8083
vt 0.5257 0.8084
vt 0.5261 0.8091
vt 0.5136 0.8039
vt 0.5090 0.8045
vt 0.5085 0.8031
vt 0.5134 0.8024
vt 0.5255 0.7793
vt 0.5262 0.7807
vt 0.5230 0.7806
vt 0.5226 0.7792
vt 0.5250 0.7784
vt 0.5219 0.7771
vt 0.5241 0.7772
vt 0.5105 0.7769
vt 0.5110 0.7765
vt 0.5118 0.7770
vt 0.5114 0.7774
vt 0.5113 0.7763
vt 0.5121 0.7767
vt 0.5136 0.8039
vt 0.5194 0.8038
vt 0.5194 0.8049
vt 0.5137 0.8049
vt 0.5190 0.7773
vt 0.5239 0.7680
vt 0.5214 0.7676
vt 0.5219 0.7660
vt 0.5246 0.7664
vt 0.5251 0.7770
vt 0.5253 0.7773
vt 0.5159 0.7778
vt 0.5127 0.7774
vt 0.5129 0.7770
vt 0.5213 0.7684
vt 0.5184 0.7682
vt 0.5184 0.7675
vt 0.5214 0.7676
vt 0.5219 0.7660
vt 0.5184 0.7660
vt 0.5184 0.7639
vt 0.5224 0.7638
vt 0.5253 0.7910
vt 0.5303 0.7913
vt 0.5281 0.7844
vt 0.5290 0.7863
vt 0.5111 0.7643
vt 0.5143 0.7639
vt 0.5307 0.8082
vt 0.5257 0.8084
vt 0.5192 0.7911
vt 0.5130 0.7911
vt 0.5190 0.7804
vt 0.5192 0.7884
vt 0.5253 0.7910
vt 0.5251 0.7883
vt 0.5271 0.7825
vt 0.5235 0.7822
vt 0.5157 0.7783
vt 0.5298 0.7885
vt 0.5094 0.8053
vt 0.5077 0.8085
vt 0.5084 0.8078
vt 0.5132 0.8081
vt 0.5128 0.8088
vt 0.5256 0.7777
vt 0.5314 0.8090
vt 0.5134 0.7779
vt 0.5124 0.7777
vt 0.5255 0.7641
vt 0.5266 0.7773
vt 0.5262 0.7769
vt 0.5271 0.7764
vt 0.5275 0.7768
vt 0.5236 0.7688
vt 0.5277 0.7760
vt 0.5282 0.7764
vt 0.5192 0.7860
vt 0.5135 0.7861
vt 0.5137 0.8056
vt 0.5156 0.7684
vt 0.5133 0.7688
vt 0.5194 0.8002
vt 0.5256 0.8005
vt 0.5194 0.8066
vt 0.5133 0.8065
vt 0.5133 0.7692
vt 0.5156 0.7688
vt 0.5296 0.8057
vt 0.5291 0.8062
vt 0.5093 0.8071
vt 0.5091 0.8063
vt 0.5327 0.8061
vt 0.5336 0.8068
vt 0.5326 0.8077
vt 0.5318 0.8069
vt 0.5343 0.8075
vt 0.5331 0.8084
vt 0.5309 0.8063
vt 0.5316 0.8055
vt 0.5296 0.8057
vt 0.5300 0.8049
vt 0.5322 0.8041
vt 0.5334 0.8047
vt 0.5327 0.8019
vt 0.5341 0.8024
vt 0.5344 0.8054
vt 0.5353 0.8059
vt 0.5352 0.8029
vt 0.5360 0.8034
vt 0.5064 0.8057
vt 0.5056 0.8043
vt 0.5068 0.8037
vt 0.5075 0.8051
vt 0.5049 0.8020
vt 0.5062 0.8015
vt 0.5080 0.8010
vt 0.5081 0.8059
vt 0.5072 0.8065
vt 0.5099 0.8058
vt 0.5065 0.8072
vt 0.5055 0.8064
vt 0.5060 0.8080
vt 0.5048 0.8070
vt 0.5046 0.8049
vt 0.5038 0.8026
vt 0.5038 0.8055
vt 0.5029 0.8030
vt 0.5344 0.7957
vt 0.5328 0.7952
vt 0.5323 0.7916
vt 0.5339 0.7920
vt 0.5316 0.7887
vt 0.5331 0.7889
vt 0.5352 0.7923
vt 0.5357 0.7961
vt 0.5362 0.7926
vt 0.5366 0.7964
vt 0.5344 0.7891
vt 0.5353 0.7893
vt 0.5356 0.7998
vt 0.5344 0.7993
vt 0.5365 0.8002
vt 0.5329 0.7988
vt 0.5040 0.7956
vt 0.5043 0.7991
vt 0.5032 0.7995
vt 0.5027 0.7960
vt 0.5023 0.7999
vt 0.5018 0.7963
vt 0.5027 0.7924
vt 0.5041 0.7921
vt 0.5033 0.7893
vt 0.5046 0.7891
vt 0.5018 0.7927
vt 0.5024 0.7895
vt 0.5057 0.7918
vt 0.5056 0.7951
vt 0.5062 0.7889
vt 0.5058 0.7986
vt 0.5267 0.7762
vt 0.5272 0.7759
vt 0.5259 0.7766
vt 0.5108 0.7760
vt 0.5103 0.7761
vt 0.5270 0.7779
vt 0.5279 0.7774
vt 0.5285 0.7785
vt 0.5276 0.7789
vt 0.5293 0.7802
vt 0.5284 0.7805
vt 0.5286 0.7770
vt 0.5292 0.7782
vt 0.5300 0.7799
vt 0.5266 0.7792
vt 0.5260 0.7783
vt 0.5274 0.7807
vt 0.5098 0.7765
vt 0.5110 0.7780
vt 0.5114 0.7774
vt 0.5124 0.7777
vt 0.5120 0.7783
vt 0.5130 0.7785
vt 0.5114 0.7793
vt 0.5104 0.7790
vt 0.5106 0.7807
vt 0.5095 0.7805
vt 0.5094 0.7786
vt 0.5101 0.7776
vt 0.5087 0.7783
vt 0.5093 0.7771
vt 0.5086 0.7802
vt 0.5078 0.7800
vt 0.5307 0.7844
vt 0.5318 0.7843
vt 0.5332 0.7866
vt 0.5320 0.7865
vt 0.5327 0.7842
vt 0.5342 0.7866
vt 0.5306 0.7864
vt 0.5294 0.7844
vt 0.5283 0.7825
vt 0.5294 0.7824
vt 0.5271 0.7825
vt 0.5304 0.7822
vt 0.5311 0.7820
vt 0.5070 0.7844
vt 0.5084 0.7824
vt 0.5096 0.7825
vt 0.5084 0.7845
vt 0.5071 0.7865
vt 0.5057 0.7866
vt 0.5044 0.7867
vt 0.5058 0.7844
vt 0.5034 0.7867
vt 0.5048 0.7842
vt 0.5074 0.7822
vt 0.5065 0.7820
vt 0.5111 0.7669
vt 0.5099 0.7648
vt 0.5096 0.7680
vt 0.5090 0.7685
vt 0.5076 0.7667
vt 0.5082 0.7662
vt 0.5256 0.7669
vt 0.5267 0.7646
vt 0.5265 0.7674
vt 0.5275 0.7653
vt 0.5277 0.7683
vt 0.5272 0.7679
vt 0.5283 0.7660
vt 0.5289 0.7665
vt 0.5248 0.7683
vt 0.5113 0.7688
vt 0.5106 0.7692
vt 0.5096 0.7680
vt 0.5103 0.7675
vt 0.5120 0.7684
vt 0.5111 0.7669
vt 0.5263 0.7692
vt 0.5256 0.7688
vt 0.5265 0.7674
vt 0.5272 0.7679
vt 0.5184 0.7686
vt 0.5184 0.7682
vt 0.5259 0.7699
vt 0.5252 0.7695
vt 0.5245 0.7691
vt 0.5101 0.7696
vt 0.5183 0.7613
vt 0.5229 0.7610
vt 0.5124 0.7691
vt 0.5268 0.7695
vt 0.5117 0.7695
vt 0.5110 0.7699
vt 0.5090 0.7654
vt 0.5264 0.7702
vt 0.5105 0.7702
vt 0.5213 0.7687
vt 0.5235 0.7691
vt 0.5111 0.7703
vt 0.5106 0.7706
vt 0.5252 0.7699
vt 0.5244 0.7695
vt 0.5263 0.7706
vt 0.5258 0.7703
vt 0.5125 0.7695
vt 0.5117 0.7699
vt 0.5137 0.7612
vt 0.5264 0.7610
vt 0.5101 0.7612
vt 0.5092 0.7574
vt 0.5131 0.7577
vt 0.5275 0.7615
vt 0.5284 0.7622
vt 0.5292 0.7630
vt 0.5299 0.7637
vt 0.5089 0.7618
vt 0.5071 0.7634
vt 0.5079 0.7625
vt 0.5064 0.7641
vt 0.5183 0.7582
vt 0.5234 0.7575
vt 0.5057 0.7601
vt 0.5064 0.7593
vt 0.5291 0.7580
vt 0.5299 0.7589
vt 0.5305 0.7596
vt 0.5072 0.7584
vt 0.5081 0.7576
vt 0.5272 0.7571
vt 0.5282 0.7573
vt 0.5183 0.7546
vt 0.5239 0.7533
vt 0.5126 0.7538
vt 0.5279 0.7526
vt 0.5291 0.7528
vt 0.5073 0.7534
vt 0.5084 0.7532
vt 0.5058 0.7547
vt 0.5066 0.7538
vt 0.5298 0.7533
vt 0.5122 0.7499
vt 0.5183 0.7511
vt 0.5051 0.7554
vt 0.5306 0.7541
vt 0.5313 0.7548
vt 0.5243 0.7492
vt 0.5039 0.7514
vt 0.5047 0.7507
vt 0.5310 0.7493
vt 0.5317 0.7499
vt 0.5325 0.7505
vt 0.5054 0.7500
vt 0.5062 0.7494
vt 0.5076 0.7492
vt 0.5288 0.7485
vt 0.5301 0.7488
vt 0.5118 0.7463
vt 0.5183 0.7469
vt 0.5295 0.7447
vt 0.5310 0.7448
vt 0.5056 0.7454
vt 0.5070 0.7453
vt 0.5035 0.7465
vt 0.5045 0.7458
vt 0.5321 0.7452
vt 0.5248 0.7456
vt 0.5026 0.7473
vt 0.5331 0.7458
vt 0.5340 0.7464
vt 0.5184 0.7433
vt 0.5252 0.7423
vt 0.5115 0.7429
vt 0.5301 0.7409
vt 0.5317 0.7408
vt 0.5048 0.7416
vt 0.5064 0.7416
vt 0.5024 0.7424
vt 0.5036 0.7419
vt 0.5331 0.7411
vt 0.5112 0.7386
vt 0.5183 0.7394
vt 0.5013 0.7431
vt 0.5343 0.7417
vt 0.5354 0.7423
vt 0.5254 0.7381
vt 0.4999 0.7386
vt 0.5012 0.7379
vt 0.5338 0.7363
vt 0.5353 0.7369
vt 0.5365 0.7376
vt 0.5026 0.7373
vt 0.5040 0.7370
vt 0.5057 0.7371
vt 0.5306 0.7362
vt 0.5322 0.7359
vt 0.5108 0.7337
vt 0.5183 0.7350
vt 0.5310 0.7317
vt 0.5326 0.7314
vt 0.5035 0.7322
vt 0.5051 0.7325
vt 0.5006 0.7328
vt 0.5020 0.7324
vt 0.5340 0.7315
vt 0.5256 0.7334
vt 0.4991 0.7335
vt 0.5359 0.7321
vt 0.5375 0.7327
vt 0.5180 0.7304
vt 0.5257 0.7290
vt 0.4983 0.7285
vt 0.4999 0.7280
vt 0.5348 0.7275
vt 0.5370 0.7279
vt 0.5388 0.7283
vt 0.5015 0.7277
vt 0.5028 0.7277
vt 0.5045 0.7279
vt 0.5104 0.7292
vt 0.5315 0.7277
vt 0.5332 0.7274
vt 0.5098 0.7243
vt 0.5178 0.7252
vt 0.4986 0.7238
vt 0.5005 0.7234
vt 0.5341 0.7234
vt 0.5361 0.7234
vt 0.5258 0.7247
vt 0.5321 0.7236
vt 0.5040 0.7235
vt 0.4966 0.7243
vt 0.5387 0.7238
vt 0.5407 0.7242
vt 0.5022 0.7233
vt 0.5175 0.7198
vt 0.5259 0.7199
vt 0.5401 0.7196
vt 0.5424 0.7200
vt 0.4992 0.7193
vt 0.5012 0.7191
vt 0.5032 0.7192
vt 0.5093 0.7196
vt 0.5325 0.7191
vt 0.5347 0.7190
vt 0.4968 0.7197
vt 0.5373 0.7191
vt 0.5088 0.7150
vt 0.5174 0.7147
vt 0.4947 0.7202
vt 0.5261 0.7153
vt 0.5328 0.7146
vt 0.5023 0.7148
vt 0.4928 0.7160
vt 0.4950 0.7155
vt 0.5381 0.7147
vt 0.5416 0.7153
vt 0.5440 0.7157
vt 0.4975 0.7151
vt 0.4999 0.7149
vt 0.5172 0.7099
vt 0.5265 0.7107
vt 0.5353 0.7145
vt 0.4959 0.7106
vt 0.4986 0.7103
vt 0.5014 0.7103
vt 0.5083 0.7104
vt 0.5333 0.7100
vt 0.5358 0.7099
vt 0.4932 0.7111
vt 0.5392 0.7101
vt 0.5280 0.7059
vt 0.5351 0.7053
vt 0.4909 0.7116
vt 0.5429 0.7108
vt 0.5454 0.7113
vt 0.5002 0.7056
vt 0.5075 0.7058
vt 0.5170 0.7049
vt 0.4892 0.7070
vt 0.4916 0.7064
vt 0.5407 0.7054
vt 0.5442 0.7060
vt 0.5467 0.7066
vt 0.4944 0.7059
vt 0.4973 0.7056
vt 0.5376 0.7051
vt 0.7543 0.8791
vt 0.7543 0.8717
vt 0.7614 0.8717
vt 0.7614 0.8791
vt 0.7354 0.8791
vt 0.7230 0.8791
vt 0.7230 0.8717
vt 0.7354 0.8717
vt 0.7105 0.8791
vt 0.7008 0.8791
vt 0.7008 0.8717
vt 0.7105 0.8717
vt 0.7543 0.8624
vt 0.7543 0.8534
vt 0.7614 0.8534
vt 0.7614 0.8624
vt 0.7105 0.8624
vt 0.7008 0.8624
vt 0.7008 0.8534
vt 0.7105 0.8534
vt 0.7105 0.8427
vt 0.7008 0.8427
vt 0.7008 0.8326
vt 0.7105 0.8326
vt 0.7105 0.8220
vt 0.7008 0.8220
vt 0.7008 0.8110
vt 0.7105 0.8110
vt 0.7354 0.8624
vt 0.7230 0.8624
vt 0.7230 0.8534
vt 0.7354 0.8534
vt 0.7354 0.8427
vt 0.7230 0.8427
vt 0.7230 0.8326
vt 0.7354 0.8326
vt 0.7354 0.8220
vt 0.7230 0.8220
vt 0.7230 0.8110
vt 0.7354 0.8110
vt 0.7105 0.8845
vt 0.7008 0.8845
vt 0.7354 0.8845
vt 0.7230 0.8845
vt 0.7543 0.8845
vt 0.7614 0.8845
vt 0.6926 0.8220
vt 0.6846 0.8220
vt 0.6846 0.8110
vt 0.6926 0.8110
vt 0.6926 0.8427
vt 0.6846 0.8427
vt 0.6846 0.8326
vt 0.6926 0.8326
vt 0.6926 0.8624
vt 0.6846 0.8624
vt 0.6846 0.8534
vt 0.6926 0.8534
vt 0.6926 0.8791
vt 0.6846 0.8791
vt 0.6846 0.8717
vt 0.6926 0.8717
vt 0.7448 0.8845
vt 0.7448 0.8791
vt 0.7448 0.8624
vt 0.7448 0.8534
vt 0.7448 0.8717
vt 0.7448 0.8427
vt 0.7448 0.8326
vt 0.6244 0.8791
vt 0.6163 0.8791
vt 0.6163 0.8717
vt 0.6244 0.8717
vt 0.6415 0.8791
vt 0.6415 0.8717
vt 0.6497 0.8717
vt 0.6497 0.8791
vt 0.6579 0.8791
vt 0.6579 0.8717
vt 0.6664 0.8717
vt 0.6664 0.8791
vt 0.6244 0.8624
vt 0.6163 0.8624
vt 0.6163 0.8534
vt 0.6244 0.8534
vt 0.6579 0.8624
vt 0.6579 0.8534
vt 0.6664 0.8534
vt 0.6664 0.8624
vt 0.6579 0.8427
vt 0.6579 0.8326
vt 0.6664 0.8326
vt 0.6664 0.8427
vt 0.6579 0.8220
vt 0.6579 0.8110
vt 0.6664 0.8110
vt 0.6664 0.8220
vt 0.6415 0.8624
vt 0.6415 0.8534
vt 0.6497 0.8534
vt 0.6497 0.8624
vt 0.6415 0.8427
vt 0.6415 0.8326
vt 0.6497 0.8326
vt 0.6497 0.8427
vt 0.6415 0.8220
vt 0.6415 0.8110
vt 0.6497 0.8110
vt 0.6497 0.8220
vt 0.6579 0.8840
vt 0.6664 0.8840
vt 0.6415 0.8840
vt 0.6497 0.8840
vt 0.6244 0.8840
vt 0.6163 0.8840
vt 0.6756 0.8220
vt 0.6756 0.8110
vt 0.6756 0.8427
vt 0.6756 0.8326
vt 0.6756 0.8624
vt 0.6756 0.8534
vt 0.6756 0.8791
vt 0.6756 0.8717
vt 0.6327 0.8840
vt 0.6327 0.8791
vt 0.6327 0.8624
vt 0.6327 0.8534
vt 0.6327 0.8717
vt 0.6327 0.8427
vt 0.6327 0.8326
vt 0.5634 0.9168
vt 0.5634 0.9130
vt 0.5695 0.9130
vt 0.5695 0.9168
vt 0.5157 0.9059
vt 0.5094 0.9059
vt 0.5094 0.9027
vt 0.5157 0.9027
vt 0.4842 0.9059
vt 0.4842 0.9027
vt 0.4938 0.9027
vt 0.4938 0.9059
vt 0.4667 0.9059
vt 0.4667 0.9027
vt 0.4749 0.9027
vt 0.4749 0.9059
vt 0.5761 0.9059
vt 0.5761 0.9027
vt 0.5830 0.9027
vt 0.5830 0.9059
vt 0.5402 0.9059
vt 0.5402 0.9027
vt 0.5463 0.9027
vt 0.5463 0.9059
vt 0.5634 0.9059
vt 0.5634 0.9027
vt 0.5695 0.9027
vt 0.5695 0.9059
vt 0.5521 0.9059
vt 0.5521 0.9027
vt 0.5578 0.9027
vt 0.5578 0.9059
vt 0.4531 0.9130
vt 0.4531 0.9093
vt 0.4597 0.9093
vt 0.4597 0.9130
vt 0.5157 0.9236
vt 0.5094 0.9236
vt 0.5094 0.9205
vt 0.5157 0.9205
vt 0.5761 0.9236
vt 0.5761 0.9205
vt 0.5830 0.9205
vt 0.5830 0.9236
vt 0.4531 0.9253
vt 0.4531 0.9236
vt 0.4597 0.9236
vt 0.4597 0.9253
vt 0.4667 0.9205
vt 0.4667 0.9168
vt 0.4749 0.9168
vt 0.4749 0.9205
vt 0.4667 0.9130
vt 0.4667 0.9093
vt 0.4749 0.9093
vt 0.4749 0.9130
vt 0.5521 0.9205
vt 0.5521 0.9168
vt 0.5578 0.9168
vt 0.5578 0.9205
vt 0.5521 0.9130
vt 0.5521 0.9093
vt 0.5578 0.9093
vt 0.5578 0.9130
vt 0.5094 0.9168
vt 0.5157 0.9168
vt 0.5157 0.9130
vt 0.5094 0.9130
vt 0.5094 0.9093
vt 0.5157 0.9093
vt 0.4842 0.9205
vt 0.4842 0.9168
vt 0.4938 0.9168
vt 0.4938 0.9205
vt 0.4842 0.9130
vt 0.4842 0.9093
vt 0.4938 0.9093
vt 0.4938 0.9130
vt 0.5402 0.9205
vt 0.5402 0.9168
vt 0.5463 0.9168
vt 0.5463 0.9205
vt 0.5402 0.9130
vt 0.5402 0.9093
vt 0.5463 0.9093
vt 0.5463 0.9130
vt 0.5634 0.9205
vt 0.5695 0.9205
vt 0.5634 0.9093
vt 0.5695 0.9093
vt 0.5279 0.9205
vt 0.5279 0.9168
vt 0.5341 0.9168
vt 0.5341 0.9205
vt 0.5279 0.9130
vt 0.5279 0.9093
vt 0.5341 0.9093
vt 0.5341 0.9130
vt 0.5761 0.9168
vt 0.5830 0.9168
vt 0.5761 0.9130
vt 0.5761 0.9093
vt 0.5830 0.9093
vt 0.5830 0.9130
vt 0.5023 0.9205
vt 0.5023 0.9168
vt 0.5023 0.9130
vt 0.5023 0.9093
vt 0.5023 0.9253
vt 0.4938 0.9253
vt 0.4938 0.9236
vt 0.5023 0.9236
vt 0.5761 0.9253
vt 0.5830 0.9253
vt 0.5279 0.9253
vt 0.5279 0.9236
vt 0.5341 0.9236
vt 0.5341 0.9253
vt 0.5634 0.9253
vt 0.5634 0.9236
vt 0.5695 0.9236
vt 0.5695 0.9253
vt 0.5402 0.9253
vt 0.5402 0.9236
vt 0.5463 0.9236
vt 0.5463 0.9253
vt 0.4842 0.9253
vt 0.4842 0.9236
vt 0.5157 0.9253
vt 0.5094 0.9253
vt 0.5521 0.9253
vt 0.5521 0.9236
vt 0.5578 0.9236
vt 0.5578 0.9253
vt 0.4667 0.9253
vt 0.4667 0.9236
vt 0.4749 0.9236
vt 0.4749 0.9253
vt 0.4531 0.9205
vt 0.4597 0.9205
vt 0.4531 0.9168
vt 0.4597 0.9168
vt 0.4531 0.9059
vt 0.4597 0.9059
vt 0.4938 0.9059
vt 0.5023 0.9059
vt 0.5279 0.9059
vt 0.5341 0.9059
vt 0.5023 0.9027
vt 0.4531 0.9027
vt 0.4597 0.9027
vt 0.5279 0.9027
vt 0.5341 0.9027
vt 0.5903 0.9059
vt 0.5903 0.9093
vt 0.5903 0.9027
vt 0.5903 0.9130
vt 0.5903 0.9236
vt 0.5903 0.9253
vt 0.5903 0.9168
vt 0.5903 0.9205
vt 0.5983 0.9205
vt 0.5983 0.9236
vt 0.5983 0.9130
vt 0.5983 0.9168
vt 0.5983 0.9027
vt 0.5983 0.9059
vt 0.5983 0.9093
vt 0.5983 0.9253
vt 0.5218 0.9168
vt 0.5218 0.9130
vt 0.5218 0.9059
vt 0.5218 0.9027
vt 0.5218 0.9093
vt 0.5218 0.9236
vt 0.5218 0.9205
vt 0.5218 0.9253
vt 0.4476 0.9059
vt 0.4476 0.9027
vt 0.4476 0.9168
vt 0.4476 0.9130
vt 0.4476 0.9093
vt 0.4476 0.9205
vt 0.4476 0.9236
vt 0.4476 0.9253
vt 0.4429 0.9093
vt 0.4429 0.9059
vt 0.4429 0.9236
vt 0.4429 0.9205
vt 0.4429 0.9253
vt 0.4429 0.9168
vt 0.4429 0.9027
vt 0.4429 0.9130
vt 0.6327 0.9168
vt 0.6267 0.9168
vt 0.6267 0.9130
vt 0.6327 0.9130
vt 0.6821 0.9059
vt 0.6821 0.9027
vt 0.6885 0.9027
vt 0.6885 0.9059
vt 0.7117 0.9059
vt 0.7034 0.9059
vt 0.7034 0.9027
vt 0.7117 0.9027
vt 0.7266 0.9059
vt 0.7196 0.9059
vt 0.7196 0.9027
vt 0.7266 0.9027
vt 0.6204 0.9059
vt 0.6135 0.9059
vt 0.6135 0.9027
vt 0.6204 0.9027
vt 0.6582 0.9059
vt 0.6518 0.9059
vt 0.6518 0.9027
vt 0.6582 0.9027
vt 0.6327 0.9059
vt 0.6267 0.9059
vt 0.6267 0.9027
vt 0.6327 0.9027
vt 0.6453 0.9059
vt 0.6389 0.9059
vt 0.6389 0.9027
vt 0.6453 0.9027
vt 0.7390 0.9130
vt 0.7330 0.9130
vt 0.7330 0.9093
vt 0.7390 0.9093
vt 0.6821 0.9236
vt 0.6821 0.9205
vt 0.6885 0.9205
vt 0.6885 0.9236
vt 0.6204 0.9236
vt 0.6135 0.9236
vt 0.6135 0.9205
vt 0.6204 0.9205
vt 0.7390 0.9253
vt 0.7330 0.9253
vt 0.7330 0.9236
vt 0.7390 0.9236
vt 0.7266 0.9205
vt 0.7196 0.9205
vt 0.7196 0.9168
vt 0.7266 0.9168
vt 0.7266 0.9130
vt 0.7196 0.9130
vt 0.7196 0.9093
vt 0.7266 0.9093
vt 0.6453 0.9205
vt 0.6389 0.9205
vt 0.6389 0.9168
vt 0.6453 0.9168
vt 0.6453 0.9130
vt 0.6389 0.9130
vt 0.6389 0.9093
vt 0.6453 0.9093
vt 0.6821 0.9168
vt 0.6885 0.9168
vt 0.6821 0.9130
vt 0.6821 0.9093
vt 0.6885 0.9093
vt 0.6885 0.9130
vt 0.7117 0.9205
vt 0.7034 0.9205
vt 0.7034 0.9168
vt 0.7117 0.9168
vt 0.7117 0.9130
vt 0.7034 0.9130
vt 0.7034 0.9093
vt 0.7117 0.9093
vt 0.6582 0.9205
vt 0.6518 0.9205
vt 0.6518 0.9168
vt 0.6582 0.9168
vt 0.6582 0.9130
vt 0.6518 0.9130
vt 0.6518 0.9093
vt 0.6582 0.9093
vt 0.6327 0.9205
vt 0.6267 0.9205
vt 0.6267 0.9093
vt 0.6327 0.9093
vt 0.6701 0.9205
vt 0.6642 0.9205
vt 0.6642 0.9168
vt 0.6701 0.9168
vt 0.6701 0.9130
vt 0.6642 0.9130
vt 0.6642 0.9093
vt 0.6701 0.9093
vt 0.6135 0.9168
vt 0.6204 0.9168
vt 0.6204 0.9130
vt 0.6135 0.9130
vt 0.6135 0.9093
vt 0.6204 0.9093
vt 0.6955 0.9205
vt 0.6955 0.9168
vt 0.6955 0.9130
vt 0.6955 0.9093
vt 0.6955 0.9253
vt 0.6955 0.9236
vt 0.7034 0.9236
vt 0.7034 0.9253
vt 0.6204 0.9253
vt 0.6135 0.9253
vt 0.6701 0.9253
vt 0.6642 0.9253
vt 0.6642 0.9236
vt 0.6701 0.9236
vt 0.6327 0.9253
vt 0.6267 0.9253
vt 0.6267 0.9236
vt 0.6327 0.9236
vt 0.6582 0.9253
vt 0.6518 0.9253
vt 0.6518 0.9236
vt 0.6582 0.9236
vt 0.7117 0.9253
vt 0.7117 0.9236
vt 0.6821 0.9253
vt 0.6885 0.9253
vt 0.6453 0.9253
vt 0.6389 0.9253
vt 0.6389 0.9236
vt 0.6453 0.9236
vt 0.7266 0.9253
vt 0.7196 0.9253
vt 0.7196 0.9236
vt 0.7266 0.9236
vt 0.7330 0.9205
vt 0.7390 0.9205
vt 0.7330 0.9168
vt 0.7390 0.9168
vt 0.7330 0.9059
vt 0.7390 0.9059
vt 0.6955 0.9059
vt 0.7034 0.9059
vt 0.6642 0.9059
vt 0.6701 0.9059
vt 0.6955 0.9027
vt 0.7330 0.9027
vt 0.7390 0.9027
vt 0.6642 0.9027
vt 0.6701 0.9027
vt 0.6062 0.9093
vt 0.6062 0.9059
vt 0.6062 0.9027
vt 0.6062 0.9130
vt 0.6062 0.9253
vt 0.6062 0.9236
vt 0.6062 0.9205
vt 0.6062 0.9168
vt 0.6760 0.9168
vt 0.6760 0.9130
vt 0.6760 0.9059
vt 0.6760 0.9027
vt 0.6760 0.9093
vt 0.6760 0.9236
vt 0.6760 0.9205
vt 0.6760 0.9253
vt 0.7444 0.9059
vt 0.7444 0.9027
vt 0.7444 0.9168
vt 0.7444 0.9130
vt 0.7444 0.9093
vt 0.7444 0.9205
vt 0.7444 0.9236
vt 0.7444 0.9253
vt 0.7484 0.9059
vt 0.7484 0.9093
vt 0.7484 0.9205
vt 0.7484 0.9236
vt 0.7484 0.9253
vt 0.7484 0.9168
vt 0.7484 0.9027
vt 0.7484 0.9130
vt 0.4938 0.9002
vt 0.5023 0.9002
vt 0.5218 0.9002
vt 0.5279 0.9002
vt 0.7117 0.9002
vt 0.7196 0.9002
vt 0.6267 0.9002
vt 0.6327 0.9002
vt 0.7390 0.9002
vt 0.7444 0.9002
vt 0.7034 0.9002
vt 0.5463 0.9002
vt 0.5521 0.9002
vt 0.6760 0.9002
vt 0.6821 0.9002
vt 0.6582 0.9002
vt 0.6642 0.9002
vt 0.6135 0.9002
vt 0.6204 0.9002
vt 0.7266 0.9002
vt 0.7330 0.9002
vt 0.6701 0.9002
vt 0.6062 0.9002
vt 0.5402 0.9002
vt 0.5903 0.9002
vt 0.5983 0.9002
vt 0.5634 0.9002
vt 0.5695 0.9002
vt 0.6389 0.9002
vt 0.6453 0.9002
vt 0.7484 0.9002
vt 0.6885 0.9002
vt 0.6955 0.9002
vt 0.4476 0.9002
vt 0.4531 0.9002
vt 0.4842 0.9002
vt 0.5761 0.9002
vt 0.5830 0.9002
vt 0.5157 0.9002
vt 0.5341 0.9002
vt 0.4749 0.9002
vt 0.4667 0.9002
vt 0.4597 0.9002
vt 0.6518 0.9002
vt 0.5094 0.9002
vt 0.5578 0.9002
vt 0.4429 0.9002
vt 0.4417 0.9093
vt 0.4417 0.9059
vt 0.7497 0.9205
vt 0.7497 0.9236
vt 0.7497 0.9093
vt 0.7497 0.9130
vt 0.4417 0.9168
vt 0.4417 0.9130
vt 0.7497 0.9027
vt 0.7497 0.9059
vt 0.7497 0.9002
vt 0.7497 0.9168
vt 0.4417 0.9236
vt 0.4417 0.9205
vt 0.4417 0.9027
vt 0.4417 0.9002
vt 0.4938 0.9263
vt 0.4842 0.9263
vt 0.5761 0.9263
vt 0.5695 0.9263
vt 0.6885 0.9263
vt 0.6821 0.9263
vt 0.6062 0.9263
vt 0.5983 0.9263
vt 0.4749 0.9263
vt 0.4667 0.9263
vt 0.5463 0.9263
vt 0.5402 0.9263
vt 0.7196 0.9263
vt 0.7117 0.9263
vt 0.5903 0.9263
vt 0.6642 0.9263
vt 0.6582 0.9263
vt 0.6701 0.9263
vt 0.7484 0.9263
vt 0.7444 0.9263
vt 0.5634 0.9263
vt 0.5578 0.9263
vt 0.7390 0.9263
vt 0.7330 0.9263
vt 0.7034 0.9263
vt 0.6955 0.9263
vt 0.4597 0.9263
vt 0.5521 0.9263
vt 0.6760 0.9263
vt 0.5218 0.9263
vt 0.5157 0.9263
vt 0.6204 0.9263
vt 0.6135 0.9263
vt 0.5830 0.9263
vt 0.6518 0.9263
vt 0.5094 0.9263
vt 0.6453 0.9263
vt 0.6389 0.9263
vt 0.6267 0.9263
vt 0.7266 0.9263
vt 0.4476 0.9263
vt 0.4429 0.9263
vt 0.6327 0.9263
vt 0.5341 0.9263
vt 0.4531 0.9263
vt 0.5279 0.9263
vt 0.5023 0.9263
vt 0.4531 0.9281
vt 0.4476 0.9281
vt 0.7196 0.9281
vt 0.7117 0.9281
vt 0.5094 0.9281
vt 0.5023 0.9281
vt 0.4597 0.9281
vt 0.6642 0.9281
vt 0.6582 0.9281
vt 0.5634 0.9281
vt 0.5578 0.9281
vt 0.4667 0.9281
vt 0.7034 0.9281
vt 0.6453 0.9281
vt 0.6389 0.9281
vt 0.4749 0.9281
vt 0.6518 0.9281
vt 0.6135 0.9281
vt 0.6062 0.9281
vt 0.5218 0.9281
vt 0.5157 0.9281
vt 0.6885 0.9281
vt 0.6821 0.9281
vt 0.4842 0.9281
vt 0.6701 0.9281
vt 0.6327 0.9281
vt 0.6267 0.9281
vt 0.5983 0.9281
vt 0.5903 0.9281
vt 0.6760 0.9281
vt 0.5521 0.9281
vt 0.6204 0.9281
vt 0.5402 0.9281
vt 0.5341 0.9281
vt 0.6955 0.9281
vt 0.5830 0.9281
vt 0.4938 0.9281
vt 0.5463 0.9281
vt 0.7444 0.9281
vt 0.7390 0.9281
vt 0.5695 0.9281
vt 0.7330 0.9281
vt 0.5761 0.9281
vt 0.7266 0.9281
vt 0.5279 0.9281
vt 0.7484 0.9281
vt 0.4429 0.9281
vt 0.5008 0.8408
vt 0.4972 0.8408
vt 0.4972 0.8320
vt 0.5008 0.8320
vt 0.4934 0.8408
vt 0.4891 0.8408
vt 0.4891 0.8320
vt 0.4934 0.8320
vt 0.5179 0.8408
vt 0.5133 0.8408
vt 0.5133 0.8320
vt 0.5179 0.8320
vt 0.4845 0.8408
vt 0.4799 0.8408
vt 0.4799 0.8320
vt 0.4845 0.8320
vt 0.5640 0.8408
vt 0.5595 0.8408
vt 0.5595 0.8320
vt 0.5640 0.8320
vt 0.5087 0.8408
vt 0.5042 0.8408
vt 0.5042 0.8320
vt 0.5087 0.8320
vt 0.5226 0.8408
vt 0.5226 0.8320
vt 0.5548 0.8320
vt 0.5498 0.8320
vt 0.5498 0.8306
vt 0.5548 0.8306
vt 0.4799 0.8320
vt 0.4755 0.8320
vt 0.4755 0.8306
vt 0.4799 0.8306
vt 0.4709 0.8320
vt 0.4709 0.8306
vt 0.5826 0.8320
vt 0.5779 0.8320
vt 0.5779 0.8306
vt 0.5826 0.8306
vt 0.5444 0.8320
vt 0.5389 0.8320
vt 0.5389 0.8306
vt 0.5444 0.8306
vt 0.4845 0.8306
vt 0.5087 0.8306
vt 0.5133 0.8306
vt 0.4934 0.8306
vt 0.4972 0.8306
vt 0.5335 0.8320
vt 0.5335 0.8306
vt 0.5279 0.8320
vt 0.5226 0.8320
vt 0.5226 0.8306
vt 0.5279 0.8306
vt 0.5731 0.8320
vt 0.5731 0.8306
vt 0.5595 0.8306
vt 0.5640 0.8306
vt 0.5179 0.8306
vt 0.4891 0.8306
vt 0.5042 0.8306
vt 0.5684 0.8320
vt 0.5684 0.8306
vt 0.5008 0.8306
vt 0.5179 0.8292
vt 0.5226 0.8292
vt 0.5042 0.8292
vt 0.5087 0.8292
vt 0.4755 0.8292
vt 0.4799 0.8292
vt 0.4845 0.8292
vt 0.5279 0.8292
vt 0.5335 0.8292
vt 0.5548 0.8292
vt 0.5595 0.8292
vt 0.4972 0.8292
vt 0.5008 0.8292
vt 0.5389 0.8292
vt 0.5444 0.8292
vt 0.5684 0.8292
vt 0.5731 0.8292
vt 0.4709 0.8292
vt 0.5498 0.8292
vt 0.4934 0.8292
vt 0.4891 0.8292
vt 0.5133 0.8292
vt 0.5779 0.8292
vt 0.5826 0.8292
vt 0.5640 0.8292
vt 0.5731 0.8408
vt 0.5684 0.8408
vt 0.5279 0.8408
vt 0.5779 0.8408
vt 0.5548 0.8408
vt 0.5498 0.8408
vt 0.5335 0.8408
vt 0.5444 0.8408
vt 0.4755 0.8408
vt 0.5389 0.8408
vt 0.4709 0.8408
vt 0.5826 0.8408
vt 0.5552 0.8701
vt 0.5552 0.8624
vt 0.5593 0.8624
vt 0.5593 0.8701
vt 0.5636 0.8701
vt 0.5636 0.8624
vt 0.5685 0.8624
vt 0.5685 0.8701
vt 0.5356 0.8701
vt 0.5356 0.8624
vt 0.5408 0.8624
vt 0.5408 0.8701
vt 0.5738 0.8701
vt 0.5738 0.8624
vt 0.5790 0.8624
vt 0.5790 0.8701
vt 0.4831 0.8701
vt 0.4831 0.8624
vt 0.4883 0.8624
vt 0.4883 0.8701
vt 0.5462 0.8701
vt 0.5462 0.8624
vt 0.5513 0.8624
vt 0.5513 0.8701
vt 0.5303 0.8701
vt 0.5303 0.8624
vt 0.4937 0.8624
vt 0.4937 0.8610
vt 0.4994 0.8610
vt 0.4994 0.8624
vt 0.5790 0.8624
vt 0.5790 0.8610
vt 0.5841 0.8610
vt 0.5841 0.8624
vt 0.5892 0.8610
vt 0.5892 0.8624
vt 0.4619 0.8624
vt 0.4619 0.8610
vt 0.4673 0.8610
vt 0.4673 0.8624
vt 0.5055 0.8624
vt 0.5055 0.8610
vt 0.5118 0.8610
vt 0.5118 0.8624
vt 0.5738 0.8610
vt 0.5408 0.8610
vt 0.5462 0.8610
vt 0.5593 0.8610
vt 0.5636 0.8610
vt 0.5179 0.8610
vt 0.5179 0.8624
vt 0.5242 0.8624
vt 0.5242 0.8610
vt 0.5303 0.8610
vt 0.5303 0.8624
vt 0.4727 0.8610
vt 0.4727 0.8624
vt 0.4831 0.8610
vt 0.4883 0.8610
vt 0.5356 0.8610
vt 0.5685 0.8610
vt 0.5513 0.8610
vt 0.4781 0.8610
vt 0.4781 0.8624
vt 0.5552 0.8610
vt 0.5303 0.8600
vt 0.5356 0.8600
vt 0.5462 0.8600
vt 0.5513 0.8600
vt 0.5790 0.8600
vt 0.5841 0.8600
vt 0.5738 0.8600
vt 0.5179 0.8600
vt 0.5242 0.8600
vt 0.4883 0.8600
vt 0.4937 0.8600
vt 0.5552 0.8600
vt 0.5593 0.8600
vt 0.5055 0.8600
vt 0.5118 0.8600
vt 0.4727 0.8600
vt 0.4781 0.8600
vt 0.5892 0.8600
vt 0.4994 0.8600
vt 0.5636 0.8600
vt 0.5685 0.8600
vt 0.5408 0.8600
vt 0.4673 0.8600
vt 0.4619 0.8600
vt 0.4831 0.8600
vt 0.4781 0.8701
vt 0.4727 0.8701
vt 0.5242 0.8701
vt 0.4673 0.8701
vt 0.4937 0.8701
vt 0.4994 0.8701
vt 0.5179 0.8701
vt 0.5055 0.8701
vt 0.5841 0.8701
vt 0.5118 0.8701
vt 0.5892 0.8701
vt 0.4619 0.8701
f 86/1 89/2 73/3 43/4
f 43/4 73/3 52/5 47/6
f 1566/7 10/8 9/9 1561/10
f 1561/10 9/9 16/11 1563/12
f 1562/13 1554/14 17/15 14/16
f 81/17 82/18 18/19 15/20
f 1554/14 1552/21 20/22 17/15
f 82/18 83/23 21/24 18/19
f 1556/25 1546/26 23/27 90/28
f 95/29 84/30 24/31 92/32
f 477/33 583/34 579/35 478/36
f 326/37 596/38 590/39 132/40
f 57/41 56/42 26/43 37/44
f 580/45 604/46 480/47 479/48
f 1336/49 72/50 29/51 1340/52
f 80/53 86/54 43/55 28/56
f 1579/57 1539/58 31/59 738/60
f 1573/61 1542/62 33/63 635/64
f 1542/62 1536/65 34/66 33/63
f 1544/67 1558/68 35/69 96/70
f 753/71 58/72 32/73 752/74
f 80/53 28/56 27/75 85/76
f 662/77 46/78 38/79 637/80
f 1550/81 1333/82 10/8 1566/7
f 46/78 55/83 40/84 38/79
f 756/85 69/86 30/87 737/88
f 60/89 8/90 15/91 51/92
f 651/93 62/94 36/95 639/96
f 62/94 68/97 39/98 36/95
f 100/99 71/100 42/101 99/102
f 1541/103 102/104 35/69 1558/68
f 79/105 87/106 41/107 2/108
f 98/109 59/110 41/111 97/112
f 2/108 41/107 59/110 45/113
f 27/114 53/115 57/41 37/44
f 28/56 43/55 47/116 54/117
f 27/114 28/56 54/117 53/115
f 5/118 1338/119 1339/120 7/121
f 132/40 590/39 594/122 192/123
f 92/32 24/31 48/124 93/125
f 18/19 21/24 49/126 50/127
f 15/91 18/19 50/127 51/92
f 73/3 8/90 60/89 52/5
f 1534/128 1565/129 13/130 1/131
f 4/132 1337/133 1335/134 11/135
f 11/135 1335/134 1338/136 5/137
f 81/138 78/139 44/140 64/141
f 3/142 42/101 71/100 61/143
f 375/144 612/145 609/146 374/147
f 101/148 87/149 71/100 100/99
f 74/150 75/151 68/97 62/94
f 665/152 74/150 62/94 651/93
f 762/153 76/154 69/86 756/85
f 88/155 37/44 26/43 77/156
f 90/28 23/27 67/157 94/158
f 17/15 20/22 66/159 65/160
f 14/16 17/15 65/160 64/161
f 44/140 6/162 14/16 64/141
f 24/31 628/163 593/164 48/124
f 23/27 613/165 629/166 67/157
f 626/167 631/168 496/169 497/170
f 196/171 599/172 592/173 45/174
f 85/175 88/176 72/177 4/178
f 7/179 63/180 6/162 44/140
f 1549/181 1534/128 1/131 1341/182
f 1337/133 4/132 72/177 1336/49
f 7/121 1339/120 1334/183 63/180
f 72/50 70/184 12/185 29/51
f 78/139 89/186 7/179 44/140
f 8/90 73/3 89/2 78/139
f 27/75 37/44 88/155 85/76
f 72/177 88/176 77/156 70/184
f 752/74 32/73 76/154 762/153
f 637/80 38/79 74/150 665/152
f 38/79 40/84 75/151 74/150
f 97/112 41/111 87/106 101/148
f 15/20 8/90 78/139 81/17
f 61/143 71/100 87/149 79/105
f 11/135 80/53 85/76 4/132
f 11/135 5/137 86/54 80/53
f 94/158 67/157 84/30 95/29
f 65/160 66/159 83/23 82/18
f 64/161 65/160 82/18 81/138
f 5/118 7/121 89/186 86/1
f 66/159 94/158 95/29 83/23
f 20/22 90/28 94/158 66/159
f 21/24 92/32 93/125 49/126
f 83/23 95/29 92/32 21/24
f 1552/21 1556/25 90/28 20/22
f 40/84 97/112 101/148 75/151
f 75/151 101/148 100/99 68/97
f 55/83 98/109 97/112 40/84
f 68/97 100/99 99/102 39/98
f 1536/65 1544/67 96/70 34/66
f 476/187 585/188 583/34 477/33
f 121/189 573/190 574/191 291/192
f 292/193 287/194 106/195 119/196
f 297/197 251/198 111/199 115/200
f 302/201 256/202 107/203 108/204
f 307/205 261/206 105/207 112/208
f 312/209 266/210 120/211 117/212
f 317/213 302/201 108/204 109/214
f 251/198 307/205 112/208 111/199
f 322/215 312/209 117/212 103/216
f 327/217 271/218 118/219 110/220
f 266/210 276/221 113/222 120/211
f 261/223 327/217 110/220 105/224
f 271/218 317/213 109/214 118/219
f 580/45 479/48 478/36 579/35
f 276/221 281/225 104/226 113/222
f 332/227 297/197 115/200 114/228
f 256/202 292/193 119/196 107/203
f 711/229 286/230 116/231 699/232
f 689/233 332/227 114/228 672/234
f 669/235 202/236 137/237 690/238
f 716/239 246/240 138/241 720/242
f 216/243 162/244 122/245 125/246
f 202/236 167/247 124/248 137/237
f 236/249 241/250 136/251 135/252
f 231/253 187/254 131/255 133/256
f 221/257 197/258 134/259 127/260
f 226/261 236/249 135/252 129/262
f 197/258 231/253 133/256 134/259
f 192/123 182/263 130/264 132/40
f 211/265 177/266 128/267 123/268
f 187/254 172/269 126/270 131/255
f 182/263 226/261 129/262 130/264
f 177/266 221/271 127/272 128/267
f 172/269 216/243 125/246 126/270
f 167/247 211/265 123/268 124/248
f 162/244 157/273 121/274 122/245
f 427/275 400/276 156/277 143/278
f 420/279 365/280 147/281 141/282
f 413/283 386/284 152/285 139/286
f 455/287 344/288 142/289 153/290
f 448/291 372/292 148/293 151/294
f 697/295 393/296 154/297 678/298
f 400/276 379/299 150/300 156/277
f 701/301 462/302 155/303 713/304
f 393/296 455/287 153/290 154/297
f 386/284 448/291 151/294 152/285
f 379/299 441/305 149/306 150/300
f 572/307 627/308 158/309 159/310
f 434/311 337/312 140/313 145/314
f 365/315 358/316 146/317 147/318
f 358/316 434/311 145/314 146/317
f 351/319 427/275 143/278 144/320
f 344/288 420/279 141/282 142/289
f 337/312 413/283 139/286 140/313
f 325/321 324/322 602/323 587/324
f 578/325 598/326 323/327 322/328
f 498/329 625/330 626/167 497/170
f 627/308 623/331 157/332 158/309
f 586/333 601/334 289/335 290/336
f 93/125 48/124 161/337 166/338
f 166/338 161/337 160/339 165/340
f 165/340 160/339 159/341 164/342
f 164/342 159/341 158/309 163/343
f 163/343 158/309 157/332 162/244
f 57/41 53/115 207/344 171/345
f 171/345 207/344 208/346 170/347
f 170/347 208/346 209/348 169/349
f 169/349 209/348 210/350 168/351
f 168/351 210/350 211/265 167/247
f 50/127 49/126 212/352 176/353
f 176/353 212/352 213/354 175/355
f 175/355 213/354 214/356 174/357
f 174/357 214/356 215/358 173/359
f 173/359 215/358 216/243 172/269
f 54/117 47/116 217/360 181/361
f 181/361 217/360 218/362 180/363
f 180/363 218/362 219/364 179/365
f 179/365 219/364 220/366 178/367
f 178/367 220/366 221/271 177/266
f 59/110 98/109 222/368 186/369
f 186/369 222/368 223/370 185/371
f 185/371 223/370 224/372 184/373
f 184/373 224/372 225/374 183/375
f 183/375 225/374 226/261 182/263
f 51/92 50/127 176/353 191/376
f 191/376 176/353 175/355 190/377
f 190/377 175/355 174/357 189/378
f 189/378 174/357 173/359 188/379
f 188/379 173/359 172/269 187/254
f 53/115 54/117 181/361 207/344
f 207/344 181/361 180/363 208/346
f 208/346 180/363 179/365 209/348
f 209/348 179/365 178/367 210/350
f 210/350 178/367 177/266 211/265
f 45/113 59/110 186/369 196/171
f 196/171 186/369 185/371 195/380
f 195/380 185/371 184/373 194/381
f 194/381 184/373 183/375 193/382
f 193/382 183/375 182/263 192/123
f 52/5 60/89 227/383 201/384
f 201/384 227/383 228/385 200/386
f 200/386 228/385 229/387 199/388
f 199/388 229/387 230/389 198/390
f 198/390 230/389 231/253 197/258
f 98/109 55/83 232/391 222/368
f 222/368 232/391 233/392 223/370
f 223/370 233/392 234/393 224/372
f 224/372 234/393 235/394 225/374
f 225/374 235/394 236/249 226/261
f 47/6 52/5 201/384 217/395
f 217/395 201/384 200/386 218/396
f 218/396 200/386 199/388 219/397
f 219/397 199/388 198/390 220/398
f 220/398 198/390 197/258 221/257
f 60/89 51/92 191/376 227/383
f 227/383 191/376 190/377 228/385
f 228/385 190/377 189/378 229/387
f 229/387 189/378 188/379 230/389
f 230/389 188/379 187/254 231/253
f 378/399 605/400 606/401 377/402
f 192/123 594/122 595/403 193/382
f 595/403 571/404 194/381 193/382
f 55/83 46/78 237/405 232/391
f 232/391 237/405 238/406 233/392
f 233/392 238/406 239/407 234/393
f 234/393 239/407 240/408 235/394
f 235/394 240/408 241/250 236/249
f 56/42 57/41 171/345 206/409
f 206/409 171/345 170/347 205/410
f 205/410 170/347 169/349 204/411
f 204/411 169/349 168/351 203/412
f 203/412 168/351 167/247 202/236
f 49/126 93/125 166/338 212/352
f 212/352 166/338 165/340 213/354
f 213/354 165/340 164/342 214/356
f 214/356 164/342 163/343 215/358
f 215/358 163/343 162/244 216/243
f 723/413 58/414 242/415 717/416
f 717/416 242/415 243/417 718/418
f 718/418 243/417 244/419 715/420
f 715/420 244/419 245/421 714/422
f 714/422 245/421 246/240 716/239
f 695/423 56/42 206/409 668/424
f 668/424 206/409 205/410 667/425
f 667/425 205/410 204/411 670/426
f 670/426 204/411 203/412 671/427
f 671/427 203/412 202/236 669/235
f 690/238 137/237 336/428 682/429
f 682/429 336/428 335/430 685/431
f 685/431 335/430 334/432 676/433
f 676/433 334/432 333/434 687/435
f 687/435 333/434 332/227 689/233
f 325/321 587/324 596/38 326/37
f 287/194 582/436 581/437 106/195
f 720/242 138/241 282/438 704/439
f 704/439 282/438 283/440 705/441
f 705/441 283/440 284/442 708/443
f 708/443 284/442 285/444 706/445
f 706/445 285/444 286/230 711/229
f 125/246 122/245 296/446 252/447
f 252/447 296/446 295/448 253/449
f 253/449 295/448 294/450 254/451
f 254/451 294/450 293/452 255/453
f 255/453 293/452 292/193 256/202
f 137/237 124/248 301/454 336/428
f 336/428 301/454 300/455 335/430
f 335/430 300/455 299/456 334/432
f 334/432 299/456 298/457 333/434
f 333/434 298/457 297/197 332/227
f 135/252 136/251 277/458 272/459
f 272/459 277/458 278/460 273/461
f 273/461 278/460 279/462 274/463
f 274/463 279/462 280/464 275/465
f 275/465 280/464 281/225 276/221
f 604/46 621/466 144/467 480/47
f 161/337 600/468 603/469 160/339
f 133/256 131/255 321/470 267/471
f 267/471 321/470 320/472 268/473
f 268/473 320/472 319/474 269/475
f 269/475 319/474 318/476 270/477
f 270/477 318/476 317/213 271/218
f 127/260 134/259 331/478 257/479
f 257/479 331/478 330/480 258/481
f 258/481 330/480 329/482 259/483
f 259/483 329/482 328/484 260/485
f 260/485 328/484 327/217 261/223
f 129/262 135/252 272/459 262/486
f 262/486 272/459 273/461 263/487
f 263/487 273/461 274/463 264/488
f 264/488 274/463 275/465 265/489
f 265/489 275/465 276/221 266/210
f 134/259 133/256 267/471 331/478
f 331/478 267/471 268/473 330/480
f 330/480 268/473 269/475 329/482
f 329/482 269/475 270/477 328/484
f 328/484 270/477 271/218 327/217
f 132/40 130/264 316/490 326/37
f 326/37 316/490 315/491 325/321
f 325/321 315/491 314/492 324/322
f 324/322 314/492 313/493 323/494
f 323/494 313/493 312/209 322/328
f 123/268 128/267 311/495 247/496
f 247/496 311/495 310/497 248/498
f 248/498 310/497 309/499 249/500
f 249/500 309/499 308/501 250/502
f 250/502 308/501 307/205 251/198
f 131/255 126/270 306/503 321/470
f 321/470 306/503 305/504 320/472
f 320/472 305/504 304/505 319/474
f 319/474 304/505 303/506 318/476
f 318/476 303/506 302/201 317/213
f 130/264 129/262 262/486 316/490
f 316/490 262/486 263/487 315/491
f 315/491 263/487 264/488 314/492
f 314/492 264/488 265/489 313/493
f 313/493 265/489 266/210 312/209
f 128/267 127/272 257/507 311/495
f 311/495 257/507 258/508 310/497
f 310/497 258/508 259/509 309/499
f 309/499 259/509 260/510 308/501
f 308/501 260/510 261/206 307/205
f 126/270 125/246 252/447 306/503
f 306/503 252/447 253/449 305/504
f 305/504 253/449 254/451 304/505
f 304/505 254/451 255/453 303/506
f 303/506 255/453 256/202 302/201
f 124/248 123/268 247/496 301/454
f 301/454 247/496 248/498 300/455
f 300/455 248/498 249/500 299/456
f 299/456 249/500 250/502 298/457
f 298/457 250/502 251/198 297/197
f 122/245 121/274 291/192 296/446
f 296/446 291/192 290/511 295/448
f 295/448 290/511 289/335 294/450
f 294/450 289/335 288/512 293/452
f 293/452 288/512 287/194 292/193
f 2/108 575/513 576/514 79/105
f 601/334 597/515 288/512 289/335
f 597/515 582/436 287/194 288/512
f 574/191 586/333 290/336 291/192
f 109/214 108/204 407/516 343/517
f 343/517 407/516 408/518 342/519
f 342/519 408/518 409/520 341/521
f 341/521 409/520 410/522 340/523
f 340/523 410/522 411/524 339/525
f 339/525 411/524 412/526 338/527
f 338/527 412/526 413/283 337/312
f 111/199 112/208 414/528 350/529
f 350/529 414/528 415/530 349/531
f 349/531 415/530 416/532 348/533
f 348/533 416/532 417/534 347/535
f 347/535 417/534 418/536 346/537
f 346/537 418/536 419/538 345/539
f 345/539 419/538 420/279 344/288
f 103/216 117/212 421/540 357/541
f 357/541 421/540 422/542 356/543
f 356/543 422/542 423/544 355/545
f 355/545 423/544 424/546 354/547
f 354/547 424/546 425/548 353/549
f 353/549 425/548 426/550 352/551
f 352/551 426/550 427/275 351/319
f 110/220 118/219 428/552 364/553
f 364/553 428/552 429/554 363/555
f 363/555 429/554 430/556 362/557
f 362/557 430/556 431/558 361/559
f 361/559 431/558 432/560 360/561
f 360/561 432/560 433/562 359/563
f 359/563 433/562 434/311 358/316
f 105/224 110/220 364/553 371/564
f 371/564 364/553 363/555 370/565
f 370/565 363/555 362/557 369/566
f 369/566 362/557 361/559 368/567
f 368/567 361/559 360/561 367/568
f 367/568 360/561 359/563 366/569
f 366/569 359/563 358/316 365/315
f 118/219 109/214 343/517 428/552
f 428/552 343/517 342/519 429/554
f 429/554 342/519 341/521 430/556
f 430/556 341/521 340/523 431/558
f 431/558 340/523 339/525 432/560
f 432/560 339/525 338/527 433/562
f 433/562 338/527 337/312 434/311
f 160/339 603/469 572/307 159/341
f 377/402 606/401 607/570 376/571
f 61/143 611/572 610/573 3/142
f 323/494 598/326 602/323 324/322
f 376/571 607/570 612/145 375/144
f 157/273 623/331 573/190 121/274
f 48/124 593/164 600/468 161/337
f 353/549 608/574 614/575 354/547
f 620/576 624/577 357/541 356/543
f 1571/578 589/579 102/104 1541/103
f 352/551 351/319 617/580 615/581
f 113/222 104/226 435/582 385/583
f 385/583 435/582 436/584 384/585
f 384/585 436/584 437/586 383/587
f 383/587 437/586 438/588 382/589
f 382/589 438/588 439/590 381/591
f 381/591 439/590 440/592 380/593
f 380/593 440/592 441/305 379/299
f 107/203 119/196 442/594 392/595
f 392/595 442/594 443/596 391/597
f 391/597 443/596 444/598 390/599
f 390/599 444/598 445/600 389/601
f 389/601 445/600 446/602 388/603
f 388/603 446/602 447/604 387/605
f 387/605 447/604 448/291 386/284
f 114/228 115/200 449/606 399/607
f 399/607 449/606 450/608 398/609
f 398/609 450/608 451/610 397/611
f 397/611 451/610 452/612 396/613
f 396/613 452/612 453/614 395/615
f 395/615 453/614 454/616 394/617
f 394/617 454/616 455/287 393/296
f 699/232 116/231 456/618 710/619
f 710/619 456/618 457/620 707/621
f 707/621 457/620 458/622 709/623
f 709/623 458/622 459/624 703/625
f 703/625 459/624 460/626 702/627
f 702/627 460/626 461/628 700/629
f 700/629 461/628 462/302 701/301
f 120/211 113/222 385/583 406/630
f 406/630 385/583 384/585 405/631
f 405/631 384/585 383/587 404/632
f 404/632 383/587 382/589 403/633
f 403/633 382/589 381/591 402/634
f 402/634 381/591 380/593 401/635
f 401/635 380/593 379/299 400/276
f 1546/26 1568/636 613/165 23/27
f 148/637 634/638 625/330 498/329
f 672/234 114/228 399/607 677/639
f 677/639 399/607 398/609 681/640
f 681/640 398/609 397/611 679/641
f 679/641 397/611 396/613 684/642
f 684/642 396/613 395/615 688/643
f 688/643 395/615 394/617 698/644
f 698/644 394/617 393/296 697/295
f 119/196 106/195 378/645 442/594
f 442/594 378/645 377/402 443/596
f 443/596 377/402 376/571 444/598
f 444/598 376/571 375/144 445/600
f 445/600 375/144 374/147 446/602
f 446/602 374/147 373/646 447/604
f 447/604 373/646 372/292 448/291
f 115/200 111/199 350/529 449/606
f 449/606 350/529 349/531 450/608
f 450/608 349/531 348/533 451/610
f 451/610 348/533 347/535 452/612
f 452/612 347/535 346/537 453/614
f 453/614 346/537 345/539 454/616
f 454/616 345/539 344/288 455/287
f 108/204 107/203 392/595 407/516
f 407/516 392/595 391/597 408/518
f 408/518 391/597 390/599 409/520
f 409/520 390/599 389/601 410/522
f 410/522 389/601 388/603 411/524
f 411/524 388/603 387/605 412/526
f 412/526 387/605 386/284 413/283
f 112/208 105/207 371/647 414/528
f 414/528 371/647 370/648 415/530
f 415/530 370/648 369/649 416/532
f 416/532 369/649 368/650 417/534
f 417/534 368/650 367/651 418/536
f 418/536 367/651 366/652 419/538
f 419/538 366/652 365/280 420/279
f 117/212 120/211 406/630 421/540
f 421/540 406/630 405/631 422/542
f 422/542 405/631 404/632 423/544
f 423/544 404/632 403/633 424/546
f 424/546 403/633 402/634 425/548
f 425/548 402/634 401/635 426/550
f 426/550 401/635 400/276 427/275
f 140/313 139/286 523/653 468/654
f 468/654 523/653 524/655 467/656
f 467/656 524/655 525/657 466/658
f 466/658 525/657 526/659 465/660
f 465/660 526/659 527/661 464/662
f 464/662 527/661 528/663 463/664
f 142/289 141/282 529/665 474/666
f 474/666 529/665 530/667 473/668
f 473/668 530/667 531/669 472/670
f 472/670 531/669 532/671 471/672
f 471/672 532/671 533/673 470/674
f 470/674 533/673 534/675 469/676
f 144/467 143/278 535/677 480/47
f 480/47 535/677 536/678 479/48
f 479/48 536/678 537/679 478/36
f 478/36 537/679 538/680 477/33
f 477/33 538/680 539/681 476/187
f 476/187 539/681 540/682 475/683
f 146/317 145/314 541/684 486/685
f 486/685 541/684 542/686 485/687
f 485/687 542/686 543/688 484/689
f 484/689 543/688 544/690 483/691
f 483/691 544/690 545/692 482/693
f 482/693 545/692 546/694 481/695
f 147/318 146/317 486/685 492/696
f 492/696 486/685 485/687 491/697
f 491/697 485/687 484/689 490/698
f 490/698 484/689 483/691 489/699
f 489/699 483/691 482/693 488/700
f 488/700 482/693 481/695 487/701
f 145/314 140/313 468/654 541/684
f 541/684 468/654 467/656 542/686
f 542/686 467/656 466/658 543/688
f 543/688 466/658 465/660 544/690
f 544/690 465/660 464/662 545/692
f 545/692 464/662 463/664 546/694
f 372/292 618/702 634/638 148/293
f 144/320 621/466 617/580 351/319
f 494/703 633/704 630/705 493/706
f 591/707 599/172 196/171 195/380
f 475/683 584/708 585/188 476/187
f 194/381 571/404 591/707 195/380
f 150/300 149/306 547/709 504/710
f 504/710 547/709 548/711 503/712
f 503/712 548/711 549/713 502/714
f 502/714 549/713 550/715 501/716
f 501/716 550/715 551/717 500/718
f 500/718 551/717 552/719 499/720
f 152/285 151/294 553/721 510/722
f 510/722 553/721 554/723 509/724
f 509/724 554/723 555/725 508/726
f 508/726 555/725 556/727 507/728
f 507/728 556/727 557/729 506/730
f 506/730 557/729 558/731 505/732
f 154/297 153/290 559/733 516/734
f 516/734 559/733 560/735 515/736
f 515/736 560/735 561/737 514/738
f 514/738 561/737 562/739 513/740
f 513/740 562/739 563/741 512/742
f 512/742 563/741 564/743 511/744
f 713/304 155/303 565/745 721/746
f 721/746 565/745 566/747 719/748
f 719/748 566/747 567/749 725/750
f 725/750 567/749 568/751 727/752
f 727/752 568/751 569/753 724/754
f 724/754 569/753 570/755 722/756
f 156/277 150/300 504/710 522/757
f 522/757 504/710 503/712 521/758
f 521/758 503/712 502/714 520/759
f 520/759 502/714 501/716 519/760
f 519/760 501/716 500/718 518/761
f 518/761 500/718 499/720 517/762
f 67/157 629/166 619/763 84/30
f 678/298 154/297 516/734 693/764
f 693/764 516/734 515/736 692/765
f 692/765 515/736 514/738 691/766
f 691/766 514/738 513/740 683/767
f 683/767 513/740 512/742 680/768
f 680/768 512/742 511/744 686/769
f 151/294 148/293 498/329 553/721
f 553/721 498/329 497/170 554/723
f 554/723 497/170 496/169 555/725
f 555/725 496/169 495/770 556/727
f 556/727 495/770 494/771 557/729
f 557/729 494/771 493/706 558/731
f 153/290 142/289 474/666 559/733
f 559/733 474/666 473/668 560/735
f 560/735 473/668 472/670 561/737
f 561/737 472/670 471/672 562/739
f 562/739 471/672 470/674 563/741
f 563/741 470/674 469/676 564/743
f 139/286 152/285 510/722 523/653
f 523/653 510/722 509/724 524/655
f 524/655 509/724 508/726 525/657
f 525/657 508/726 507/728 526/659
f 526/659 507/728 506/730 527/661
f 527/661 506/730 505/732 528/663
f 141/282 147/281 492/772 529/665
f 529/665 492/772 491/773 530/667
f 530/667 491/773 490/774 531/669
f 531/669 490/774 489/775 532/671
f 532/671 489/775 488/776 533/673
f 533/673 488/776 487/777 534/675
f 143/278 156/277 522/757 535/677
f 535/677 522/757 521/758 536/678
f 536/678 521/758 520/759 537/679
f 537/679 520/759 519/760 538/680
f 538/680 519/760 518/761 539/681
f 539/681 518/761 517/762 540/682
f 495/770 632/778 633/704 494/771
f 79/105 576/514 611/572 61/143
f 374/147 609/146 616/779 373/646
f 631/168 632/778 495/770 496/169
f 84/30 619/763 628/163 24/31
f 581/437 605/400 378/399 106/195
f 2/108 45/113 592/173 575/513
f 614/575 622/780 355/545 354/547
f 577/781 578/325 322/328 103/216
f 622/780 620/576 356/543 355/545
f 352/551 615/581 608/574 353/549
f 577/781 103/216 357/541 624/577
f 373/646 616/779 618/702 372/292
f 633/704 585/782 584/783 630/705
f 632/778 583/784 585/782 633/704
f 631/168 579/785 583/784 632/778
f 626/167 580/786 579/785 631/168
f 625/330 604/787 580/786 626/167
f 634/638 621/788 604/787 625/330
f 616/779 615/789 617/790 618/702
f 609/146 608/791 615/789 616/779
f 612/145 614/792 608/791 609/146
f 607/570 622/793 614/792 612/145
f 606/401 620/794 622/793 607/570
f 605/400 624/795 620/794 606/401
f 581/437 577/796 624/795 605/400
f 597/515 598/797 578/798 582/436
f 601/334 602/799 598/797 597/515
f 586/333 587/800 602/799 601/334
f 574/191 596/801 587/800 586/333
f 573/190 590/802 596/801 574/191
f 627/308 595/803 594/804 623/331
f 572/307 571/805 595/803 627/308
f 603/469 591/806 571/805 572/307
f 600/468 599/807 591/806 603/469
f 593/164 592/808 599/807 600/468
f 618/702 617/790 621/788 634/638
f 623/331 594/804 590/802 573/190
f 582/436 578/798 577/796 581/437
f 629/166 611/809 576/810 619/763
f 613/165 610/811 611/809 629/166
f 628/163 575/812 592/808 593/164
f 619/763 576/810 575/812 628/163
f 1568/636 1570/813 610/811 613/165
f 551/717 663/814 661/815 552/719
f 550/715 666/816 663/814 551/717
f 549/713 664/817 666/816 550/715
f 548/711 658/818 664/817 549/713
f 547/709 660/819 658/818 548/711
f 149/306 652/820 660/819 547/709
f 440/592 638/821 640/822 441/305
f 439/590 641/823 638/821 440/592
f 438/588 642/824 641/823 439/590
f 437/586 648/825 642/824 438/588
f 436/584 646/826 648/825 437/586
f 435/582 649/827 646/826 436/584
f 104/226 636/828 649/827 435/582
f 280/464 645/829 650/830 281/225
f 279/462 647/831 645/829 280/464
f 278/460 644/832 647/831 279/462
f 277/458 643/833 644/832 278/460
f 136/251 659/834 643/833 277/458
f 240/408 653/835 655/836 241/250
f 239/407 654/837 653/835 240/408
f 238/406 657/838 654/837 239/407
f 237/405 656/839 657/838 238/406
f 46/78 662/77 656/839 237/405
f 441/305 640/822 652/820 149/306
f 241/250 655/836 659/834 136/251
f 281/225 650/830 636/828 104/226
f 729/840 637/80 665/152 726/841
f 726/841 665/152 651/93 712/842
f 712/842 651/93 639/96 730/843
f 723/844 662/77 637/80 729/840
f 1577/845 1573/61 635/64 728/846
f 742/847 680/768 686/769 746/848
f 744/849 683/767 680/768 742/847
f 749/850 691/766 683/767 744/849
f 750/851 692/765 691/766 749/850
f 751/852 693/764 692/765 750/851
f 740/853 678/298 693/764 751/852
f 755/854 698/644 697/295 754/855
f 747/856 688/643 698/644 755/854
f 745/857 684/642 688/643 747/856
f 741/858 679/641 684/642 745/857
f 743/859 681/640 679/641 741/858
f 739/860 677/639 681/640 743/859
f 736/861 672/234 677/639 739/860
f 760/862 687/435 689/233 761/863
f 757/864 676/433 687/435 760/862
f 759/865 685/431 676/433 757/864
f 758/866 682/429 685/431 759/865
f 748/867 690/238 682/429 758/866
f 735/868 671/427 669/235 733/869
f 734/870 670/426 671/427 735/868
f 731/871 667/425 670/426 734/870
f 732/872 668/424 667/425 731/871
f 753/873 695/423 668/424 732/872
f 754/855 697/295 678/298 740/853
f 733/869 669/235 690/238 748/867
f 761/863 689/233 672/234 736/861
f 26/43 694/874 696/875 77/156
f 77/156 696/875 675/876 70/184
f 70/184 675/876 673/877 12/185
f 56/42 695/423 694/874 26/43
f 1565/129 1575/878 674/879 13/130
f 1539/58 1577/845 728/846 31/59
f 58/72 723/413 729/840 32/73
f 69/86 712/842 730/843 30/87
f 76/154 726/841 712/842 69/86
f 32/73 729/840 726/841 76/154
f 663/814 724/754 722/756 661/815
f 666/816 727/752 724/754 663/814
f 664/817 725/750 727/752 666/816
f 658/818 719/748 725/750 664/817
f 660/819 721/746 719/748 658/818
f 652/820 713/304 721/746 660/819
f 638/821 700/629 701/301 640/822
f 641/823 702/627 700/629 638/821
f 642/824 703/625 702/627 641/823
f 648/825 709/623 703/625 642/824
f 646/826 707/621 709/623 648/825
f 649/827 710/619 707/621 646/826
f 636/828 699/232 710/619 649/827
f 645/829 706/445 711/229 650/830
f 647/831 708/443 706/445 645/829
f 644/832 705/441 708/443 647/831
f 643/833 704/439 705/441 644/832
f 659/834 720/242 704/439 643/833
f 653/835 714/422 716/239 655/836
f 654/837 715/420 714/422 653/835
f 657/838 718/418 715/420 654/837
f 656/839 717/416 718/418 657/838
f 662/77 723/844 717/416 656/839
f 640/822 701/301 713/304 652/820
f 655/836 716/239 720/242 659/834
f 650/830 711/229 699/232 636/828
f 286/230 761/863 736/861 116/231
f 246/240 733/869 748/867 138/241
f 462/302 754/855 740/853 155/303
f 58/72 753/71 732/872 242/415
f 242/415 732/872 731/871 243/417
f 243/417 731/871 734/870 244/419
f 244/419 734/870 735/868 245/421
f 245/421 735/868 733/869 246/240
f 138/241 748/867 758/866 282/438
f 282/438 758/866 759/865 283/440
f 283/440 759/865 757/864 284/442
f 284/442 757/864 760/862 285/444
f 285/444 760/862 761/863 286/230
f 116/231 736/861 739/860 456/618
f 456/618 739/860 743/859 457/620
f 457/620 743/859 741/858 458/622
f 458/622 741/858 745/857 459/624
f 459/624 745/857 747/856 460/626
f 460/626 747/856 755/854 461/628
f 461/628 755/854 754/855 462/302
f 155/303 740/853 751/852 565/745
f 565/745 751/852 750/851 566/747
f 566/747 750/851 749/850 567/749
f 567/749 749/850 744/849 568/751
f 568/751 744/849 742/847 569/753
f 569/753 742/847 746/848 570/755
f 694/874 752/74 762/153 696/875
f 696/875 762/153 756/85 675/876
f 675/876 756/85 737/88 673/877
f 695/423 753/873 752/74 694/874
f 1575/878 1579/57 738/60 674/879
f 848/880 805/881 835/882 851/883
f 805/881 809/884 814/885 835/882
f 1608/886 1603/887 771/888 772/889
f 1603/887 1605/890 778/891 771/888
f 1604/892 776/893 779/894 1596/895
f 843/896 777/897 780/898 844/899
f 1596/895 779/894 782/900 1594/901
f 844/899 780/898 783/902 845/903
f 1598/904 852/905 785/906 1592/907
f 857/908 854/909 786/910 846/911
f 1239/912 1240/913 1350/914 1354/915
f 1088/916 894/917 1361/918 1367/919
f 819/920 799/921 788/922 818/923
f 1351/924 1241/925 1242/926 1375/927
f 1336/928 1340/929 791/930 834/931
f 842/932 790/933 805/934 848/935
f 1621/936 1509/937 793/938 1585/939
f 1615/940 1406/941 795/942 1588/943
f 1588/943 795/942 796/944 1582/945
f 1590/946 858/947 797/948 1600/949
f 1524/950 1523/951 794/952 820/953
f 842/932 847/954 789/955 790/933
f 1433/956 1408/957 800/958 808/959
f 1550/960 1608/886 772/889 1333/961
f 808/959 800/958 802/962 817/963
f 1527/964 1508/965 792/966 831/967
f 822/968 813/969 777/970 770/971
f 1422/972 1410/973 798/974 824/975
f 824/975 798/974 801/976 830/977
f 862/978 861/979 804/980 833/981
f 1587/982 1600/949 797/948 864/983
f 841/984 764/985 803/986 849/987
f 860/988 859/989 803/990 821/991
f 764/985 807/992 821/991 803/986
f 789/993 799/921 819/920 815/994
f 790/933 816/995 809/996 805/934
f 789/993 815/994 816/995 790/933
f 767/997 769/998 1339/999 1338/1000
f 894/917 954/1001 1365/1002 1361/918
f 854/909 855/1003 810/1004 786/910
f 780/898 812/1005 811/1006 783/902
f 777/970 813/969 812/1005 780/898
f 835/882 814/885 822/968 770/971
f 1580/1007 763/1008 775/1009 1607/1010
f 766/1011 773/1012 1335/1013 1337/1014
f 773/1012 767/1015 1338/1016 1335/1013
f 843/1017 826/1018 806/1019 840/1020
f 765/1021 823/1022 833/981 804/980
f 1137/1023 1136/1024 1380/1025 1383/1026
f 863/1027 862/978 833/981 849/1028
f 836/1029 824/975 830/977 837/1030
f 1436/1031 1422/972 824/975 836/1029
f 1533/1032 1527/964 831/967 838/1033
f 850/1034 839/1035 788/922 799/921
f 852/905 856/1036 829/1037 785/906
f 779/894 827/1038 828/1039 782/900
f 776/893 826/1040 827/1038 779/894
f 806/1019 826/1018 776/893 768/1041
f 786/910 810/1004 1364/1042 1399/1043
f 785/906 829/1037 1400/1044 1384/1045
f 1397/1046 1259/1047 1258/1048 1402/1049
f 958/1050 807/1051 1363/1052 1370/1053
f 847/1054 766/1055 834/1056 850/1057
f 769/1058 806/1019 768/1041 825/1059
f 1549/1060 1341/1061 763/1008 1580/1007
f 1337/1014 1336/928 834/931 766/1011
f 769/998 825/1059 1334/1062 1339/999
f 834/931 791/930 774/1063 832/1064
f 840/1020 806/1019 769/1058 851/1065
f 770/971 840/1020 851/1065 835/882
f 789/955 847/954 850/1057 799/921
f 834/1056 832/1064 839/1035 850/1057
f 1523/951 1533/1032 838/1033 794/952
f 1408/957 1436/1031 836/1029 800/958
f 800/958 836/1029 837/1030 802/962
f 859/989 863/1027 849/1028 803/990
f 777/897 843/896 840/1020 770/971
f 823/1022 841/984 849/987 833/981
f 773/1012 766/1011 847/1054 842/932
f 773/1012 842/932 848/935 767/1015
f 856/1036 857/908 846/911 829/1037
f 827/1038 844/899 845/903 828/1039
f 826/1040 843/1017 844/899 827/1038
f 767/997 848/880 851/883 769/998
f 828/1039 845/903 857/908 856/1036
f 782/900 828/1039 856/1036 852/905
f 783/902 811/1006 855/1003 854/909
f 845/903 783/902 854/909 857/908
f 1594/901 782/900 852/905 1598/904
f 802/962 837/1030 863/1027 859/989
f 837/1030 830/977 862/978 863/1027
f 817/963 802/962 859/989 860/988
f 830/977 801/976 861/979 862/978
f 1582/945 796/944 858/947 1590/946
f 1238/1066 1239/912 1354/915 1356/1067
f 883/1068 1053/1069 1345/1070 1344/1071
f 1054/1072 881/1073 868/1074 1049/1075
f 1059/1076 877/1077 873/1078 1013/1079
f 1064/1080 870/1081 869/1082 1018/1083
f 1069/1084 874/1085 867/1086 1023/1087
f 1074/1088 879/1089 882/1090 1028/1091
f 1079/1092 871/1093 870/1081 1064/1080
f 1013/1079 873/1078 874/1085 1069/1084
f 1084/1094 865/1095 879/1089 1074/1088
f 1089/1096 872/1097 880/1098 1033/1099
f 1028/1091 882/1090 875/1100 1038/1101
f 1023/1102 867/1103 872/1097 1089/1096
f 1033/1099 880/1098 871/1093 1079/1092
f 1351/924 1350/914 1240/913 1241/925
f 1038/1101 875/1100 866/1104 1043/1105
f 1094/1106 876/1107 877/1077 1059/1076
f 1018/1083 869/1082 881/1073 1054/1072
f 1482/1108 1470/1109 878/1110 1048/1111
f 1460/1112 1443/1113 876/1107 1094/1106
f 1440/1114 1461/1115 899/1116 964/1117
f 1487/1118 1491/1119 900/1120 1008/1121
f 978/1122 887/1123 884/1124 924/1125
f 964/1117 899/1116 886/1126 929/1127
f 998/1128 897/1129 898/1130 1003/1131
f 993/1132 895/1133 893/1134 949/1135
f 983/1136 889/1137 896/1138 959/1139
f 988/1140 891/1141 897/1129 998/1128
f 959/1139 896/1138 895/1133 993/1132
f 954/1001 894/917 892/1142 944/1143
f 973/1144 885/1145 890/1146 939/1147
f 949/1135 893/1134 888/1148 934/1149
f 944/1143 892/1142 891/1141 988/1140
f 939/1147 890/1146 889/1150 983/1151
f 934/1149 888/1148 887/1123 978/1122
f 929/1127 886/1126 885/1145 973/1144
f 924/1125 884/1124 883/1152 919/1153
f 1189/1154 905/1155 918/1156 1162/1157
f 1182/1158 903/1159 909/1160 1127/1161
f 1175/1162 901/1163 914/1164 1148/1165
f 1217/1166 915/1167 904/1168 1106/1169
f 1210/1170 913/1171 910/1172 1134/1173
f 1468/1174 1449/1175 916/1176 1155/1177
f 1162/1157 918/1156 912/1178 1141/1179
f 1472/1180 1484/1181 917/1182 1224/1183
f 1155/1177 916/1176 915/1167 1217/1166
f 1148/1165 914/1164 913/1171 1210/1170
f 1141/1179 912/1178 911/1184 1203/1185
f 1343/1186 921/1187 920/1188 1398/1189
f 1196/1190 907/1191 902/1192 1099/1193
f 1127/1194 909/1195 908/1196 1120/1197
f 1120/1197 908/1196 907/1191 1196/1190
f 1113/1198 906/1199 905/1155 1189/1154
f 1106/1169 904/1168 903/1159 1182/1158
f 1099/1193 902/1192 901/1163 1175/1162
f 1087/1200 1358/1201 1373/1202 1086/1203
f 1349/1204 1084/1205 1085/1206 1369/1207
f 1260/1208 1259/1047 1397/1046 1396/1209
f 1398/1189 920/1188 919/1210 1394/1211
f 1357/1212 1052/1213 1051/1214 1372/1215
f 855/1003 928/1216 923/1217 810/1004
f 928/1216 927/1218 922/1219 923/1217
f 927/1218 926/1220 921/1221 922/1219
f 926/1220 925/1222 920/1188 921/1221
f 925/1222 924/1125 919/1153 920/1188
f 819/920 933/1223 969/1224 815/994
f 933/1223 932/1225 970/1226 969/1224
f 932/1225 931/1227 971/1228 970/1226
f 931/1227 930/1229 972/1230 971/1228
f 930/1229 929/1127 973/1144 972/1230
f 812/1005 938/1231 974/1232 811/1006
f 938/1231 937/1233 975/1234 974/1232
f 937/1233 936/1235 976/1236 975/1234
f 936/1235 935/1237 977/1238 976/1236
f 935/1237 934/1149 978/1122 977/1238
f 816/995 943/1239 979/1240 809/996
f 943/1239 942/1241 980/1242 979/1240
f 942/1241 941/1243 981/1244 980/1242
f 941/1243 940/1245 982/1246 981/1244
f 940/1245 939/1147 983/1151 982/1246
f 821/991 948/1247 984/1248 860/988
f 948/1247 947/1249 985/1250 984/1248
f 947/1249 946/1251 986/1252 985/1250
f 946/1251 945/1253 987/1254 986/1252
f 945/1253 944/1143 988/1140 987/1254
f 813/969 953/1255 938/1231 812/1005
f 953/1255 952/1256 937/1233 938/1231
f 952/1256 951/1257 936/1235 937/1233
f 951/1257 950/1258 935/1237 936/1235
f 950/1258 949/1135 934/1149 935/1237
f 815/994 969/1224 943/1239 816/995
f 969/1224 970/1226 942/1241 943/1239
f 970/1226 971/1228 941/1243 942/1241
f 971/1228 972/1230 940/1245 941/1243
f 972/1230 973/1144 939/1147 940/1245
f 807/992 958/1050 948/1247 821/991
f 958/1050 957/1259 947/1249 948/1247
f 957/1259 956/1260 946/1251 947/1249
f 956/1260 955/1261 945/1253 946/1251
f 955/1261 954/1001 944/1143 945/1253
f 814/885 963/1262 989/1263 822/968
f 963/1262 962/1264 990/1265 989/1263
f 962/1264 961/1266 991/1267 990/1265
f 961/1266 960/1268 992/1269 991/1267
f 960/1268 959/1139 993/1132 992/1269
f 860/988 984/1248 994/1270 817/963
f 984/1248 985/1250 995/1271 994/1270
f 985/1250 986/1252 996/1272 995/1271
f 986/1252 987/1254 997/1273 996/1272
f 987/1254 988/1140 998/1128 997/1273
f 809/884 979/1274 963/1262 814/885
f 979/1274 980/1275 962/1264 963/1262
f 980/1275 981/1276 961/1266 962/1264
f 981/1276 982/1277 960/1268 961/1266
f 982/1277 983/1136 959/1139 960/1268
f 822/968 989/1263 953/1255 813/969
f 989/1263 990/1265 952/1256 953/1255
f 990/1265 991/1267 951/1257 952/1256
f 991/1267 992/1269 950/1258 951/1257
f 992/1269 993/1132 949/1135 950/1258
f 1140/1278 1139/1279 1377/1280 1376/1281
f 954/1001 955/1261 1366/1282 1365/1002
f 1366/1282 955/1261 956/1260 1342/1283
f 817/963 994/1270 999/1284 808/959
f 994/1270 995/1271 1000/1285 999/1284
f 995/1271 996/1272 1001/1286 1000/1285
f 996/1272 997/1273 1002/1287 1001/1286
f 997/1273 998/1128 1003/1131 1002/1287
f 818/923 968/1288 933/1223 819/920
f 968/1288 967/1289 932/1225 933/1223
f 967/1289 966/1290 931/1227 932/1225
f 966/1290 965/1291 930/1229 931/1227
f 965/1291 964/1117 929/1127 930/1229
f 811/1006 974/1232 928/1216 855/1003
f 974/1232 975/1234 927/1218 928/1216
f 975/1234 976/1236 926/1220 927/1218
f 976/1236 977/1238 925/1222 926/1220
f 977/1238 978/1122 924/1125 925/1222
f 1494/1292 1488/1293 1004/1294 820/1295
f 1488/1293 1489/1296 1005/1297 1004/1294
f 1489/1296 1486/1298 1006/1299 1005/1297
f 1486/1298 1485/1300 1007/1301 1006/1299
f 1485/1300 1487/1118 1008/1121 1007/1301
f 1466/1302 1439/1303 968/1288 818/923
f 1439/1303 1438/1304 967/1289 968/1288
f 1438/1304 1441/1305 966/1290 967/1289
f 1441/1305 1442/1306 965/1291 966/1290
f 1442/1306 1440/1114 964/1117 965/1291
f 1461/1115 1453/1307 1098/1308 899/1116
f 1453/1307 1456/1309 1097/1310 1098/1308
f 1456/1309 1447/1311 1096/1312 1097/1310
f 1447/1311 1458/1313 1095/1314 1096/1312
f 1458/1313 1460/1112 1094/1106 1095/1314
f 1087/1200 1088/916 1367/919 1358/1201
f 1049/1075 868/1074 1352/1315 1353/1316
f 1491/1119 1475/1317 1044/1318 900/1120
f 1475/1317 1476/1319 1045/1320 1044/1318
f 1476/1319 1479/1321 1046/1322 1045/1320
f 1479/1321 1477/1323 1047/1324 1046/1322
f 1477/1323 1482/1108 1048/1111 1047/1324
f 887/1123 1014/1325 1058/1326 884/1124
f 1014/1325 1015/1327 1057/1328 1058/1326
f 1015/1327 1016/1329 1056/1330 1057/1328
f 1016/1329 1017/1331 1055/1332 1056/1330
f 1017/1331 1018/1083 1054/1072 1055/1332
f 899/1116 1098/1308 1063/1333 886/1126
f 1098/1308 1097/1310 1062/1334 1063/1333
f 1097/1310 1096/1312 1061/1335 1062/1334
f 1096/1312 1095/1314 1060/1336 1061/1335
f 1095/1314 1094/1106 1059/1076 1060/1336
f 897/1129 1034/1337 1039/1338 898/1130
f 1034/1337 1035/1339 1040/1340 1039/1338
f 1035/1339 1036/1341 1041/1342 1040/1340
f 1036/1341 1037/1343 1042/1344 1041/1342
f 1037/1343 1038/1101 1043/1105 1042/1344
f 1375/927 1242/926 906/1345 1392/1346
f 923/1217 922/1219 1374/1347 1371/1348
f 895/1133 1029/1349 1083/1350 893/1134
f 1029/1349 1030/1351 1082/1352 1083/1350
f 1030/1351 1031/1353 1081/1354 1082/1352
f 1031/1353 1032/1355 1080/1356 1081/1354
f 1032/1355 1033/1099 1079/1092 1080/1356
f 889/1137 1019/1357 1093/1358 896/1138
f 1019/1357 1020/1359 1092/1360 1093/1358
f 1020/1359 1021/1361 1091/1362 1092/1360
f 1021/1361 1022/1363 1090/1364 1091/1362
f 1022/1363 1023/1102 1089/1096 1090/1364
f 891/1141 1024/1365 1034/1337 897/1129
f 1024/1365 1025/1366 1035/1339 1034/1337
f 1025/1366 1026/1367 1036/1341 1035/1339
f 1026/1367 1027/1368 1037/1343 1036/1341
f 1027/1368 1028/1091 1038/1101 1037/1343
f 896/1138 1093/1358 1029/1349 895/1133
f 1093/1358 1092/1360 1030/1351 1029/1349
f 1092/1360 1091/1362 1031/1353 1030/1351
f 1091/1362 1090/1364 1032/1355 1031/1353
f 1090/1364 1089/1096 1033/1099 1032/1355
f 894/917 1088/916 1078/1369 892/1142
f 1088/916 1087/1200 1077/1370 1078/1369
f 1087/1200 1086/1203 1076/1371 1077/1370
f 1086/1203 1085/1372 1075/1373 1076/1371
f 1085/1372 1084/1205 1074/1088 1075/1373
f 885/1145 1009/1374 1073/1375 890/1146
f 1009/1374 1010/1376 1072/1377 1073/1375
f 1010/1376 1011/1378 1071/1379 1072/1377
f 1011/1378 1012/1380 1070/1381 1071/1379
f 1012/1380 1013/1079 1069/1084 1070/1381
f 893/1134 1083/1350 1068/1382 888/1148
f 1083/1350 1082/1352 1067/1383 1068/1382
f 1082/1352 1081/1354 1066/1384 1067/1383
f 1081/1354 1080/1356 1065/1385 1066/1384
f 1080/1356 1079/1092 1064/1080 1065/1385
f 892/1142 1078/1369 1024/1365 891/1141
f 1078/1369 1077/1370 1025/1366 1024/1365
f 1077/1370 1076/1371 1026/1367 1025/1366
f 1076/1371 1075/1373 1027/1368 1026/1367
f 1075/1373 1074/1088 1028/1091 1027/1368
f 890/1146 1073/1375 1019/1386 889/1150
f 1073/1375 1072/1377 1020/1387 1019/1386
f 1072/1377 1071/1379 1021/1388 1020/1387
f 1071/1379 1070/1381 1022/1389 1021/1388
f 1070/1381 1069/1084 1023/1087 1022/1389
f 888/1148 1068/1382 1014/1325 887/1123
f 1068/1382 1067/1383 1015/1327 1014/1325
f 1067/1383 1066/1384 1016/1329 1015/1327
f 1066/1384 1065/1385 1017/1331 1016/1329
f 1065/1385 1064/1080 1018/1083 1017/1331
f 886/1126 1063/1333 1009/1374 885/1145
f 1063/1333 1062/1334 1010/1376 1009/1374
f 1062/1334 1061/1335 1011/1378 1010/1376
f 1061/1335 1060/1336 1012/1380 1011/1378
f 1060/1336 1059/1076 1013/1079 1012/1380
f 884/1124 1058/1326 1053/1069 883/1152
f 1058/1326 1057/1328 1052/1390 1053/1069
f 1057/1328 1056/1330 1051/1214 1052/1390
f 1056/1330 1055/1332 1050/1391 1051/1214
f 1055/1332 1054/1072 1049/1075 1050/1391
f 764/985 841/984 1347/1392 1346/1393
f 1372/1215 1051/1214 1050/1391 1368/1394
f 1368/1394 1050/1391 1049/1075 1353/1316
f 1345/1070 1053/1069 1052/1390 1357/1212
f 871/1093 1105/1395 1169/1396 870/1081
f 1105/1395 1104/1397 1170/1398 1169/1396
f 1104/1397 1103/1399 1171/1400 1170/1398
f 1103/1399 1102/1401 1172/1402 1171/1400
f 1102/1401 1101/1403 1173/1404 1172/1402
f 1101/1403 1100/1405 1174/1406 1173/1404
f 1100/1405 1099/1193 1175/1162 1174/1406
f 873/1078 1112/1407 1176/1408 874/1085
f 1112/1407 1111/1409 1177/1410 1176/1408
f 1111/1409 1110/1411 1178/1412 1177/1410
f 1110/1411 1109/1413 1179/1414 1178/1412
f 1109/1413 1108/1415 1180/1416 1179/1414
f 1108/1415 1107/1417 1181/1418 1180/1416
f 1107/1417 1106/1169 1182/1158 1181/1418
f 865/1095 1119/1419 1183/1420 879/1089
f 1119/1419 1118/1421 1184/1422 1183/1420
f 1118/1421 1117/1423 1185/1424 1184/1422
f 1117/1423 1116/1425 1186/1426 1185/1424
f 1116/1425 1115/1427 1187/1428 1186/1426
f 1115/1427 1114/1429 1188/1430 1187/1428
f 1114/1429 1113/1198 1189/1154 1188/1430
f 872/1097 1126/1431 1190/1432 880/1098
f 1126/1431 1125/1433 1191/1434 1190/1432
f 1125/1433 1124/1435 1192/1436 1191/1434
f 1124/1435 1123/1437 1193/1438 1192/1436
f 1123/1437 1122/1439 1194/1440 1193/1438
f 1122/1439 1121/1441 1195/1442 1194/1440
f 1121/1441 1120/1197 1196/1190 1195/1442
f 867/1103 1133/1443 1126/1431 872/1097
f 1133/1443 1132/1444 1125/1433 1126/1431
f 1132/1444 1131/1445 1124/1435 1125/1433
f 1131/1445 1130/1446 1123/1437 1124/1435
f 1130/1446 1129/1447 1122/1439 1123/1437
f 1129/1447 1128/1448 1121/1441 1122/1439
f 1128/1448 1127/1194 1120/1197 1121/1441
f 880/1098 1190/1432 1105/1395 871/1093
f 1190/1432 1191/1434 1104/1397 1105/1395
f 1191/1434 1192/1436 1103/1399 1104/1397
f 1192/1436 1193/1438 1102/1401 1103/1399
f 1193/1438 1194/1440 1101/1403 1102/1401
f 1194/1440 1195/1442 1100/1405 1101/1403
f 1195/1442 1196/1190 1099/1193 1100/1405
f 922/1219 921/1221 1343/1186 1374/1347
f 1139/1279 1138/1449 1378/1450 1377/1280
f 823/1022 765/1021 1381/1451 1382/1452
f 1085/1372 1086/1203 1373/1202 1369/1207
f 1138/1449 1137/1023 1383/1026 1378/1450
f 919/1153 883/1152 1344/1071 1394/1211
f 810/1004 923/1217 1371/1348 1364/1042
f 1115/1427 1116/1425 1385/1453 1379/1454
f 1391/1455 1118/1421 1119/1419 1395/1456
f 1613/1457 1587/982 864/983 1360/1458
f 1114/1429 1386/1459 1388/1460 1113/1198
f 875/1100 1147/1461 1197/1462 866/1104
f 1147/1461 1146/1463 1198/1464 1197/1462
f 1146/1463 1145/1465 1199/1466 1198/1464
f 1145/1465 1144/1467 1200/1468 1199/1466
f 1144/1467 1143/1469 1201/1470 1200/1468
f 1143/1469 1142/1471 1202/1472 1201/1470
f 1142/1471 1141/1179 1203/1185 1202/1472
f 869/1082 1154/1473 1204/1474 881/1073
f 1154/1473 1153/1475 1205/1476 1204/1474
f 1153/1475 1152/1477 1206/1478 1205/1476
f 1152/1477 1151/1479 1207/1480 1206/1478
f 1151/1479 1150/1481 1208/1482 1207/1480
f 1150/1481 1149/1483 1209/1484 1208/1482
f 1149/1483 1148/1165 1210/1170 1209/1484
f 876/1107 1161/1485 1211/1486 877/1077
f 1161/1485 1160/1487 1212/1488 1211/1486
f 1160/1487 1159/1489 1213/1490 1212/1488
f 1159/1489 1158/1491 1214/1492 1213/1490
f 1158/1491 1157/1493 1215/1494 1214/1492
f 1157/1493 1156/1495 1216/1496 1215/1494
f 1156/1495 1155/1177 1217/1166 1216/1496
f 1470/1109 1481/1497 1218/1498 878/1110
f 1481/1497 1478/1499 1219/1500 1218/1498
f 1478/1499 1480/1501 1220/1502 1219/1500
f 1480/1501 1474/1503 1221/1504 1220/1502
f 1474/1503 1473/1505 1222/1506 1221/1504
f 1473/1505 1471/1507 1223/1508 1222/1506
f 1471/1507 1472/1180 1224/1183 1223/1508
f 882/1090 1168/1509 1147/1461 875/1100
f 1168/1509 1167/1510 1146/1463 1147/1461
f 1167/1510 1166/1511 1145/1465 1146/1463
f 1166/1511 1165/1512 1144/1467 1145/1465
f 1165/1512 1164/1513 1143/1469 1144/1467
f 1164/1513 1163/1514 1142/1471 1143/1469
f 1163/1514 1162/1157 1141/1179 1142/1471
f 1592/907 785/906 1384/1045 1610/1515
f 910/1516 1260/1208 1396/1209 1405/1517
f 1443/1113 1448/1518 1161/1485 876/1107
f 1448/1518 1452/1519 1160/1487 1161/1485
f 1452/1519 1450/1520 1159/1489 1160/1487
f 1450/1520 1455/1521 1158/1491 1159/1489
f 1455/1521 1459/1522 1157/1493 1158/1491
f 1459/1522 1469/1523 1156/1495 1157/1493
f 1469/1523 1468/1174 1155/1177 1156/1495
f 881/1073 1204/1474 1140/1524 868/1074
f 1204/1474 1205/1476 1139/1279 1140/1524
f 1205/1476 1206/1478 1138/1449 1139/1279
f 1206/1478 1207/1480 1137/1023 1138/1449
f 1207/1480 1208/1482 1136/1024 1137/1023
f 1208/1482 1209/1484 1135/1525 1136/1024
f 1209/1484 1210/1170 1134/1173 1135/1525
f 877/1077 1211/1486 1112/1407 873/1078
f 1211/1486 1212/1488 1111/1409 1112/1407
f 1212/1488 1213/1490 1110/1411 1111/1409
f 1213/1490 1214/1492 1109/1413 1110/1411
f 1214/1492 1215/1494 1108/1415 1109/1413
f 1215/1494 1216/1496 1107/1417 1108/1415
f 1216/1496 1217/1166 1106/1169 1107/1417
f 870/1081 1169/1396 1154/1473 869/1082
f 1169/1396 1170/1398 1153/1475 1154/1473
f 1170/1398 1171/1400 1152/1477 1153/1475
f 1171/1400 1172/1402 1151/1479 1152/1477
f 1172/1402 1173/1404 1150/1481 1151/1479
f 1173/1404 1174/1406 1149/1483 1150/1481
f 1174/1406 1175/1162 1148/1165 1149/1483
f 874/1085 1176/1408 1133/1526 867/1086
f 1176/1408 1177/1410 1132/1527 1133/1526
f 1177/1410 1178/1412 1131/1528 1132/1527
f 1178/1412 1179/1414 1130/1529 1131/1528
f 1179/1414 1180/1416 1129/1530 1130/1529
f 1180/1416 1181/1418 1128/1531 1129/1530
f 1181/1418 1182/1158 1127/1161 1128/1531
f 879/1089 1183/1420 1168/1509 882/1090
f 1183/1420 1184/1422 1167/1510 1168/1509
f 1184/1422 1185/1424 1166/1511 1167/1510
f 1185/1424 1186/1426 1165/1512 1166/1511
f 1186/1426 1187/1428 1164/1513 1165/1512
f 1187/1428 1188/1430 1163/1514 1164/1513
f 1188/1430 1189/1154 1162/1157 1163/1514
f 902/1192 1230/1532 1285/1533 901/1163
f 1230/1532 1229/1534 1286/1535 1285/1533
f 1229/1534 1228/1536 1287/1537 1286/1535
f 1228/1536 1227/1538 1288/1539 1287/1537
f 1227/1538 1226/1540 1289/1541 1288/1539
f 1226/1540 1225/1542 1290/1543 1289/1541
f 904/1168 1236/1544 1291/1545 903/1159
f 1236/1544 1235/1546 1292/1547 1291/1545
f 1235/1546 1234/1548 1293/1549 1292/1547
f 1234/1548 1233/1550 1294/1551 1293/1549
f 1233/1550 1232/1552 1295/1553 1294/1551
f 1232/1552 1231/1554 1296/1555 1295/1553
f 906/1345 1242/926 1297/1556 905/1155
f 1242/926 1241/925 1298/1557 1297/1556
f 1241/925 1240/913 1299/1558 1298/1557
f 1240/913 1239/912 1300/1559 1299/1558
f 1239/912 1238/1066 1301/1560 1300/1559
f 1238/1066 1237/1561 1302/1562 1301/1560
f 908/1196 1248/1563 1303/1564 907/1191
f 1248/1563 1247/1565 1304/1566 1303/1564
f 1247/1565 1246/1567 1305/1568 1304/1566
f 1246/1567 1245/1569 1306/1570 1305/1568
f 1245/1569 1244/1571 1307/1572 1306/1570
f 1244/1571 1243/1573 1308/1574 1307/1572
f 909/1195 1254/1575 1248/1563 908/1196
f 1254/1575 1253/1576 1247/1565 1248/1563
f 1253/1576 1252/1577 1246/1567 1247/1565
f 1252/1577 1251/1578 1245/1569 1246/1567
f 1251/1578 1250/1579 1244/1571 1245/1569
f 1250/1579 1249/1580 1243/1573 1244/1571
f 907/1191 1303/1564 1230/1532 902/1192
f 1303/1564 1304/1566 1229/1534 1230/1532
f 1304/1566 1305/1568 1228/1536 1229/1534
f 1305/1568 1306/1570 1227/1538 1228/1536
f 1306/1570 1307/1572 1226/1540 1227/1538
f 1307/1572 1308/1574 1225/1542 1226/1540
f 1134/1173 910/1172 1405/1517 1389/1581
f 906/1199 1113/1198 1388/1460 1392/1346
f 1256/1582 1255/1583 1401/1584 1404/1585
f 1362/1586 957/1259 958/1050 1370/1053
f 1237/1561 1238/1066 1356/1067 1355/1587
f 956/1260 957/1259 1362/1586 1342/1283
f 912/1178 1266/1588 1309/1589 911/1184
f 1266/1588 1265/1590 1310/1591 1309/1589
f 1265/1590 1264/1592 1311/1593 1310/1591
f 1264/1592 1263/1594 1312/1595 1311/1593
f 1263/1594 1262/1596 1313/1597 1312/1595
f 1262/1596 1261/1598 1314/1599 1313/1597
f 914/1164 1272/1600 1315/1601 913/1171
f 1272/1600 1271/1602 1316/1603 1315/1601
f 1271/1602 1270/1604 1317/1605 1316/1603
f 1270/1604 1269/1606 1318/1607 1317/1605
f 1269/1606 1268/1608 1319/1609 1318/1607
f 1268/1608 1267/1610 1320/1611 1319/1609
f 916/1176 1278/1612 1321/1613 915/1167
f 1278/1612 1277/1614 1322/1615 1321/1613
f 1277/1614 1276/1616 1323/1617 1322/1615
f 1276/1616 1275/1618 1324/1619 1323/1617
f 1275/1618 1274/1620 1325/1621 1324/1619
f 1274/1620 1273/1622 1326/1623 1325/1621
f 1484/1181 1492/1624 1327/1625 917/1182
f 1492/1624 1490/1626 1328/1627 1327/1625
f 1490/1626 1496/1628 1329/1629 1328/1627
f 1496/1628 1498/1630 1330/1631 1329/1629
f 1498/1630 1495/1632 1331/1633 1330/1631
f 1495/1632 1493/1634 1332/1635 1331/1633
f 918/1156 1284/1636 1266/1588 912/1178
f 1284/1636 1283/1637 1265/1590 1266/1588
f 1283/1637 1282/1638 1264/1592 1265/1590
f 1282/1638 1281/1639 1263/1594 1264/1592
f 1281/1639 1280/1640 1262/1596 1263/1594
f 1280/1640 1279/1641 1261/1598 1262/1596
f 829/1037 846/911 1390/1642 1400/1044
f 1449/1175 1464/1643 1278/1612 916/1176
f 1464/1643 1463/1644 1277/1614 1278/1612
f 1463/1644 1462/1645 1276/1616 1277/1614
f 1462/1645 1454/1646 1275/1618 1276/1616
f 1454/1646 1451/1647 1274/1620 1275/1618
f 1451/1647 1457/1648 1273/1622 1274/1620
f 913/1171 1315/1601 1260/1208 910/1172
f 1315/1601 1316/1603 1259/1047 1260/1208
f 1316/1603 1317/1605 1258/1048 1259/1047
f 1317/1605 1318/1607 1257/1649 1258/1048
f 1318/1607 1319/1609 1256/1650 1257/1649
f 1319/1609 1320/1611 1255/1583 1256/1650
f 915/1167 1321/1613 1236/1544 904/1168
f 1321/1613 1322/1615 1235/1546 1236/1544
f 1322/1615 1323/1617 1234/1548 1235/1546
f 1323/1617 1324/1619 1233/1550 1234/1548
f 1324/1619 1325/1621 1232/1552 1233/1550
f 1325/1621 1326/1623 1231/1554 1232/1552
f 901/1163 1285/1533 1272/1600 914/1164
f 1285/1533 1286/1535 1271/1602 1272/1600
f 1286/1535 1287/1537 1270/1604 1271/1602
f 1287/1537 1288/1539 1269/1606 1270/1604
f 1288/1539 1289/1541 1268/1608 1269/1606
f 1289/1541 1290/1543 1267/1610 1268/1608
f 903/1159 1291/1545 1254/1651 909/1160
f 1291/1545 1292/1547 1253/1652 1254/1651
f 1292/1547 1293/1549 1252/1653 1253/1652
f 1293/1549 1294/1551 1251/1654 1252/1653
f 1294/1551 1295/1553 1250/1655 1251/1654
f 1295/1553 1296/1555 1249/1656 1250/1655
f 905/1155 1297/1556 1284/1636 918/1156
f 1297/1556 1298/1557 1283/1637 1284/1636
f 1298/1557 1299/1558 1282/1638 1283/1637
f 1299/1558 1300/1559 1281/1639 1282/1638
f 1300/1559 1301/1560 1280/1640 1281/1639
f 1301/1560 1302/1562 1279/1641 1280/1640
f 1257/1649 1256/1650 1404/1585 1403/1657
f 841/984 823/1022 1382/1452 1347/1392
f 1136/1024 1135/1525 1387/1658 1380/1025
f 1402/1049 1258/1048 1257/1649 1403/1657
f 846/911 786/910 1399/1043 1390/1642
f 1352/1315 868/1074 1140/1524 1376/1281
f 764/985 1346/1393 1363/1052 807/992
f 1385/1453 1116/1425 1117/1423 1393/1659
f 1348/1660 865/1095 1084/1094 1349/1204
f 1393/1659 1117/1423 1118/1421 1391/1455
f 1114/1429 1115/1427 1379/1454 1386/1459
f 1348/1660 1395/1456 1119/1419 865/1095
f 1135/1525 1134/1173 1389/1581 1387/1658
f 1404/1585 1401/1584 1355/1661 1356/1662
f 1403/1657 1404/1585 1356/1662 1354/1663
f 1402/1049 1403/1657 1354/1663 1350/1664
f 1397/1046 1402/1049 1350/1664 1351/1665
f 1396/1209 1397/1046 1351/1665 1375/1666
f 1405/1517 1396/1209 1375/1666 1392/1667
f 1387/1658 1389/1581 1388/1668 1386/1669
f 1380/1025 1387/1658 1386/1669 1379/1670
f 1383/1026 1380/1025 1379/1670 1385/1671
f 1378/1450 1383/1026 1385/1671 1393/1672
f 1377/1280 1378/1450 1393/1672 1391/1673
f 1376/1281 1377/1280 1391/1673 1395/1674
f 1352/1315 1376/1281 1395/1674 1348/1675
f 1368/1394 1353/1316 1349/1676 1369/1677
f 1372/1215 1368/1394 1369/1677 1373/1678
f 1357/1212 1372/1215 1373/1678 1358/1679
f 1345/1070 1357/1212 1358/1679 1367/1680
f 1344/1071 1345/1070 1367/1680 1361/1681
f 1398/1189 1394/1211 1365/1682 1366/1683
f 1343/1186 1398/1189 1366/1683 1342/1684
f 1374/1347 1343/1186 1342/1684 1362/1685
f 1371/1348 1374/1347 1362/1685 1370/1686
f 1364/1042 1371/1348 1370/1686 1363/1687
f 1389/1581 1405/1517 1392/1667 1388/1668
f 1394/1211 1344/1071 1361/1681 1365/1682
f 1353/1316 1352/1315 1348/1675 1349/1676
f 1400/1044 1390/1642 1347/1688 1382/1689
f 1384/1045 1400/1044 1382/1689 1381/1690
f 1399/1043 1364/1042 1363/1687 1346/1691
f 1390/1642 1399/1043 1346/1691 1347/1688
f 1610/1515 1384/1045 1381/1690 1612/1692
f 1313/1597 1314/1599 1432/1693 1434/1694
f 1312/1595 1313/1597 1434/1694 1437/1695
f 1311/1593 1312/1595 1437/1695 1435/1696
f 1310/1591 1311/1593 1435/1696 1429/1697
f 1309/1589 1310/1591 1429/1697 1431/1698
f 911/1184 1309/1589 1431/1698 1423/1699
f 1202/1472 1203/1185 1411/1700 1409/1701
f 1201/1470 1202/1472 1409/1701 1412/1702
f 1200/1468 1201/1470 1412/1702 1413/1703
f 1199/1466 1200/1468 1413/1703 1419/1704
f 1198/1464 1199/1466 1419/1704 1417/1705
f 1197/1462 1198/1464 1417/1705 1420/1706
f 866/1104 1197/1462 1420/1706 1407/1707
f 1042/1344 1043/1105 1421/1708 1416/1709
f 1041/1342 1042/1344 1416/1709 1418/1710
f 1040/1340 1041/1342 1418/1710 1415/1711
f 1039/1338 1040/1340 1415/1711 1414/1712
f 898/1130 1039/1338 1414/1712 1430/1713
f 1002/1287 1003/1131 1426/1714 1424/1715
f 1001/1286 1002/1287 1424/1715 1425/1716
f 1000/1285 1001/1286 1425/1716 1428/1717
f 999/1284 1000/1285 1428/1717 1427/1718
f 808/959 999/1284 1427/1718 1433/956
f 1203/1185 911/1184 1423/1699 1411/1700
f 1003/1131 898/1130 1430/1713 1426/1714
f 1043/1105 866/1104 1407/1707 1421/1708
f 1500/1719 1497/1720 1436/1031 1408/957
f 1497/1720 1483/1721 1422/972 1436/1031
f 1483/1721 1501/1722 1410/973 1422/972
f 1494/1723 1500/1719 1408/957 1433/956
f 1619/1724 1499/1725 1406/941 1615/940
f 1513/1726 1517/1727 1457/1648 1451/1647
f 1515/1728 1513/1726 1451/1647 1454/1646
f 1520/1729 1515/1728 1454/1646 1462/1645
f 1521/1730 1520/1729 1462/1645 1463/1644
f 1522/1731 1521/1730 1463/1644 1464/1643
f 1511/1732 1522/1731 1464/1643 1449/1175
f 1526/1733 1525/1734 1468/1174 1469/1523
f 1518/1735 1526/1733 1469/1523 1459/1522
f 1516/1736 1518/1735 1459/1522 1455/1521
f 1512/1737 1516/1736 1455/1521 1450/1520
f 1514/1738 1512/1737 1450/1520 1452/1519
f 1510/1739 1514/1738 1452/1519 1448/1518
f 1507/1740 1510/1739 1448/1518 1443/1113
f 1531/1741 1532/1742 1460/1112 1458/1313
f 1528/1743 1531/1741 1458/1313 1447/1311
f 1530/1744 1528/1743 1447/1311 1456/1309
f 1529/1745 1530/1744 1456/1309 1453/1307
f 1519/1746 1529/1745 1453/1307 1461/1115
f 1506/1747 1504/1748 1440/1114 1442/1306
f 1505/1749 1506/1747 1442/1306 1441/1305
f 1502/1750 1505/1749 1441/1305 1438/1304
f 1503/1751 1502/1750 1438/1304 1439/1303
f 1524/1752 1503/1751 1439/1303 1466/1302
f 1525/1734 1511/1732 1449/1175 1468/1174
f 1504/1748 1519/1746 1461/1115 1440/1114
f 1532/1742 1507/1740 1443/1113 1460/1112
f 788/922 839/1035 1467/1753 1465/1754
f 839/1035 832/1064 1446/1755 1467/1753
f 832/1064 774/1063 1444/1756 1446/1755
f 818/923 788/922 1465/1754 1466/1302
f 1607/1010 775/1009 1445/1757 1617/1758
f 1585/939 793/938 1499/1725 1619/1724
f 820/953 794/952 1500/1719 1494/1292
f 831/967 792/966 1501/1722 1483/1721
f 838/1033 831/967 1483/1721 1497/1720
f 794/952 838/1033 1497/1720 1500/1719
f 1434/1694 1432/1693 1493/1634 1495/1632
f 1437/1695 1434/1694 1495/1632 1498/1630
f 1435/1696 1437/1695 1498/1630 1496/1628
f 1429/1697 1435/1696 1496/1628 1490/1626
f 1431/1698 1429/1697 1490/1626 1492/1624
f 1423/1699 1431/1698 1492/1624 1484/1181
f 1409/1701 1411/1700 1472/1180 1471/1507
f 1412/1702 1409/1701 1471/1507 1473/1505
f 1413/1703 1412/1702 1473/1505 1474/1503
f 1419/1704 1413/1703 1474/1503 1480/1501
f 1417/1705 1419/1704 1480/1501 1478/1499
f 1420/1706 1417/1705 1478/1499 1481/1497
f 1407/1707 1420/1706 1481/1497 1470/1109
f 1416/1709 1421/1708 1482/1108 1477/1323
f 1418/1710 1416/1709 1477/1323 1479/1321
f 1415/1711 1418/1710 1479/1321 1476/1319
f 1414/1712 1415/1711 1476/1319 1475/1317
f 1430/1713 1414/1712 1475/1317 1491/1119
f 1424/1715 1426/1714 1487/1118 1485/1300
f 1425/1716 1424/1715 1485/1300 1486/1298
f 1428/1717 1425/1716 1486/1298 1489/1296
f 1427/1718 1428/1717 1489/1296 1488/1293
f 1433/956 1427/1718 1488/1293 1494/1723
f 1411/1700 1423/1699 1484/1181 1472/1180
f 1426/1714 1430/1713 1491/1119 1487/1118
f 1421/1708 1407/1707 1470/1109 1482/1108
f 1048/1111 878/1110 1507/1740 1532/1742
f 1008/1121 900/1120 1519/1746 1504/1748
f 1224/1183 917/1182 1511/1732 1525/1734
f 820/953 1004/1294 1503/1751 1524/950
f 1004/1294 1005/1297 1502/1750 1503/1751
f 1005/1297 1006/1299 1505/1749 1502/1750
f 1006/1299 1007/1301 1506/1747 1505/1749
f 1007/1301 1008/1121 1504/1748 1506/1747
f 900/1120 1044/1318 1529/1745 1519/1746
f 1044/1318 1045/1320 1530/1744 1529/1745
f 1045/1320 1046/1322 1528/1743 1530/1744
f 1046/1322 1047/1324 1531/1741 1528/1743
f 1047/1324 1048/1111 1532/1742 1531/1741
f 878/1110 1218/1498 1510/1739 1507/1740
f 1218/1498 1219/1500 1514/1738 1510/1739
f 1219/1500 1220/1502 1512/1737 1514/1738
f 1220/1502 1221/1504 1516/1736 1512/1737
f 1221/1504 1222/1506 1518/1735 1516/1736
f 1222/1506 1223/1508 1526/1733 1518/1735
f 1223/1508 1224/1183 1525/1734 1526/1733
f 917/1182 1327/1625 1522/1731 1511/1732
f 1327/1625 1328/1627 1521/1730 1522/1731
f 1328/1627 1329/1629 1520/1729 1521/1730
f 1329/1629 1330/1631 1515/1728 1520/1729
f 1330/1631 1331/1633 1513/1726 1515/1728
f 1331/1633 1332/1635 1517/1727 1513/1726
f 1465/1754 1467/1753 1533/1032 1523/951
f 1467/1753 1446/1755 1527/964 1533/1032
f 1446/1755 1444/1756 1508/965 1527/964
f 1466/1302 1465/1754 1523/951 1524/1752
f 1617/1758 1445/1757 1509/937 1621/936
f 1444/1756 1616/1759 1620/1760 1508/965
f 1616/1759 1617/1758 1621/936 1620/1760
f 792/966 1584/1761 1618/1762 1501/1722
f 1584/1761 1585/939 1619/1724 1618/1762
f 774/1063 1606/1763 1616/1759 1444/1756
f 1606/1763 1607/1010 1617/1758 1616/1759
f 1501/1722 1618/1762 1614/1764 1410/973
f 1618/1762 1619/1724 1615/940 1614/1764
f 1359/1765 1611/1766 1613/1767 1360/1768
f 1611/1766 1610/1515 1612/1692 1613/1767
f 787/1769 1593/1770 1611/1766 1359/1765
f 1593/1770 1592/907 1610/1515 1611/1766
f 1381/1451 765/1021 1586/1771 1612/1772
f 1612/1772 1586/1771 1587/982 1613/1457
f 801/976 1583/1773 1591/1774 861/979
f 1583/1773 1582/945 1590/946 1591/1774
f 784/1775 1595/1776 1599/1777 853/1778
f 1595/1776 1594/901 1598/904 1599/1777
f 1340/929 1548/1779 1581/1780 791/930
f 1548/1779 1549/1060 1580/1007 1581/1780
f 791/930 1581/1780 1606/1763 774/1063
f 1581/1780 1580/1007 1607/1010 1606/1763
f 765/1021 804/980 1601/1781 1586/1771
f 1586/1771 1601/1781 1600/949 1587/982
f 1334/1062 825/1059 1609/1782 1551/1783
f 1551/1783 1609/1782 1608/886 1550/960
f 861/979 1591/1774 1601/1781 804/980
f 1591/1774 1590/946 1600/949 1601/1781
f 798/974 1589/1784 1583/1773 801/976
f 1589/1784 1588/943 1582/945 1583/1773
f 1410/973 1614/1764 1589/1784 798/974
f 1614/1764 1615/940 1588/943 1589/1784
f 1508/965 1620/1760 1584/1761 792/966
f 1620/1760 1621/936 1585/939 1584/1761
f 853/1778 1599/1777 1593/1770 787/1769
f 1599/1777 1598/904 1592/907 1593/1770
f 781/1785 1597/1786 1595/1776 784/1775
f 1597/1786 1596/895 1594/901 1595/1776
f 778/891 1605/890 1597/1786 781/1785
f 1605/890 1604/892 1596/895 1597/1786
f 768/1041 776/893 1604/892 1602/1787
f 1602/1787 1604/892 1605/890 1603/887
f 825/1059 768/1041 1602/1787 1609/1782
f 1609/1782 1602/1787 1603/887 1608/886
f 673/877 737/88 1578/1788 1574/1789
f 1574/1789 1578/1788 1579/57 1575/878
f 30/87 730/843 1576/1790 1538/1791
f 1538/1791 1576/1790 1577/845 1539/58
f 12/185 673/877 1574/1789 1564/1792
f 1564/1792 1574/1789 1575/878 1565/129
f 730/843 639/96 1572/1793 1576/1790
f 1576/1790 1572/1793 1573/61 1577/845
f 588/1794 589/1795 1571/1796 1569/1797
f 1569/1797 1571/1796 1570/813 1568/636
f 25/1798 588/1794 1569/1797 1547/1799
f 1547/1799 1569/1797 1568/636 1546/26
f 610/573 1570/1800 1540/1801 3/142
f 1570/1800 1571/578 1541/103 1540/1801
f 39/98 99/102 1545/1802 1537/1803
f 1537/1803 1545/1802 1544/67 1536/65
f 22/1804 91/1805 1557/1806 1553/1807
f 1553/1807 1557/1806 1556/25 1552/21
f 1340/52 29/51 1535/1808 1548/1809
f 1548/1809 1535/1808 1534/128 1549/181
f 29/51 12/185 1564/1792 1535/1808
f 1535/1808 1564/1792 1565/129 1534/128
f 3/142 1540/1801 1559/1810 42/101
f 1540/1801 1541/103 1558/68 1559/1810
f 1334/183 1551/1811 1567/1812 63/180
f 1551/1811 1550/81 1566/7 1567/1812
f 99/102 42/101 1559/1810 1545/1802
f 1545/1802 1559/1810 1558/68 1544/67
f 36/95 39/98 1537/1803 1543/1813
f 1543/1813 1537/1803 1536/65 1542/62
f 639/96 36/95 1543/1813 1572/1793
f 1572/1793 1543/1813 1542/62 1573/61
f 737/88 30/87 1538/1791 1578/1788
f 1578/1788 1538/1791 1539/58 1579/57
f 91/1805 25/1798 1547/1799 1557/1806
f 1557/1806 1547/1799 1546/26 1556/25
f 19/1814 22/1804 1553/1807 1555/1815
f 1555/1815 1553/1807 1552/21 1554/14
f 16/11 19/1814 1555/1815 1563/12
f 1563/12 1555/1815 1554/14 1562/13
f 6/162 1560/1816 1562/13 14/16
f 1560/1816 1561/10 1563/12 1562/13
f 63/180 1567/1812 1560/1816 6/162
f 1567/1812 1566/7 1561/10 1560/1816
f 1320/1611 1267/1610 1629/1817 1637/1818
f 1249/1656 1296/1555 1633/1819 1626/1820
f 1355/1661 1401/1584 1641/1821 1640/1822
f 1401/1584 1255/1583 1627/1823 1641/1821
f 1308/1574 1243/1573 1625/1824 1635/1825
f 1273/1622 1457/1648 1643/1826 1630/1827
f 1493/1634 1432/1693 1642/1828 1644/1829
f 1332/1635 1493/1634 1644/1829 1639/1830
f 1231/1554 1326/1623 1638/1831 1623/1832
f 1517/1727 1332/1635 1639/1830 1645/1833
f 1255/1583 1320/1611 1637/1818 1627/1823
f 1296/1555 1231/1554 1623/1832 1633/1819
f 1261/1598 1279/1641 1631/1834 1628/1835
f 1326/1623 1273/1622 1630/1827 1638/1831
f 1225/1542 1308/1574 1635/1825 1622/1836
f 1279/1641 1302/1562 1634/1837 1631/1834
f 1314/1599 1261/1598 1628/1835 1636/1838
f 1432/1693 1314/1599 1636/1838 1642/1828
f 1290/1543 1225/1542 1622/1836 1632/1839
f 1267/1610 1290/1543 1632/1839 1629/1817
f 1457/1648 1517/1727 1645/1833 1643/1826
f 1237/1561 1355/1587 1640/1840 1624/1841
f 1243/1573 1249/1580 1626/1842 1625/1824
f 1302/1562 1237/1561 1624/1841 1634/1837
f 1637/1818 1629/1817 1653/1843 1661/1844
f 1644/1829 1642/1828 1666/1845 1668/1846
f 1631/1834 1634/1837 1658/1847 1655/1848
f 1634/1837 1624/1841 1648/1849 1658/1847
f 1638/1831 1630/1827 1654/1850 1662/1851
f 1643/1826 1645/1833 1669/1852 1667/1853
f 1635/1825 1625/1824 1649/1854 1659/1855
f 1633/1819 1623/1832 1647/1856 1657/1857
f 1645/1833 1639/1830 1663/1858 1669/1852
f 1632/1839 1622/1836 1646/1859 1656/1860
f 1641/1821 1627/1823 1651/1861 1665/1862
f 1623/1832 1638/1831 1662/1851 1647/1856
f 1628/1835 1631/1834 1655/1848 1652/1863
f 1624/1841 1640/1840 1664/1864 1648/1849
f 1626/1820 1633/1819 1657/1857 1650/1865
f 1625/1824 1626/1842 1650/1866 1649/1854
f 1640/1822 1641/1821 1665/1862 1664/1867
f 1636/1838 1628/1835 1652/1863 1660/1868
f 1627/1823 1637/1818 1661/1844 1651/1861
f 1642/1828 1636/1838 1660/1868 1666/1845
f 1622/1836 1635/1825 1659/1855 1646/1859
f 1629/1817 1632/1839 1656/1860 1653/1843
f 1630/1827 1643/1826 1667/1853 1654/1850
f 1639/1830 1644/1829 1668/1846 1663/1858
f 540/682 517/762 1679/1869 1682/1870
f 534/675 487/777 1674/1871 1681/1872
f 630/705 584/783 1688/1873 1689/1874
f 493/706 630/705 1689/1874 1675/1875
f 481/695 546/694 1683/1876 1673/1877
f 686/769 511/744 1678/1878 1691/1879
f 661/815 722/756 1692/1880 1690/1881
f 722/756 570/755 1687/1882 1692/1880
f 517/762 499/720 1676/1883 1679/1869
f 564/743 469/676 1671/1884 1686/1885
f 570/755 746/848 1693/1886 1687/1882
f 558/731 493/706 1675/1875 1685/1887
f 469/676 534/675 1681/1872 1671/1884
f 511/744 564/743 1686/1885 1678/1878
f 546/694 463/664 1670/1888 1683/1876
f 499/720 552/719 1684/1889 1676/1883
f 552/719 661/815 1690/1881 1684/1889
f 528/663 505/732 1677/1890 1680/1891
f 746/848 686/769 1691/1879 1693/1886
f 463/664 528/663 1680/1891 1670/1888
f 584/708 475/683 1672/1892 1688/1893
f 487/701 481/695 1673/1877 1674/1894
f 475/683 540/682 1682/1870 1672/1892
f 505/732 558/731 1685/1887 1677/1890
f 1671/1884 1681/1872 1705/1895 1695/1896
f 1687/1882 1693/1886 1717/1897 1711/1898
f 1670/1888 1680/1891 1704/1899 1694/1900
f 1675/1875 1689/1874 1713/1901 1699/1902
f 1686/1885 1671/1884 1695/1896 1710/1903
f 1679/1869 1676/1883 1700/1904 1703/1905
f 1688/1893 1672/1892 1696/1906 1712/1907
f 1681/1872 1674/1871 1698/1908 1705/1895
f 1674/1894 1673/1877 1697/1909 1698/1910
f 1689/1874 1688/1873 1712/1911 1713/1901
f 1676/1883 1684/1889 1708/1912 1700/1904
f 1685/1887 1675/1875 1699/1902 1709/1913
f 1684/1889 1690/1881 1714/1914 1708/1912
f 1683/1876 1670/1888 1694/1900 1707/1915
f 1680/1891 1677/1890 1701/1916 1704/1899
f 1691/1879 1678/1878 1702/1917 1715/1918
f 1692/1880 1687/1882 1711/1898 1716/1919
f 1677/1890 1685/1887 1709/1913 1701/1916
f 1690/1881 1692/1880 1716/1919 1714/1914
f 1682/1870 1679/1869 1703/1905 1706/1920
f 1672/1892 1682/1870 1706/1920 1696/1906
f 1678/1878 1686/1885 1710/1903 1702/1917
f 1693/1886 1691/1879 1715/1918 1717/1897
f 1673/1877 1683/1876 1707/1915 1697/1909
f 1722/1921 1730/1922 1727/1923 1719/1924
f 1725/1925 1733/1926 1728/1927 1720/1928
f 1723/1929 1719/1924 1727/1923 1731/1930
f 1721/1931 1729/1932 1726/1933 1718/1934
f 1723/1929 1731/1930 1733/1926 1725/1925
f 1721/1931 1724/1935 1732/1936 1729/1932
f 1722/1921 1718/1934 1726/1933 1730/1922
f 1724/1935 1720/1928 1728/1927 1732/1936
f 1730/1937 1726/1938 1734/1939 1738/1940
f 1732/1941 1728/1942 1736/1943 1740/1944
f 1730/1937 1738/1940 1735/1945 1727/1946
f 1733/1947 1741/1948 1736/1943 1728/1942
f 1731/1949 1727/1946 1735/1945 1739/1950
f 1729/1951 1737/1952 1734/1939 1726/1938
f 1731/1949 1739/1950 1741/1948 1733/1947
f 1729/1951 1732/1941 1740/1944 1737/1952
f 1755/1953 1745/1954 1742/1955 1754/1956
f 1763/1957 1747/1958 1749/1959 1762/1960
f 1755/1953 1770/1961 1748/1962 1745/1954
f 1771/1963 1754/1956 1742/1955 1746/1964
f 1770/1961 1778/1965 1744/1966 1748/1962
f 1771/1963 1746/1964 1743/1967 1782/1968
f 1762/1960 1749/1959 1744/1966 1778/1965
f 1763/1957 1782/1968 1743/1967 1747/1958
f 1745/1954 1748/1962 1744/1966 1750/1969
f 1750/1969 1744/1966 1749/1959 1747/1958
f 1742/1955 1745/1954 1750/1969 1746/1964
f 1746/1964 1750/1969 1747/1958 1743/1967
f 1739/1950 1735/1945 1779/1970 1766/1971
f 1766/1971 1779/1970 1780/1972 1765/1973
f 1765/1973 1780/1972 1781/1974 1764/1975
f 1764/1975 1781/1974 1782/1968 1763/1957
f 1741/1948 1759/1976 1775/1977 1736/1943
f 1759/1976 1760/1978 1776/1979 1775/1977
f 1760/1978 1761/1980 1777/1981 1776/1979
f 1761/1980 1762/1960 1778/1965 1777/1981
f 1738/1940 1774/1982 1779/1970 1735/1945
f 1774/1982 1773/1983 1780/1972 1779/1970
f 1773/1983 1772/1984 1781/1974 1780/1972
f 1772/1984 1771/1963 1782/1968 1781/1974
f 1740/1944 1736/1943 1775/1977 1767/1985
f 1767/1985 1775/1977 1776/1979 1768/1986
f 1768/1986 1776/1979 1777/1981 1769/1987
f 1769/1987 1777/1981 1778/1965 1770/1961
f 1738/1940 1734/1939 1751/1988 1774/1982
f 1774/1982 1751/1988 1752/1989 1773/1983
f 1773/1983 1752/1989 1753/1990 1772/1984
f 1772/1984 1753/1990 1754/1956 1771/1963
f 1737/1952 1740/1944 1767/1985 1758/1991
f 1758/1991 1767/1985 1768/1986 1757/1992
f 1757/1992 1768/1986 1769/1987 1756/1993
f 1756/1993 1769/1987 1770/1961 1755/1953
f 1739/1950 1766/1971 1759/1976 1741/1948
f 1766/1971 1765/1973 1760/1978 1759/1976
f 1765/1973 1764/1975 1761/1980 1760/1978
f 1764/1975 1763/1957 1762/1960 1761/1980
f 1737/1952 1758/1991 1751/1988 1734/1939
f 1758/1991 1757/1992 1752/1989 1751/1988
f 1757/1992 1756/1993 1753/1990 1752/1989
f 1756/1993 1755/1953 1754/1956 1753/1990
f 1787/1994 1795/1995 1792/1996 1784/1997
f 1790/1998 1798/1999 1793/2000 1785/2001
f 1788/2002 1784/1997 1792/1996 1796/2003
f 1786/2004 1794/2005 1791/2006 1783/2007
f 1788/2002 1796/2003 1798/1999 1790/1998
f 1786/2004 1789/2008 1797/2009 1794/2005
f 1787/1994 1783/2007 1791/2006 1795/1995
f 1789/2008 1785/2001 1793/2000 1797/2009
f 1795/2010 1791/2011 1799/2012 1803/2013
f 1797/2014 1793/2015 1801/2016 1805/2017
f 1795/2010 1803/2013 1800/2018 1792/2019
f 1798/2020 1806/2021 1801/2016 1793/2015
f 1796/2022 1792/2019 1800/2018 1804/2023
f 1794/2024 1802/2025 1799/2012 1791/2011
f 1796/2022 1804/2023 1806/2021 1798/2020
f 1794/2024 1797/2014 1805/2017 1802/2025
f 1820/2026 1810/2027 1807/2028 1819/2029
f 1828/2030 1812/2031 1814/2032 1827/2033
f 1820/2026 1835/2034 1813/2035 1810/2027
f 1836/2036 1819/2029 1807/2028 1811/2037
f 1835/2034 1843/2038 1809/2039 1813/2035
f 1836/2036 1811/2037 1808/2040 1847/2041
f 1827/2033 1814/2032 1809/2039 1843/2038
f 1828/2030 1847/2041 1808/2040 1812/2031
f 1810/2027 1813/2035 1809/2039 1815/2042
f 1815/2042 1809/2039 1814/2032 1812/2031
f 1807/2028 1810/2027 1815/2042 1811/2037
f 1811/2037 1815/2042 1812/2031 1808/2040
f 1804/2023 1800/2018 1844/2043 1831/2044
f 1831/2044 1844/2043 1845/2045 1830/2046
f 1830/2046 1845/2045 1846/2047 1829/2048
f 1829/2048 1846/2047 1847/2041 1828/2030
f 1806/2021 1824/2049 1840/2050 1801/2016
f 1824/2049 1825/2051 1841/2052 1840/2050
f 1825/2051 1826/2053 1842/2054 1841/2052
f 1826/2053 1827/2033 1843/2038 1842/2054
f 1803/2013 1839/2055 1844/2043 1800/2018
f 1839/2055 1838/2056 1845/2045 1844/2043
f 1838/2056 1837/2057 1846/2047 1845/2045
f 1837/2057 1836/2036 1847/2041 1846/2047
f 1805/2017 1801/2016 1840/2050 1832/2058
f 1832/2058 1840/2050 1841/2052 1833/2059
f 1833/2059 1841/2052 1842/2054 1834/2060
f 1834/2060 1842/2054 1843/2038 1835/2034
f 1803/2013 1799/2012 1816/2061 1839/2055
f 1839/2055 1816/2061 1817/2062 1838/2056
f 1838/2056 1817/2062 1818/2063 1837/2057
f 1837/2057 1818/2063 1819/2029 1836/2036
f 1802/2025 1805/2017 1832/2058 1823/2064
f 1823/2064 1832/2058 1833/2059 1822/2065
f 1822/2065 1833/2059 1834/2060 1821/2066
f 1821/2066 1834/2060 1835/2034 1820/2026
f 1804/2023 1831/2044 1824/2049 1806/2021
f 1831/2044 1830/2046 1825/2051 1824/2049
f 1830/2046 1829/2048 1826/2053 1825/2051
f 1829/2048 1828/2030 1827/2033 1826/2053
f 1802/2025 1823/2064 1816/2061 1799/2012
f 1823/2064 1822/2065 1817/2062 1816/2061
f 1822/2065 1821/2066 1818/2063 1817/2062
f 1821/2066 1820/2026 1819/2029 1818/2063
f 1852/2067 1860/2068 1857/2069 1849/2070
f 1855/2071 1863/2072 1858/2073 1850/2074
f 1853/2075 1849/2070 1857/2069 1861/2076
f 1851/2077 1859/2078 1856/2079 1848/2080
f 1853/2075 1861/2076 1863/2072 1855/2071
f 1851/2077 1854/2081 1862/2082 1859/2078
f 1852/2067 1848/2080 1856/2079 1860/2068
f 1854/2081 1850/2074 1858/2073 1862/2082
f 1860/2083 1856/2084 1864/2085 1868/2086
f 1862/2087 1858/2088 1866/2089 1870/2090
f 1860/2083 1868/2086 1865/2091 1857/2092
f 1863/2093 1871/2094 1866/2089 1858/2088
f 1861/2095 1857/2092 1865/2091 1869/2096
f 1859/2097 1867/2098 1864/2085 1856/2084
f 1861/2095 1869/2096 1871/2094 1863/2093
f 1859/2097 1862/2087 1870/2090 1867/2098
f 1885/2099 1875/2100 1872/2101 1884/2102
f 1893/2103 1877/2104 1879/2105 1892/2106
f 1885/2099 1900/2107 1878/2108 1875/2100
f 1901/2109 1884/2102 1872/2101 1876/2110
f 1900/2107 1908/2111 1874/2112 1878/2108
f 1901/2109 1876/2110 1873/2113 1912/2114
f 1892/2106 1879/2105 1874/2112 1908/2111
f 1893/2103 1912/2114 1873/2113 1877/2104
f 1875/2100 1878/2108 1874/2112 1880/2115
f 1880/2115 1874/2112 1879/2105 1877/2104
f 1872/2101 1875/2100 1880/2115 1876/2110
f 1876/2110 1880/2115 1877/2104 1873/2113
f 1869/2096 1865/2091 1909/2116 1896/2117
f 1896/2117 1909/2116 1910/2118 1895/2119
f 1895/2119 1910/2118 1911/2120 1894/2121
f 1894/2121 1911/2120 1912/2114 1893/2103
f 1871/2094 1889/2122 1905/2123 1866/2089
f 1889/2122 1890/2124 1906/2125 1905/2123
f 1890/2124 1891/2126 1907/2127 1906/2125
f 1891/2126 1892/2106 1908/2111 1907/2127
f 1868/2086 1904/2128 1909/2116 1865/2091
f 1904/2128 1903/2129 1910/2118 1909/2116
f 1903/2129 1902/2130 1911/2120 1910/2118
f 1902/2130 1901/2109 1912/2114 1911/2120
f 1870/2090 1866/2089 1905/2123 1897/2131
f 1897/2131 1905/2123 1906/2125 1898/2132
f 1898/2132 1906/2125 1907/2127 1899/2133
f 1899/2133 1907/2127 1908/2111 1900/2107
f 1868/2086 1864/2085 1881/2134 1904/2128
f 1904/2128 1881/2134 1882/2135 1903/2129
f 1903/2129 1882/2135 1883/2136 1902/2130
f 1902/2130 1883/2136 1884/2102 1901/2109
f 1867/2098 1870/2090 1897/2131 1888/2137
f 1888/2137 1897/2131 1898/2132 1887/2138
f 1887/2138 1898/2132 1899/2133 1886/2139
f 1886/2139 1899/2133 1900/2107 1885/2099
f 1869/2096 1896/2117 1889/2122 1871/2094
f 1896/2117 1895/2119 1890/2124 1889/2122
f 1895/2119 1894/2121 1891/2126 1890/2124
f 1894/2121 1893/2103 1892/2106 1891/2126
f 1867/2098 1888/2137 1881/2134 1864/2085
f 1888/2137 1887/2138 1882/2135 1881/2134
f 1887/2138 1886/2139 1883/2136 1882/2135
f 1886/2139 1885/2099 1884/2102 1883/2136
f 1917/2140 1914/2141 1922/2142 1925/2143
f 1920/2144 1915/2145 1923/2146 1928/2147
f 1918/2148 1926/2149 1922/2142 1914/2141
f 1916/2150 1913/2151 1921/2152 1924/2153
f 1918/2148 1920/2144 1928/2147 1926/2149
f 1916/2150 1924/2153 1927/2154 1919/2155
f 1917/2140 1925/2143 1921/2152 1913/2151
f 1919/2155 1927/2154 1923/2146 1915/2145
f 1925/2156 1933/2157 1929/2158 1921/2159
f 1927/2160 1935/2161 1931/2162 1923/2163
f 1925/2156 1922/2164 1930/2165 1933/2157
f 1928/2166 1923/2163 1931/2162 1936/2167
f 1926/2168 1934/2169 1930/2165 1922/2164
f 1924/2170 1921/2159 1929/2158 1932/2171
f 1926/2168 1928/2166 1936/2167 1934/2169
f 1924/2170 1932/2171 1935/2161 1927/2160
f 1950/2172 1949/2173 1937/2174 1940/2175
f 1958/2176 1957/2177 1944/2178 1942/2179
f 1950/2172 1940/2175 1943/2180 1965/2181
f 1966/2182 1941/2183 1937/2174 1949/2173
f 1965/2181 1943/2180 1939/2184 1973/2185
f 1966/2182 1977/2186 1938/2187 1941/2183
f 1957/2177 1973/2185 1939/2184 1944/2178
f 1958/2176 1942/2179 1938/2187 1977/2186
f 1940/2175 1945/2188 1939/2184 1943/2180
f 1945/2188 1942/2179 1944/2178 1939/2184
f 1937/2174 1941/2183 1945/2188 1940/2175
f 1941/2183 1938/2187 1942/2179 1945/2188
f 1934/2169 1961/2189 1974/2190 1930/2165
f 1961/2189 1960/2191 1975/2192 1974/2190
f 1960/2191 1959/2193 1976/2194 1975/2192
f 1959/2193 1958/2176 1977/2186 1976/2194
f 1936/2167 1931/2162 1970/2195 1954/2196
f 1954/2196 1970/2195 1971/2197 1955/2198
f 1955/2198 1971/2197 1972/2199 1956/2200
f 1956/2200 1972/2199 1973/2185 1957/2177
f 1933/2157 1930/2165 1974/2190 1969/2201
f 1969/2201 1974/2190 1975/2192 1968/2202
f 1968/2202 1975/2192 1976/2194 1967/2203
f 1967/2203 1976/2194 1977/2186 1966/2182
f 1935/2161 1962/2204 1970/2195 1931/2162
f 1962/2204 1963/2205 1971/2197 1970/2195
f 1963/2205 1964/2206 1972/2199 1971/2197
f 1964/2206 1965/2181 1973/2185 1972/2199
f 1933/2157 1969/2201 1946/2207 1929/2158
f 1969/2201 1968/2202 1947/2208 1946/2207
f 1968/2202 1967/2203 1948/2209 1947/2208
f 1967/2203 1966/2182 1949/2173 1948/2209
f 1932/2171 1953/2210 1962/2204 1935/2161
f 1953/2210 1952/2211 1963/2205 1962/2204
f 1952/2211 1951/2212 1964/2206 1963/2205
f 1951/2212 1950/2172 1965/2181 1964/2206
f 1934/2169 1936/2167 1954/2196 1961/2189
f 1961/2189 1954/2196 1955/2198 1960/2191
f 1960/2191 1955/2198 1956/2200 1959/2193
f 1959/2193 1956/2200 1957/2177 1958/2176
f 1932/2171 1929/2158 1946/2207 1953/2210
f 1953/2210 1946/2207 1947/2208 1952/2211
f 1952/2211 1947/2208 1948/2209 1951/2212
f 1951/2212 1948/2209 1949/2173 1950/2172
f 1982/2213 1979/2214 1987/2215 1990/2216
f 1985/2217 1980/2218 1988/2219 1993/2220
f 1983/2221 1991/2222 1987/2215 1979/2214
f 1981/2223 1978/2224 1986/2225 1989/2226
f 1983/2221 1985/2217 1993/2220 1991/2222
f 1981/2223 1989/2226 1992/2227 1984/2228
f 1982/2213 1990/2216 1986/2225 1978/2224
f 1984/2228 1992/2227 1988/2219 1980/2218
f 1990/2229 1998/2230 1994/2231 1986/2232
f 1992/2233 2000/2234 1996/2235 1988/2236
f 1990/2229 1987/2237 1995/2238 1998/2230
f 1993/2239 1988/2236 1996/2235 2001/2240
f 1991/2241 1999/2242 1995/2238 1987/2237
f 1989/2243 1986/2232 1994/2231 1997/2244
f 1991/2241 1993/2239 2001/2240 1999/2242
f 1989/2243 1997/2244 2000/2234 1992/2233
f 2015/2245 2014/2246 2002/2247 2005/2248
f 2023/2249 2022/2250 2009/2251 2007/2252
f 2015/2245 2005/2248 2008/2253 2030/2254
f 2031/2255 2006/2256 2002/2247 2014/2246
f 2030/2254 2008/2253 2004/2257 2038/2258
f 2031/2255 2042/2259 2003/2260 2006/2256
f 2022/2250 2038/2258 2004/2257 2009/2251
f 2023/2249 2007/2252 2003/2260 2042/2259
f 2005/2248 2010/2261 2004/2257 2008/2253
f 2010/2261 2007/2252 2009/2251 2004/2257
f 2002/2247 2006/2256 2010/2261 2005/2248
f 2006/2256 2003/2260 2007/2252 2010/2261
f 1999/2242 2026/2262 2039/2263 1995/2238
f 2026/2262 2025/2264 2040/2265 2039/2263
f 2025/2264 2024/2266 2041/2267 2040/2265
f 2024/2266 2023/2249 2042/2259 2041/2267
f 2001/2240 1996/2235 2035/2268 2019/2269
f 2019/2269 2035/2268 2036/2270 2020/2271
f 2020/2271 2036/2270 2037/2272 2021/2273
f 2021/2273 2037/2272 2038/2258 2022/2250
f 1998/2230 1995/2238 2039/2263 2034/2274
f 2034/2274 2039/2263 2040/2265 2033/2275
f 2033/2275 2040/2265 2041/2267 2032/2276
f 2032/2276 2041/2267 2042/2259 2031/2255
f 2000/2234 2027/2277 2035/2268 1996/2235
f 2027/2277 2028/2278 2036/2270 2035/2268
f 2028/2278 2029/2279 2037/2272 2036/2270
f 2029/2279 2030/2254 2038/2258 2037/2272
f 1998/2230 2034/2274 2011/2280 1994/2231
f 2034/2274 2033/2275 2012/2281 2011/2280
f 2033/2275 2032/2276 2013/2282 2012/2281
f 2032/2276 2031/2255 2014/2246 2013/2282
f 1997/2244 2018/2283 2027/2277 2000/2234
f 2018/2283 2017/2284 2028/2278 2027/2277
f 2017/2284 2016/2285 2029/2279 2028/2278
f 2016/2285 2015/2245 2030/2254 2029/2279
f 1999/2242 2001/2240 2019/2269 2026/2262
f 2026/2262 2019/2269 2020/2271 2025/2264
f 2025/2264 2020/2271 2021/2273 2024/2266
f 2024/2266 2021/2273 2022/2250 2023/2249
f 1997/2244 1994/2231 2011/2280 2018/2283
f 2018/2283 2011/2280 2012/2281 2017/2284
f 2017/2284 2012/2281 2013/2282 2016/2285
f 2016/2285 2013/2282 2014/2246 2015/2245
f 2047/2286 2044/2287 2052/2288 2055/2289
f 2050/2290 2045/2291 2053/2292 2058/2293
f 2048/2294 2056/2295 2052/2288 2044/2287
f 2046/2296 2043/2297 2051/2298 2054/2299
f 2048/2294 2050/2290 2058/2293 2056/2295
f 2046/2296 2054/2299 2057/2300 2049/2301
f 2047/2286 2055/2289 2051/2298 2043/2297
f 2049/2301 2057/2300 2053/2292 2045/2291
f 2055/2302 2063/2303 2059/2304 2051/2305
f 2057/2306 2065/2307 2061/2308 2053/2309
f 2055/2302 2052/2310 2060/2311 2063/2303
f 2058/2312 2053/2309 2061/2308 2066/2313
f 2056/2314 2064/2315 2060/2311 2052/2310
f 2054/2316 2051/2305 2059/2304 2062/2317
f 2056/2314 2058/2312 2066/2313 2064/2315
f 2054/2316 2062/2317 2065/2307 2057/2306
f 2080/2318 2079/2319 2067/2320 2070/2321
f 2088/2322 2087/2323 2074/2324 2072/2325
f 2080/2318 2070/2321 2073/2326 2095/2327
f 2096/2328 2071/2329 2067/2320 2079/2319
f 2095/2327 2073/2326 2069/2330 2103/2331
f 2096/2328 2107/2332 2068/2333 2071/2329
f 2087/2323 2103/2331 2069/2330 2074/2324
f 2088/2322 2072/2325 2068/2333 2107/2332
f 2070/2321 2075/2334 2069/2330 2073/2326
f 2075/2334 2072/2325 2074/2324 2069/2330
f 2067/2320 2071/2329 2075/2334 2070/2321
f 2071/2329 2068/2333 2072/2325 2075/2334
f 2064/2315 2091/2335 2104/2336 2060/2311
f 2091/2335 2090/2337 2105/2338 2104/2336
f 2090/2337 2089/2339 2106/2340 2105/2338
f 2089/2339 2088/2322 2107/2332 2106/2340
f 2066/2313 2061/2308 2100/2341 2084/2342
f 2084/2342 2100/2341 2101/2343 2085/2344
f 2085/2344 2101/2343 2102/2345 2086/2346
f 2086/2346 2102/2345 2103/2331 2087/2323
f 2063/2303 2060/2311 2104/2336 2099/2347
f 2099/2347 2104/2336 2105/2338 2098/2348
f 2098/2348 2105/2338 2106/2340 2097/2349
f 2097/2349 2106/2340 2107/2332 2096/2328
f 2065/2307 2092/2350 2100/2341 2061/2308
f 2092/2350 2093/2351 2101/2343 2100/2341
f 2093/2351 2094/2352 2102/2345 2101/2343
f 2094/2352 2095/2327 2103/2331 2102/2345
f 2063/2303 2099/2347 2076/2353 2059/2304
f 2099/2347 2098/2348 2077/2354 2076/2353
f 2098/2348 2097/2349 2078/2355 2077/2354
f 2097/2349 2096/2328 2079/2319 2078/2355
f 2062/2317 2083/2356 2092/2350 2065/2307
f 2083/2356 2082/2357 2093/2351 2092/2350
f 2082/2357 2081/2358 2094/2352 2093/2351
f 2081/2358 2080/2318 2095/2327 2094/2352
f 2064/2315 2066/2313 2084/2342 2091/2335
f 2091/2335 2084/2342 2085/2344 2090/2337
f 2090/2337 2085/2344 2086/2346 2089/2339
f 2089/2339 2086/2346 2087/2323 2088/2322
f 2062/2317 2059/2304 2076/2353 2083/2356
f 2083/2356 2076/2353 2077/2354 2082/2357
f 2082/2357 2077/2354 2078/2355 2081/2358
f 2081/2358 2078/2355 2079/2319 2080/2318
f 2112/2359 2120/2360 2117/2361 2109/2362
f 2115/2363 2123/2364 2118/2365 2110/2366
f 2113/2367 2109/2362 2117/2361 2121/2368
f 2111/2369 2119/2370 2116/2371 2108/2372
f 2113/2367 2121/2368 2123/2364 2115/2363
f 2111/2369 2114/2373 2122/2374 2119/2370
f 2112/2359 2108/2372 2116/2371 2120/2360
f 2114/2373 2110/2366 2118/2365 2122/2374
f 2120/2375 2116/2376 2124/2377 2128/2378
f 2122/2379 2118/2380 2126/2381 2130/2382
f 2120/2375 2128/2378 2125/2383 2117/2384
f 2123/2385 2131/2386 2126/2381 2118/2380
f 2121/2387 2117/2384 2125/2383 2129/2388
f 2119/2389 2127/2390 2124/2377 2116/2376
f 2121/2387 2129/2388 2131/2386 2123/2385
f 2119/2389 2122/2379 2130/2382 2127/2390
f 2145/2391 2135/2392 2132/2393 2144/2394
f 2153/2395 2137/2396 2139/2397 2152/2398
f 2145/2391 2160/2399 2138/2400 2135/2392
f 2161/2401 2144/2394 2132/2393 2136/2402
f 2160/2399 2168/2403 2134/2404 2138/2400
f 2161/2401 2136/2402 2133/2405 2172/2406
f 2152/2398 2139/2397 2134/2404 2168/2403
f 2153/2395 2172/2406 2133/2405 2137/2396
f 2135/2392 2138/2400 2134/2404 2140/2407
f 2140/2407 2134/2404 2139/2397 2137/2396
f 2132/2393 2135/2392 2140/2407 2136/2402
f 2136/2402 2140/2407 2137/2396 2133/2405
f 2129/2388 2125/2383 2169/2408 2156/2409
f 2156/2409 2169/2408 2170/2410 2155/2411
f 2155/2411 2170/2410 2171/2412 2154/2413
f 2154/2413 2171/2412 2172/2406 2153/2395
f 2131/2386 2149/2414 2165/2415 2126/2381
f 2149/2414 2150/2416 2166/2417 2165/2415
f 2150/2416 2151/2418 2167/2419 2166/2417
f 2151/2418 2152/2398 2168/2403 2167/2419
f 2128/2378 2164/2420 2169/2408 2125/2383
f 2164/2420 2163/2421 2170/2410 2169/2408
f 2163/2421 2162/2422 2171/2412 2170/2410
f 2162/2422 2161/2401 2172/2406 2171/2412
f 2130/2382 2126/2381 2165/2415 2157/2423
f 2157/2423 2165/2415 2166/2417 2158/2424
f 2158/2424 2166/2417 2167/2419 2159/2425
f 2159/2425 2167/2419 2168/2403 2160/2399
f 2128/2378 2124/2377 2141/2426 2164/2420
f 2164/2420 2141/2426 2142/2427 2163/2421
f 2163/2421 2142/2427 2143/2428 2162/2422
f 2162/2422 2143/2428 2144/2394 2161/2401
f 2127/2390 2130/2382 2157/2423 2148/2429
f 2148/2429 2157/2423 2158/2424 2147/2430
f 2147/2430 2158/2424 2159/2425 2146/2431
f 2146/2431 2159/2425 2160/2399 2145/2391
f 2129/2388 2156/2409 2149/2414 2131/2386
f 2156/2409 2155/2411 2150/2416 2149/2414
f 2155/2411 2154/2413 2151/2418 2150/2416
f 2154/2413 2153/2395 2152/2398 2151/2418
f 2127/2390 2148/2429 2141/2426 2124/2377
f 2148/2429 2147/2430 2142/2427 2141/2426
f 2147/2430 2146/2431 2143/2428 2142/2427
f 2146/2431 2145/2391 2144/2394 2143/2428
f 2177/2432 2185/2433 2182/2434 2174/2435
f 2180/2436 2188/2437 2183/2438 2175/2439
f 2178/2440 2174/2435 2182/2434 2186/2441
f 2176/2442 2184/2443 2181/2444 2173/2445
f 2178/2440 2186/2441 2188/2437 2180/2436
f 2176/2442 2179/2446 2187/2447 2184/2443
f 2177/2432 2173/2445 2181/2444 2185/2433
f 2179/2446 2175/2439 2183/2438 2187/2447
f 2185/2448 2181/2449 2189/2450 2193/2451
f 2187/2452 2183/2453 2191/2454 2195/2455
f 2185/2448 2193/2451 2190/2456 2182/2457
f 2188/2458 2196/2459 2191/2454 2183/2453
f 2186/2460 2182/2457 2190/2456 2194/2461
f 2184/2462 2192/2463 2189/2450 2181/2449
f 2186/2460 2194/2461 2196/2459 2188/2458
f 2184/2462 2187/2452 2195/2455 2192/2463
f 2210/2464 2200/2465 2197/2466 2209/2467
f 2218/2468 2202/2469 2204/2470 2217/2471
f 2210/2464 2225/2472 2203/2473 2200/2465
f 2226/2474 2209/2467 2197/2466 2201/2475
f 2225/2472 2233/2476 2199/2477 2203/2473
f 2226/2474 2201/2475 2198/2478 2237/2479
f 2217/2471 2204/2470 2199/2477 2233/2476
f 2218/2468 2237/2479 2198/2478 2202/2469
f 2200/2465 2203/2473 2199/2477 2205/2480
f 2205/2480 2199/2477 2204/2470 2202/2469
f 2197/2466 2200/2465 2205/2480 2201/2475
f 2201/2475 2205/2480 2202/2469 2198/2478
f 2194/2461 2190/2456 2234/2481 2221/2482
f 2221/2482 2234/2481 2235/2483 2220/2484
f 2220/2484 2235/2483 2236/2485 2219/2486
f 2219/2486 2236/2485 2237/2479 2218/2468
f 2196/2459 2214/2487 2230/2488 2191/2454
f 2214/2487 2215/2489 2231/2490 2230/2488
f 2215/2489 2216/2491 2232/2492 2231/2490
f 2216/2491 2217/2471 2233/2476 2232/2492
f 2193/2451 2229/2493 2234/2481 2190/2456
f 2229/2493 2228/2494 2235/2483 2234/2481
f 2228/2494 2227/2495 2236/2485 2235/2483
f 2227/2495 2226/2474 2237/2479 2236/2485
f 2195/2455 2191/2454 2230/2488 2222/2496
f 2222/2496 2230/2488 2231/2490 2223/2497
f 2223/2497 2231/2490 2232/2492 2224/2498
f 2224/2498 2232/2492 2233/2476 2225/2472
f 2193/2451 2189/2450 2206/2499 2229/2493
f 2229/2493 2206/2499 2207/2500 2228/2494
f 2228/2494 2207/2500 2208/2501 2227/2495
f 2227/2495 2208/2501 2209/2467 2226/2474
f 2192/2463 2195/2455 2222/2496 2213/2502
f 2213/2502 2222/2496 2223/2497 2212/2503
f 2212/2503 2223/2497 2224/2498 2211/2504
f 2211/2504 2224/2498 2225/2472 2210/2464
f 2194/2461 2221/2482 2214/2487 2196/2459
f 2221/2482 2220/2484 2215/2489 2214/2487
f 2220/2484 2219/2486 2216/2491 2215/2489
f 2219/2486 2218/2468 2217/2471 2216/2491
f 2192/2463 2213/2502 2206/2499 2189/2450
f 2213/2502 2212/2503 2207/2500 2206/2499
f 2212/2503 2211/2504 2208/2501 2207/2500
f 2211/2504 2210/2464 2209/2467 2208/2501
f 2242/2505 2250/2506 2247/2507 2239/2508
f 2245/2509 2253/2510 2248/2511 2240/2512
f 2243/2513 2239/2508 2247/2507 2251/2514
f 2241/2515 2249/2516 2246/2517 2238/2518
f 2243/2513 2251/2514 2253/2510 2245/2509
f 2241/2515 2244/2519 2252/2520 2249/2516
f 2242/2505 2238/2518 2246/2517 2250/2506
f 2244/2519 2240/2512 2248/2511 2252/2520
f 2250/2521 2246/2522 2254/2523 2258/2524
f 2252/2525 2248/2526 2256/2527 2260/2528
f 2250/2521 2258/2524 2255/2529 2247/2530
f 2253/2531 2261/2532 2256/2527 2248/2526
f 2251/2533 2247/2530 2255/2529 2259/2534
f 2249/2535 2257/2536 2254/2523 2246/2522
f 2251/2533 2259/2534 2261/2532 2253/2531
f 2249/2535 2252/2525 2260/2528 2257/2536
f 2275/2537 2265/2538 2262/2539 2274/2540
f 2283/2541 2267/2542 2269/2543 2282/2544
f 2275/2537 2290/2545 2268/2546 2265/2538
f 2291/2547 2274/2540 2262/2539 2266/2548
f 2290/2545 2298/2549 2264/2550 2268/2546
f 2291/2547 2266/2548 2263/2551 2302/2552
f 2282/2544 2269/2543 2264/2550 2298/2549
f 2283/2541 2302/2552 2263/2551 2267/2542
f 2265/2538 2268/2546 2264/2550 2270/2553
f 2270/2553 2264/2550 2269/2543 2267/2542
f 2262/2539 2265/2538 2270/2553 2266/2548
f 2266/2548 2270/2553 2267/2542 2263/2551
f 2259/2534 2255/2529 2299/2554 2286/2555
f 2286/2555 2299/2554 2300/2556 2285/2557
f 2285/2557 2300/2556 2301/2558 2284/2559
f 2284/2559 2301/2558 2302/2552 2283/2541
f 2261/2532 2279/2560 2295/2561 2256/2527
f 2279/2560 2280/2562 2296/2563 2295/2561
f 2280/2562 2281/2564 2297/2565 2296/2563
f 2281/2564 2282/2544 2298/2549 2297/2565
f 2258/2524 2294/2566 2299/2554 2255/2529
f 2294/2566 2293/2567 2300/2556 2299/2554
f 2293/2567 2292/2568 2301/2558 2300/2556
f 2292/2568 2291/2547 2302/2552 2301/2558
f 2260/2528 2256/2527 2295/2561 2287/2569
f 2287/2569 2295/2561 2296/2563 2288/2570
f 2288/2570 2296/2563 2297/2565 2289/2571
f 2289/2571 2297/2565 2298/2549 2290/2545
f 2258/2524 2254/2523 2271/2572 2294/2566
f 2294/2566 2271/2572 2272/2573 2293/2567
f 2293/2567 2272/2573 2273/2574 2292/2568
f 2292/2568 2273/2574 2274/2540 2291/2547
f 2257/2536 2260/2528 2287/2569 2278/2575
f 2278/2575 2287/2569 2288/2570 2277/2576
f 2277/2576 2288/2570 2289/2571 2276/2577
f 2276/2577 2289/2571 2290/2545 2275/2537
f 2259/2534 2286/2555 2279/2560 2261/2532
f 2286/2555 2285/2557 2280/2562 2279/2560
f 2285/2557 2284/2559 2281/2564 2280/2562
f 2284/2559 2283/2541 2282/2544 2281/2564
f 2257/2536 2278/2575 2271/2572 2254/2523
f 2278/2575 2277/2576 2272/2573 2271/2572
f 2277/2576 2276/2577 2273/2574 2272/2573
f 2276/2577 2275/2537 2274/2540 2273/2574
f 2307/2578 2315/2579 2312/2580 2304/2581
f 2310/2582 2318/2583 2313/2584 2305/2585
f 2308/2586 2304/2581 2312/2580 2316/2587
f 2306/2588 2314/2589 2311/2590 2303/2591
f 2308/2586 2316/2587 2318/2583 2310/2582
f 2306/2588 2309/2592 2317/2593 2314/2589
f 2307/2578 2303/2591 2311/2590 2315/2579
f 2309/2592 2305/2585 2313/2584 2317/2593
f 2315/2594 2311/2595 2319/2596 2323/2597
f 2317/2598 2313/2599 2321/2600 2325/2601
f 2315/2594 2323/2597 2320/2602 2312/2603
f 2318/2604 2326/2605 2321/2600 2313/2599
f 2316/2606 2312/2603 2320/2602 2324/2607
f 2314/2608 2322/2609 2319/2596 2311/2595
f 2316/2606 2324/2607 2326/2605 2318/2604
f 2314/2608 2317/2598 2325/2601 2322/2609
f 2340/2610 2330/2611 2327/2612 2339/2613
f 2348/2614 2332/2615 2334/2616 2347/2617
f 2340/2610 2355/2618 2333/2619 2330/2611
f 2356/2620 2339/2613 2327/2612 2331/2621
f 2355/2618 2363/2622 2329/2623 2333/2619
f 2356/2620 2331/2621 2328/2624 2367/2625
f 2347/2617 2334/2616 2329/2623 2363/2622
f 2348/2614 2367/2625 2328/2624 2332/2615
f 2330/2611 2333/2619 2329/2623 2335/2626
f 2335/2626 2329/2623 2334/2616 2332/2615
f 2327/2612 2330/2611 2335/2626 2331/2621
f 2331/2621 2335/2626 2332/2615 2328/2624
f 2324/2607 2320/2602 2364/2627 2351/2628
f 2351/2628 2364/2627 2365/2629 2350/2630
f 2350/2630 2365/2629 2366/2631 2349/2632
f 2349/2632 2366/2631 2367/2625 2348/2614
f 2326/2605 2344/2633 2360/2634 2321/2600
f 2344/2633 2345/2635 2361/2636 2360/2634
f 2345/2635 2346/2637 2362/2638 2361/2636
f 2346/2637 2347/2617 2363/2622 2362/2638
f 2323/2597 2359/2639 2364/2627 2320/2602
f 2359/2639 2358/2640 2365/2629 2364/2627
f 2358/2640 2357/2641 2366/2631 2365/2629
f 2357/2641 2356/2620 2367/2625 2366/2631
f 2325/2601 2321/2600 2360/2634 2352/2642
f 2352/2642 2360/2634 2361/2636 2353/2643
f 2353/2643 2361/2636 2362/2638 2354/2644
f 2354/2644 2362/2638 2363/2622 2355/2618
f 2323/2597 2319/2596 2336/2645 2359/2639
f 2359/2639 2336/2645 2337/2646 2358/2640
f 2358/2640 2337/2646 2338/2647 2357/2641
f 2357/2641 2338/2647 2339/2613 2356/2620
f 2322/2609 2325/2601 2352/2642 2343/2648
f 2343/2648 2352/2642 2353/2643 2342/2649
f 2342/2649 2353/2643 2354/2644 2341/2650
f 2341/2650 2354/2644 2355/2618 2340/2610
f 2324/2607 2351/2628 2344/2633 2326/2605
f 2351/2628 2350/2630 2345/2635 2344/2633
f 2350/2630 2349/2632 2346/2637 2345/2635
f 2349/2632 2348/2614 2347/2617 2346/2637
f 2322/2609 2343/2648 2336/2645 2319/2596
f 2343/2648 2342/2649 2337/2646 2336/2645
f 2342/2649 2341/2650 2338/2647 2337/2646
f 2341/2650 2340/2610 2339/2613 2338/2647
f 2388/2651 2389/2652 2383/2653 2382/2654
f 2382/2654 2383/2653 2377/2655 2376/2656
f 2376/2656 2377/2655 2371/2657 2370/2658
f 2370/2658 2371/2657 2399/2659 2398/2660
f 2503/2661 2454/2662 2404/2663 2501/2664
f 2393/2665 2394/2666 2423/2667 2467/2668
f 2524/2669 2468/2670 2519/2671 2523/2672
f 2519/2671 2468/2670 2422/2673 2511/2674
f 2706/2675 2405/2676 2411/2677 2707/2678
f 2390/2679 2391/2680 2385/2681 2384/2682
f 2384/2682 2385/2681 2379/2683 2378/2684
f 2378/2684 2379/2683 2373/2685 2372/2686
f 2372/2686 2373/2685 2401/2687 2400/2688
f 2709/2689 2708/2690 2391/2680 2390/2679
f 2948/2691 2419/2692 2414/2693 2949/2694
f 2419/2692 2418/2695 2413/2696 2414/2693
f 2418/2695 2417/2697 2412/2698 2413/2696
f 2425/2699 2422/2700 2423/2701 2426/2702
f 2518/2703 2539/2704 2682/2705 2500/2706
f 2428/2707 2425/2699 2426/2702 2429/2708
f 2381/2709 2420/2710 2415/2711 2387/2712
f 2941/2713 2438/2714 2419/2692 2948/2691
f 2438/2714 2437/2715 2418/2695 2419/2692
f 2437/2715 2436/2716 2417/2697 2418/2695
f 2942/2717 2442/2718 2438/2714 2941/2713
f 2524/2719 2445/2720 2446/2721 2525/2722
f 2442/2718 2441/2723 2437/2715 2438/2714
f 2441/2723 2440/2724 2436/2716 2437/2715
f 2944/2725 2449/2726 2442/2718 2942/2717
f 2449/2726 2448/2727 2441/2723 2442/2718
f 2448/2727 2447/2728 2440/2724 2441/2723
f 2471/2729 2538/2730 2728/2731 2727/2732
f 2943/2733 2457/2734 2449/2726 2944/2725
f 2457/2734 2459/2735 2448/2727 2449/2726
f 2459/2735 2460/2736 2447/2728 2448/2727
f 2463/2737 2399/2738 2400/2739 2466/2740
f 2372/2686 2400/2688 2399/2738 2371/2657
f 2371/2657 2377/2655 2378/2684 2372/2686
f 2377/2655 2383/2653 2384/2682 2378/2684
f 2696/2741 2697/2742 2704/2743 2705/2744
f 2383/2653 2389/2652 2390/2679 2384/2682
f 2398/2660 2399/2659 2463/2737 2464/2745
f 2707/2678 2411/2677 2410/2746 2709/2747
f 2400/2688 2401/2687 2465/2748 2466/2740
f 2375/2749 2439/2750 2420/2710 2381/2709
f 2368/2751 2443/2752 2439/2750 2375/2749
f 2443/2752 2368/2751 2396/2753 2450/2754
f 2462/2755 2458/2756 2450/2754 2396/2753
f 2523/2672 2519/2671 2532/2757 2692/2758
f 2541/2759 2535/2760 2474/2761 2475/2762
f 2698/2763 2697/2764 2495/2765 2493/2766
f 2480/2767 2479/2768 2487/2769 2581/2770
f 2487/2769 2479/2768 2696/2741 2705/2744
f 2407/2771 2471/2729 2727/2732 2726/2772
f 2703/2773 2698/2774 2699/2775 2702/2776
f 2392/2777 2446/2778 2454/2779 2503/2780
f 2719/2781 2700/2782 2701/2783 2720/2784
f 2393/2785 2517/2786 2526/2787 2475/2788
f 2488/2789 2387/2712 2415/2711 2678/2790
f 2679/2791 2414/2693 2413/2696 2680/2792
f 2711/2793 2481/2794 2594/2795 2714/2796
f 2537/2797 2538/2730 2471/2729 2472/2798
f 2501/2664 2404/2663 2465/2799 2497/2800
f 2493/2766 2495/2765 2379/2683 2385/2681
f 2496/2801 2499/2802 2401/2687 2373/2685
f 2530/2803 2531/2804 2511/2805 2512/2806
f 2529/2807 2530/2803 2512/2806 2513/2808
f 3945/2809 2522/2810 2494/2811 2647/2812
f 2686/2813 2500/2814 2520/2815 2550/2816
f 2558/2817 2502/2818 2504/2819 2566/2820
f 2550/2816 2520/2815 2502/2818 2558/2817
f 2468/2670 2524/2669 2525/2722 2467/2821
f 2541/2822 2518/2703 2500/2706 2686/2813
f 2696/2741 2479/2768 2499/2802 2496/2801
f 2445/2720 2524/2719 2523/2672 2452/2823
f 2519/2671 2511/2674 2531/2804 2532/2757
f 2510/2824 2509/2825 2398/2660 2464/2745
f 2370/2658 2398/2660 2509/2825 2508/2826
f 2508/2826 2507/2827 2376/2656 2370/2658
f 2461/2828 2397/2829 2509/2825 2510/2824
f 2508/2826 2509/2825 2397/2829 2369/2830
f 2683/2831 2690/2832 2543/2833 2544/2834
f 2500/2814 2682/2705 2548/2835 2520/2815
f 2685/2836 2683/2831 2544/2834 2545/2837
f 2544/2834 2543/2833 2552/2838 2553/2839
f 2520/2815 2548/2835 2556/2840 2502/2818
f 2545/2837 2544/2834 2553/2839 2554/2841
f 2553/2839 2552/2838 2560/2842 2561/2843
f 2502/2818 2556/2840 2564/2844 2504/2819
f 2554/2841 2553/2839 2561/2843 2562/2845
f 2605/2846 2582/2847 2602/2848 2597/2849
f 2485/2850 2484/2851 2584/2852 2585/2853
f 2585/2853 2584/2852 2590/2854 2591/2855
f 2582/2847 2583/2856 2486/2857 2602/2848
f 2598/2858 2604/2859 2599/2860 2603/2861
f 2714/2796 2594/2795 2588/2862 2715/2863
f 2691/2864 2694/2865 2581/2770 2487/2769
f 2483/2866 2482/2867 2604/2859 2598/2858
f 2507/2827 2506/2868 2382/2654 2376/2656
f 2485/2850 2585/2853 2602/2848 2486/2857
f 2591/2855 2597/2849 2602/2848 2585/2853
f 2483/2866 2598/2858 2584/2852 2484/2851
f 2584/2852 2598/2858 2603/2861 2590/2854
f 2570/2869 2569/2870 2621/2871 2622/2872
f 2569/2870 2568/2873 2620/2874 2621/2871
f 2574/2875 2579/2876 2620/2874 2568/2873
f 2521/2877 2579/2876 2574/2875 2516/2878
f 2516/2878 2572/2879 2608/2880 2521/2877
f 2606/2881 2592/2882 2586/2883 2607/2884
f 2601/2885 2586/2883 2592/2882 2596/2886
f 2600/2887 2601/2885 2596/2886 2595/2888
f 2576/2889 2600/2887 2595/2888 2593/2890
f 2580/2891 2576/2889 2593/2890 2589/2892
f 2615/2893 2617/2894 2629/2895 2623/2896
f 2613/2897 2614/2898 2624/2899 2625/2900
f 2617/2894 2616/2901 2630/2902 2629/2895
f 2618/2903 2615/2893 2623/2896 2628/2904
f 2616/2901 2613/2897 2625/2900 2630/2902
f 2607/2884 2586/2883 2615/2893 2618/2903
f 2635/2905 2634/2906 2638/2907 2639/2908
f 2634/2906 2633/2909 2637/2910 2638/2907
f 2617/2894 2615/2893 2586/2883 2601/2885
f 2522/2810 2631/2911 2632/2912 2494/2811
f 2737/2913 2738/2914 2652/2915 2770/2916
f 2644/2917 2650/2918 2651/2919 2645/2920
f 2644/2917 2643/2921 2649/2922 2650/2918
f 2643/2921 2642/2923 2648/2924 2649/2922
f 2668/2925 3946/2926 2648/2924 2642/2923
f 2498/2927 2654/2928 3947/2929 2469/2930
f 2469/2930 2669/2931 2653/2932 2498/2927
f 2736/2933 2737/2913 2770/2916 2641/2934
f 2639/2935 2644/2917 2645/2920 2640/2936
f 2639/2935 2638/2907 2643/2921 2644/2917
f 2456/2937 2451/2938 2447/2728 2460/2736
f 2638/2907 2637/2910 2642/2923 2643/2921
f 3948/2939 2668/2925 2642/2923 2637/2910
f 2469/2930 3947/2929 2647/2812 2494/2811
f 2494/2811 2632/2912 2669/2931 2469/2930
f 2451/2938 2444/2940 2440/2724 2447/2728
f 2422/2673 2468/2670 2467/2821 2423/2701
f 2690/2832 2686/2813 2550/2816 2543/2833
f 2543/2833 2550/2816 2558/2817 2552/2838
f 2552/2838 2558/2817 2566/2820 2560/2842
f 2712/2941 2580/2891 2589/2892 2713/2942
f 2616/2901 2617/2894 2601/2885 2600/2887
f 2613/2897 2616/2901 2600/2887 2576/2889
f 2633/2909 2646/2943 3948/2939 2637/2910
f 2402/2944 2403/2945 2453/2946 2455/2947
f 2403/2945 2404/2663 2454/2662 2453/2946
f 2429/2708 2426/2702 2395/2948 2406/2949
f 2491/2950 2710/2951 2708/2952 2409/2953
f 2406/2954 2472/2798 2471/2729 2407/2771
f 2695/2955 2540/2956 2534/2957 2687/2958
f 2687/2958 2542/2959 2549/2960 2695/2955
f 2557/2961 2549/2960 2542/2959 2551/2962
f 2565/2963 2557/2961 2551/2962 2559/2964
f 2567/2965 2575/2966 2578/2967 2573/2968
f 2575/2966 2611/2969 2612/2970 2578/2967
f 2611/2969 2627/2971 2626/2972 2612/2970
f 2627/2971 2672/2973 2670/2974 2626/2972
f 2655/2975 2670/2974 2672/2973 2656/2976
f 2628/2904 2623/2896 2666/2977 2671/2978
f 2640/2936 2636/2979 2635/2905 2639/2935
f 2676/2980 2677/2981 2427/2982 2430/2983
f 2529/2807 2513/2808 2514/2984 2528/2985
f 2428/2986 2431/2987 2514/2984 2513/2808
f 2428/2707 2429/2708 2432/2988 2431/2987
f 2369/2830 2374/2989 2507/2827 2508/2826
f 2374/2989 2380/2990 2506/2868 2507/2827
f 2395/2991 2394/2992 2474/2993 2473/2994
f 2483/2866 2484/2851 2689/2995 2688/2996
f 2380/2990 2386/2997 2505/2998 2506/2868
f 2490/2999 2674/3000 2505/2998 2386/2997
f 2492/3001 2493/2766 2385/2681 2391/2680
f 2444/2940 2421/3002 2436/2716 2440/2724
f 2417/2697 2436/2716 2421/3002 2424/3003
f 2407/2771 2432/2988 2429/2708 2406/2954
f 2506/2868 2505/2998 2388/2651 2382/2654
f 2505/2998 2674/3000 2489/3004 2388/2651
f 2476/3005 2539/2704 2518/2703 2526/3006
f 2495/2765 2496/2801 2373/2685 2379/2683
f 2536/3007 2537/2797 2472/2798 2473/3008
f 2947/3009 2949/2694 2414/2693 2679/2791
f 2406/2954 2395/2948 2473/2994 2472/2798
f 2697/2764 2698/2763 2703/2773 2704/2743
f 2680/2792 2413/2696 2412/2698 2681/3010
f 2499/2802 2497/2800 2465/2799 2401/2687
f 2726/2772 2727/2732 2470/3011 2408/3012
f 2699/2775 2698/2774 2493/2766 2492/3001
f 2536/3013 2535/3014 2690/2832 2683/2831
f 2719/3015 2699/2775 2492/3001 2710/3016
f 2482/2867 2483/2866 2688/2996 2416/3017
f 2475/2788 2474/2761 2394/2992 2393/2785
f 2537/2797 2536/3007 2683/2831 2685/2836
f 2475/2788 2526/2787 2518/2703 2541/2759
f 2700/2782 2719/2781 2710/3016 2491/2950
f 2697/2742 2696/2741 2496/2801 2495/2765
f 2535/2760 2541/2759 2686/2813 2690/2832
f 2517/2786 2393/2785 2467/2668 2525/2722
f 2525/2722 2446/2721 2392/2777 2517/2786
f 2453/3018 2454/2779 2446/2778 2445/2720
f 2476/3005 2477/3019 2540/3020 2539/2704
f 2684/3021 2538/2730 2537/2797 2685/2836
f 2484/2851 2485/2850 2693/3022 2689/2995
f 2711/3023 2482/2867 2416/3017 2717/3024
f 2485/2850 2486/2857 2691/3025 2693/3022
f 2685/2836 2545/2837 2546/3026 2684/3021
f 2486/2857 2583/2856 2694/2865 2691/3025
f 2741/3027 2624/2899 2614/2898 2716/3028
f 2445/2720 2452/2823 2455/3029 2453/3018
f 2545/2837 2554/2841 2555/3030 2546/3026
f 2554/2841 2562/2845 2563/3031 2555/3030
f 2693/3022 2691/3025 2487/2769 2705/2744
f 2688/2996 2689/2995 2704/2743 2703/2773
f 2717/3024 2416/3017 2702/3032 2720/3033
f 2689/2995 2693/3022 2705/2744 2704/2743
f 2416/3017 2688/2996 2703/2773 2702/3032
f 2424/3003 2427/3034 2412/2698 2417/2697
f 2681/3010 2412/2698 2427/3034 2677/2981
f 2523/2672 2692/2758 2533/3035 2452/2823
f 2511/2674 2422/2673 2425/2699 2512/2806
f 2513/2808 2512/2806 2425/2699 2428/2986
f 2721/3036 2718/3037 2433/3038 2675/3039
f 2722/3040 2723/3041 2515/3042 2527/3043
f 2724/3044 2723/3045 2514/2984 2431/2987
f 2724/3046 2725/3047 2435/3048 2434/3049
f 2432/2988 2407/2771 2726/2772 2725/3050
f 2764/3051 2470/3011 2727/2732 2728/2731
f 2535/3014 2536/3013 2473/3008 2474/2761
f 2497/2800 2480/3052 2478/3053 2501/2664
f 2426/2702 2423/2701 2394/2666 2395/2948
f 2729/3054 2728/2731 2538/2730 2684/3021
f 2729/3055 2730/3056 2547/3057 2773/3058
f 2730/3056 2731/3059 2765/3060 2547/3057
f 2731/3059 2732/3061 2766/3062 2765/3060
f 2733/3063 2734/3064 2768/3065 2767/3066
f 2614/2898 2613/2897 2576/2889 2580/2891
f 2716/3028 2614/2898 2580/2891 2712/2941
f 2735/3067 2736/2933 2641/2934 2769/3068
f 2663/3069 2666/2977 2623/2896 2629/2895
f 2664/3070 2663/3069 2629/2895 2630/2902
f 2666/2977 2658/3071 2657/3072 2671/2978
f 2661/3073 2658/3071 2666/2977 2663/3069
f 2662/3074 2661/3073 2663/3069 2664/3070
f 2660/3075 2662/3074 2664/3070 2667/3076
f 2667/3076 2664/3070 2630/2902 2625/2900
f 2665/3077 2667/3076 2625/2900 2624/2899
f 2521/2877 2608/2880 2631/2911 2522/2810
f 2522/2810 3945/2809 2579/2876 2521/2877
f 2646/2943 2633/2909 2620/2874 2579/2876
f 2633/2909 2634/2906 2621/2871 2620/2874
f 2634/2906 2635/2905 2622/2872 2621/2871
f 2570/2869 2622/2872 2619/3078 2571/3079
f 2635/2905 2636/2979 2619/3078 2622/2872
f 2734/3080 2619/3078 2636/2979 2735/3081
f 2740/3082 2741/3083 2610/3084 2772/3085
f 2659/3086 2660/3075 2667/3076 2665/3077
f 2739/3087 2659/3086 2665/3077 2740/3088
f 2388/2651 2706/2675 2707/2678 2389/2652
f 2410/2746 2409/2953 2708/2952 2709/2747
f 2389/2652 2707/2678 2709/2747 2390/2679
f 2517/2786 2392/2777 2476/3005 2526/2787
f 2482/2867 2711/3023 2714/2796 2604/2859
f 2388/2651 2489/3004 2405/2676 2706/2675
f 2604/2859 2714/2796 2715/2863 2599/2860
f 2645/2920 2651/2919 2738/2914 2737/2913
f 2640/2936 2645/2920 2737/2913 2736/2933
f 2577/3089 2712/2941 2713/2942 2587/3090
f 2710/3016 2492/3001 2391/2680 2708/2952
f 2479/2768 2480/2767 2497/2800 2499/2802
f 2481/2794 2711/2793 2717/3024 2673/3091
f 2610/3084 2741/3083 2716/3028 2609/3092
f 2673/3091 2717/3024 2720/3033 2701/2783
f 2676/2980 2430/2983 2718/3037 2721/3036
f 2528/2985 2514/2984 2723/3045 2722/3040
f 2434/3049 2515/3042 2723/3041 2724/3046
f 2431/2987 2432/2988 2725/3050 2724/3044
f 2702/3032 2699/2775 2719/3015 2720/3033
f 2773/3058 2764/3051 2728/2731 2729/3055
f 2684/3021 2546/3026 2730/3056 2729/3054
f 2546/3026 2555/3030 2731/3059 2730/3056
f 2555/3030 2563/3031 2732/3061 2731/3059
f 2571/3079 2619/3078 2734/3080 2733/3063
f 2609/3092 2716/3028 2712/2941 2577/3089
f 2636/2979 2640/2936 2736/2933 2735/3081
f 2768/3065 2734/3064 2735/3081 2769/3068
f 2665/3077 2624/2899 2741/3027 2740/3088
f 2771/3093 2739/3087 2740/3088 2772/3085
f 2463/2737 2466/2740 2403/2945 2402/2944
f 2466/2740 2465/2748 2404/2663 2403/2945
f 2408/3012 2435/3048 2725/3047 2726/2772
f 2503/2780 2477/3019 2476/3005 2392/2777
f 2701/3094 2785/3095 2784/3096 2700/3097
f 2687/2958 2534/2957 2581/2770 2694/2865
f 2694/2865 2583/2856 2542/2959 2687/2958
f 2583/2856 2582/2847 2551/2962 2542/2959
f 2582/2847 2605/2846 2559/2964 2551/2962
f 2606/2881 2607/2884 2575/2966 2567/2965
f 2607/2884 2618/2903 2611/2969 2575/2966
f 2618/2903 2628/2904 2627/2971 2611/2969
f 2628/2904 2671/2978 2672/2973 2627/2971
f 2656/2976 2672/2973 2671/2978 2657/3072
f 2653/2932 2669/2931 2670/3098 2655/3099
f 2626/3100 2670/3098 2669/2931 2632/2912
f 2612/3101 2626/3100 2632/2912 2631/2911
f 2578/3102 2612/3101 2631/2911 2608/2880
f 2573/3103 2578/3102 2608/2880 2572/2879
f 2564/2844 2556/2840 2557/3104 2565/3105
f 2556/2840 2548/2835 2549/3106 2557/3104
f 2695/3107 2549/3106 2548/2835 2682/2705
f 2682/2705 2539/2704 2540/3020 2695/3107
f 2480/3052 2581/2770 2534/2957 2478/3053
f 2478/3053 2477/3108 2503/2661 2501/2664
f 2533/3035 2692/2758 2451/2938 2456/2937
f 2692/2758 2532/2757 2444/2940 2451/2938
f 2532/2757 2531/2804 2421/3002 2444/2940
f 2424/3003 2421/3002 2531/2804 2530/2803
f 2427/3034 2424/3003 2530/2803 2529/2807
f 2529/2807 2528/2985 2430/2983 2427/3034
f 2718/3037 2430/2983 2528/2985 2722/3040
f 2722/3040 2527/3043 2433/3038 2718/3037
f 2387/2712 2488/2789 2490/2999 2386/2997
f 2381/2709 2387/2712 2386/2997 2380/2990
f 2375/2749 2381/2709 2380/2990 2374/2989
f 2368/2751 2375/2749 2374/2989 2369/2830
f 2369/2830 2397/2829 2396/2753 2368/2751
f 2462/2755 2396/2753 2397/2829 2461/2828
f 2675/3039 2742/3109 2747/3110 2721/3036
f 2681/3010 2746/3111 2745/3112 2680/2792
f 2721/3036 2747/3110 2743/3113 2676/2980
f 2677/2981 2744/3114 2746/3111 2681/3010
f 2676/2980 2743/3113 2744/3114 2677/2981
f 2742/3109 2748/3115 2753/3116 2747/3110
f 2746/3111 2752/3117 2751/3118 2745/3112
f 2747/3110 2753/3116 2749/3119 2743/3113
f 2743/3113 2749/3119 2750/3120 2744/3114
f 2744/3114 2750/3120 2752/3117 2746/3111
f 2490/2999 2755/3121 2756/3122 2674/3000
f 2674/3000 2756/3122 2754/3123 2489/3004
f 2755/3121 2757/3124 2754/3123 2756/3122
f 2947/3125 2945/3126 2759/3127 2678/3128
f 2678/2790 2759/3129 2758/3130 2488/2789
f 2945/3126 2946/3131 2762/3132 2759/3127
f 2759/3129 2762/3133 2761/3134 2758/3130
f 2758/3130 2755/3121 2490/2999 2488/2789
f 2757/3124 2755/3121 2758/3130 2761/3134
f 2745/3112 2751/3118 2763/3135 2760/3136
f 2679/2791 2680/2792 2745/3112 2760/3136
f 2589/2892 2593/2890 2603/2861 2599/2860
f 2713/2942 2589/2892 2599/2860 2715/2863
f 2715/2863 2588/2862 2587/3090 2713/2942
f 2733/3063 2767/3066 2766/3062 2732/3061
f 2732/3061 2563/3031 2571/3079 2733/3063
f 2563/3031 2562/2845 2570/2869 2571/3079
f 2562/2845 2561/2843 2569/2870 2570/2869
f 2561/2843 2560/2842 2568/2873 2569/2870
f 2574/2875 2568/2873 2560/2842 2566/2820
f 2516/2878 2574/2875 2566/2820 2504/2819
f 2504/2819 2564/2844 2572/2879 2516/2878
f 2564/2844 2565/3105 2573/3103 2572/2879
f 2567/2965 2573/2968 2565/2963 2559/2964
f 2559/2964 2605/2846 2606/2881 2567/2965
f 2605/2846 2597/2849 2592/2882 2606/2881
f 2596/2886 2592/2882 2597/2849 2591/2855
f 2595/2888 2596/2886 2591/2855 2590/2854
f 2590/2854 2603/2861 2593/2890 2595/2888
f 2700/3097 2784/3096 2780/3137 2491/3138
f 2409/3139 2775/3140 2776/3141 2410/3142
f 2588/3143 2594/3144 2782/3145 2781/3146
f 2409/3139 2491/3138 2780/3137 2775/3140
f 2754/3147 2786/3148 2787/3149 2757/3150
f 2775/3140 2780/3137 2837/3151 2822/3152
f 2757/3150 2787/3149 2788/3153 2761/3154
f 2761/3154 2788/3153 2789/3155 2762/3156
f 2489/3157 2779/3158 2786/3148 2754/3147
f 2411/3159 2777/3160 2774/3161 2405/3162
f 2405/3162 2774/3161 2779/3158 2489/3157
f 2481/3163 2778/3164 2783/3165 2673/3166
f 2410/3142 2776/3141 2777/3160 2411/3159
f 2673/3166 2783/3165 2785/3095 2701/3094
f 2594/3144 2782/3145 2778/3164 2481/3163
f 2835/3167 2834/3168 2825/3169 2824/3170
f 2830/3171 2790/3172 2795/3173 2829/3174
f 2859/3175 2858/3176 2834/3168 2835/3167
f 2842/3177 2802/3178 2803/3179 2841/3180
f 2850/3181 2798/3182 2794/3183 2849/3184
f 2854/3185 2793/3186 2790/3172 2830/3171
f 2862/3187 2792/3188 2793/3186 2854/3185
f 2866/3189 2797/3190 2798/3182 2850/3181
f 2825/3191 2791/3192 2792/3188 2862/3187
f 2874/3193 2799/3194 2801/3195 2873/3196
f 2849/3184 2794/3183 2799/3194 2874/3193
f 2796/3197 2812/3198 2807/3199 2791/3200
f 2882/3201 2804/3202 2805/3203 2881/3204
f 2829/3174 2795/3173 2802/3178 2842/3177
f 2841/3180 2803/3179 2804/3202 2882/3201
f 2800/3205 2816/3206 2812/3198 2796/3197
f 2790/3172 2806/3207 2811/3208 2795/3173
f 2801/3209 2817/3210 2816/3206 2800/3205
f 2802/3178 2818/3211 2819/3212 2803/3179
f 2798/3182 2814/3213 2810/3214 2794/3183
f 2793/3186 2809/3215 2806/3207 2790/3172
f 2792/3188 2808/3216 2809/3215 2793/3186
f 2797/3190 2813/3217 2814/3213 2798/3182
f 2791/3192 2807/3199 2808/3216 2792/3188
f 2799/3194 2815/3218 2817/3210 2801/3195
f 2794/3183 2810/3214 2815/3218 2799/3194
f 2834/3168 2796/3197 2791/3200 2825/3169
f 2804/3202 2820/3219 2821/3220 2805/3203
f 2795/3173 2811/3208 2818/3211 2802/3178
f 2803/3179 2819/3212 2820/3219 2804/3202
f 2787/3149 2838/3221 2885/3222 2788/3153
f 2838/3221 2839/3223 2884/3224 2885/3222
f 2839/3223 2840/3225 2883/3226 2884/3224
f 2840/3225 2841/3180 2882/3201 2883/3226
f 2870/3227 2871/3228 2860/3229 2861/3230
f 2871/3228 2872/3231 2859/3232 2860/3229
f 2872/3231 2873/3233 2858/3176 2859/3232
f 3316/3234 3262/3235 3261/3236 3322/3237
f 2779/3158 2826/3238 2845/3239 2786/3148
f 2826/3238 2827/3240 2844/3241 2845/3239
f 2827/3240 2828/3242 2843/3243 2844/3241
f 2828/3242 2829/3174 2842/3177 2843/3243
f 2788/3153 2885/3222 2878/3244 2789/3155
f 2885/3222 2884/3224 2879/3245 2878/3244
f 2884/3224 2883/3226 2880/3246 2879/3245
f 2883/3226 2882/3201 2881/3204 2880/3246
f 2778/3164 2846/3247 2877/3248 2783/3165
f 2846/3247 2847/3249 2876/3250 2877/3248
f 2847/3249 2848/3251 2875/3252 2876/3250
f 2848/3251 2849/3184 2874/3193 2875/3252
f 2783/3165 2877/3248 2870/3253 2785/3095
f 2877/3248 2876/3250 2871/3228 2870/3253
f 2876/3250 2875/3252 2872/3231 2871/3228
f 2875/3252 2874/3193 2873/3196 2872/3231
f 2775/3140 2822/3152 2865/3254 2776/3141
f 2822/3152 2823/3255 2864/3256 2865/3254
f 2823/3255 2824/3257 2863/3258 2864/3256
f 2824/3170 2825/3169 2862/3187 2863/3258
f 2781/3146 2869/3259 2853/3260 2782/3145
f 2869/3259 2868/3261 2852/3262 2853/3260
f 2868/3261 2867/3263 2851/3264 2852/3262
f 2867/3263 2866/3189 2850/3181 2851/3264
f 2776/3141 2865/3254 2857/3265 2777/3160
f 2865/3254 2864/3256 2856/3266 2857/3265
f 2864/3256 2863/3258 2855/3267 2856/3266
f 2863/3258 2862/3187 2854/3185 2855/3267
f 2858/3176 2873/3233 2801/3195 2800/3205
f 2785/3095 2870/3253 2861/3230 2784/3096
f 2861/3230 2860/3229 2836/3268 2837/3269
f 2860/3229 2859/3232 2835/3167 2836/3268
f 2777/3160 2857/3265 2833/3270 2774/3161
f 2857/3265 2856/3266 2832/3271 2833/3270
f 2856/3266 2855/3267 2831/3272 2832/3271
f 2855/3267 2854/3185 2830/3171 2831/3272
f 2782/3145 2853/3260 2846/3247 2778/3164
f 2853/3260 2852/3262 2847/3249 2846/3247
f 2852/3262 2851/3264 2848/3251 2847/3249
f 2851/3264 2850/3181 2849/3184 2848/3251
f 2786/3148 2845/3239 2838/3221 2787/3149
f 2845/3239 2844/3241 2839/3223 2838/3221
f 2844/3241 2843/3243 2840/3225 2839/3223
f 2843/3243 2842/3177 2841/3180 2840/3225
f 2780/3137 2784/3096 2861/3230 2837/3151
f 2858/3176 2800/3205 2796/3197 2834/3168
f 2837/3269 2836/3268 2823/3255 2822/3152
f 2836/3268 2835/3167 2824/3170 2823/3255
f 2774/3161 2833/3270 2826/3238 2779/3158
f 2833/3270 2832/3271 2827/3240 2826/3238
f 2832/3271 2831/3272 2828/3242 2827/3240
f 2831/3272 2830/3171 2829/3174 2828/3242
f 2753/3273 2891/3274 2886/3275 2748/3276
f 2751/3277 2889/3278 2890/3279 2752/3280
f 2763/3281 2892/3282 2889/3278 2751/3277
f 2749/3283 2887/3284 2891/3274 2753/3273
f 2750/3285 2888/3286 2887/3284 2749/3283
f 2752/3280 2890/3279 2888/3286 2750/3285
f 2946/3287 2955/3288 2892/3282 2763/3281
f 2953/3289 2950/3290 2900/3291 2917/3292
f 2920/3293 2897/3294 2895/3295 2919/3296
f 2919/3296 2895/3295 2894/3297 2921/3298
f 2917/3292 2900/3291 2896/3299 2922/3300
f 2924/3301 2898/3302 2893/3303 2923/3304
f 2921/3298 2894/3297 2898/3302 2924/3301
f 2922/3300 2896/3299 2897/3294 2920/3293
f 2897/3294 2905/3305 2903/3306 2895/3295
f 2895/3295 2903/3306 2902/3307 2894/3297
f 2900/3291 2908/3308 2904/3309 2896/3299
f 2898/3302 2906/3310 2901/3311 2893/3303
f 2894/3297 2902/3307 2906/3310 2898/3302
f 2896/3299 2904/3309 2905/3305 2897/3294
f 2950/3290 2951/3312 2908/3308 2900/3291
f 2903/3306 2911/3313 2910/3314 2902/3307
f 2908/3308 2916/3315 2912/3316 2904/3309
f 2906/3310 2914/3317 2909/3318 2901/3311
f 2902/3307 2910/3314 2914/3317 2906/3310
f 2904/3309 2912/3316 2913/3319 2905/3305
f 2951/3312 2952/3320 2916/3315 2908/3308
f 2905/3305 2913/3319 2911/3313 2903/3306
f 2889/3278 2922/3300 2920/3293 2890/3279
f 2887/3284 2921/3298 2924/3301 2891/3274
f 2891/3274 2924/3301 2923/3304 2886/3275
f 2892/3282 2917/3292 2922/3300 2889/3278
f 2888/3286 2919/3296 2921/3298 2887/3284
f 2890/3279 2920/3293 2919/3296 2888/3286
f 2955/3288 2953/3289 2917/3292 2892/3282
f 2899/3321 2930/3322 2931/3323 2907/3324
f 2789/3325 2928/3326 2933/3327 2918/3328
f 2879/3245 2926/3329 2927/3330 2878/3244
f 2805/3203 2821/3220 2929/3331 2881/3204
f 2878/3244 2927/3330 2928/3332 2789/3155
f 2918/3328 2933/3327 2930/3322 2899/3321
f 2880/3246 2925/3333 2926/3329 2879/3245
f 2881/3204 2929/3331 2925/3333 2880/3246
f 2907/3324 2931/3323 2932/3334 2915/3335
f 2914/3317 2939/3336 2934/3337 2909/3318
f 2910/3314 2935/3338 2939/3336 2914/3317
f 2912/3316 2937/3339 2938/3340 2913/3319
f 2952/3320 2954/3341 2940/3342 2916/3315
f 2913/3319 2938/3340 2936/3343 2911/3313
f 2911/3313 2936/3343 2935/3338 2910/3314
f 2916/3315 2940/3342 2937/3339 2912/3316
f 2915/3335 2932/3334 2954/3341 2952/3320
f 2789/3344 2918/3345 2953/3289 2955/3288
f 2907/3346 2915/3335 2952/3320 2951/3312
f 2899/3347 2907/3346 2951/3312 2950/3290
f 2918/3345 2899/3347 2950/3290 2953/3289
f 2762/3348 2789/3344 2955/3288 2946/3287
f 2760/3136 2763/3135 2946/3131 2945/3126
f 2679/2791 2760/3136 2945/3126 2947/3009
f 2678/3128 2415/3349 2949/2694 2947/3125
f 2458/3350 2943/2733 2944/2725 2450/3351
f 2450/3351 2944/2725 2942/2717 2443/3352
f 2443/3352 2942/2717 2941/2713 2439/3353
f 2439/3353 2941/2713 2948/2691 2420/3354
f 2420/3354 2948/2691 2949/2694 2415/3349
f 2869/3259 2961/3355 2960/3356 2868/3261
f 2867/3263 2959/3357 2958/3358 2866/3189
f 2797/3190 2956/3359 2957/3360 2813/3217
f 2781/3146 2869/3259 2961/3355 2588/3143
f 2868/3261 2960/3356 2959/3357 2867/3263
f 2866/3189 2958/3358 2956/3359 2797/3190
f 2998/3361 2997/3362 2964/3363 2962/3364
f 3010/3365 3009/3366 2974/3367 2970/3368
f 3009/3366 3021/3369 2973/3370 2974/3367
f 3022/3371 3010/3365 2970/3368 2971/3372
f 3034/3373 3033/3374 2966/3375 2968/3376
f 3033/3374 3045/3377 2976/3378 2966/3375
f 3021/3369 3051/3379 2972/3380 2973/3370
f 3045/3377 3057/3381 2967/3382 2976/3378
f 3064/3383 3063/3384 2975/3385 2963/3386
f 3076/3387 3075/3388 2969/3389 2965/3390
f 2997/3391 3064/3383 2963/3386 2964/3392
f 3051/3379 2998/3361 2962/3364 2972/3380
f 3057/3381 3022/3371 2971/3372 2967/3382
f 3075/3388 3034/3373 2968/3376 2969/3389
f 3063/3384 3076/3387 2965/3390 2975/3385
f 3126/3393 2990/3394 2978/3395 3106/3396
f 3131/3397 2986/3398 2982/3399 3086/3400
f 3136/3401 2989/3402 2985/3403 3137/3404
f 3137/3404 2985/3403 2986/3398 3131/3397
f 3117/3405 2980/3406 2990/3394 3126/3393
f 3097/3407 2987/3408 2988/3409 3142/3410
f 3142/3410 2988/3409 2989/3402 3136/3401
f 3151/3411 2983/3412 2984/3413 3116/3414
f 3087/3415 2991/3416 2981/3417 3152/3418
f 3152/3418 2981/3417 2983/3412 3151/3411
f 3086/3400 2982/3399 2991/3416 3087/3415
f 3096/3419 2977/3420 2987/3408 3097/3407
f 3106/3396 2978/3395 2979/3421 3107/3422
f 3116/3414 2984/3413 2980/3406 3117/3405
f 3107/3423 2979/3424 2977/3420 3096/3419
f 2533/3425 2456/3426 3081/3427 3058/3428
f 3058/3428 3081/3427 3080/3429 3059/3430
f 3059/3430 3080/3429 3079/3431 3060/3432
f 3060/3432 3079/3431 3078/3433 3061/3434
f 3061/3434 3078/3433 3077/3435 3062/3436
f 3062/3436 3077/3435 3076/3387 3063/3384
f 2460/3437 2459/3438 3039/3439 3070/3440
f 3070/3440 3039/3439 3038/3441 3071/3442
f 3071/3442 3038/3441 3037/3443 3072/3444
f 3072/3444 3037/3443 3036/3445 3073/3446
f 3073/3446 3036/3445 3035/3447 3074/3448
f 3074/3448 3035/3447 3034/3373 3075/3388
f 2458/3449 2462/3450 3027/3451 3052/3452
f 3052/3452 3027/3451 3026/3453 3053/3454
f 3053/3454 3026/3453 3025/3455 3054/3456
f 3054/3456 3025/3455 3024/3457 3055/3458
f 3055/3458 3024/3457 3023/3459 3056/3460
f 3056/3460 3023/3459 3022/3371 3057/3381
f 2463/3461 2402/3462 3003/3463 3046/3464
f 3046/3464 3003/3463 3002/3465 3047/3466
f 3047/3466 3002/3465 3001/3467 3048/3468
f 3048/3468 3001/3467 3000/3469 3049/3470
f 3049/3470 3000/3469 2999/3471 3050/3472
f 3050/3472 2999/3471 2998/3361 3051/3379
f 2455/3473 2452/3474 3069/3475 2992/3476
f 2992/3476 3069/3475 3068/3477 2993/3478
f 2993/3478 3068/3477 3067/3479 2994/3480
f 2994/3480 3067/3479 3066/3481 2995/3482
f 2995/3482 3066/3481 3065/3483 2996/3484
f 2996/3484 3065/3483 3064/3383 2997/3391
f 2456/3426 2460/3437 3070/3440 3081/3427
f 3081/3427 3070/3440 3071/3442 3080/3429
f 3080/3429 3071/3442 3072/3444 3079/3431
f 3079/3431 3072/3444 3073/3446 3078/3433
f 3078/3433 3073/3446 3074/3448 3077/3435
f 3077/3435 3074/3448 3075/3388 3076/3387
f 2452/3474 2533/3425 3058/3428 3069/3475
f 3069/3475 3058/3428 3059/3430 3068/3477
f 3068/3477 3059/3430 3060/3432 3067/3479
f 3067/3479 3060/3432 3061/3434 3066/3481
f 3066/3481 3061/3434 3062/3436 3065/3483
f 3065/3483 3062/3436 3063/3384 3064/3383
f 2943/3485 2458/3449 3052/3452 3040/3486
f 3040/3486 3052/3452 3053/3454 3041/3487
f 3041/3487 3053/3454 3054/3456 3042/3488
f 3042/3488 3054/3456 3055/3458 3043/3489
f 3043/3489 3055/3458 3056/3460 3044/3490
f 3044/3490 3056/3460 3057/3381 3045/3377
f 2464/3491 2463/3461 3046/3464 3016/3492
f 3016/3492 3046/3464 3047/3466 3017/3493
f 3017/3493 3047/3466 3048/3468 3018/3494
f 3018/3494 3048/3468 3049/3470 3019/3495
f 3019/3495 3049/3470 3050/3472 3020/3496
f 3020/3496 3050/3472 3051/3379 3021/3369
f 2457/3497 2943/3485 3040/3486 3028/3498
f 3028/3498 3040/3486 3041/3487 3029/3499
f 3029/3499 3041/3487 3042/3488 3030/3500
f 3030/3500 3042/3488 3043/3489 3031/3501
f 3031/3501 3043/3489 3044/3490 3032/3502
f 3032/3502 3044/3490 3045/3377 3033/3374
f 2459/3438 2457/3497 3028/3498 3039/3439
f 3039/3439 3028/3498 3029/3499 3038/3441
f 3038/3441 3029/3499 3030/3500 3037/3443
f 3037/3443 3030/3500 3031/3501 3036/3445
f 3036/3445 3031/3501 3032/3502 3035/3447
f 3035/3447 3032/3502 3033/3374 3034/3373
f 2462/3450 2461/3503 3015/3504 3027/3451
f 3027/3451 3015/3504 3014/3505 3026/3453
f 3026/3453 3014/3505 3013/3506 3025/3455
f 3025/3455 3013/3506 3012/3507 3024/3457
f 3024/3457 3012/3507 3011/3508 3023/3459
f 3023/3459 3011/3508 3010/3365 3022/3371
f 2510/3509 2464/3491 3016/3492 3004/3510
f 3004/3510 3016/3492 3017/3493 3005/3511
f 3005/3511 3017/3493 3018/3494 3006/3512
f 3006/3512 3018/3494 3019/3495 3007/3513
f 3007/3513 3019/3495 3020/3496 3008/3514
f 3008/3514 3020/3496 3021/3369 3009/3366
f 2461/3503 2510/3509 3004/3510 3015/3504
f 3015/3504 3004/3510 3005/3511 3014/3505
f 3014/3505 3005/3511 3006/3512 3013/3506
f 3013/3506 3006/3512 3007/3513 3012/3507
f 3012/3507 3007/3513 3008/3514 3011/3508
f 3011/3508 3008/3514 3009/3366 3010/3365
f 2402/3462 2455/3515 2992/3516 3003/3463
f 3003/3463 2992/3516 2993/3517 3002/3465
f 3002/3465 2993/3517 2994/3518 3001/3467
f 3001/3467 2994/3518 2995/3519 3000/3469
f 3000/3469 2995/3519 2996/3520 2999/3471
f 2999/3471 2996/3520 2997/3362 2998/3361
f 2964/3363 3111/3521 3092/3522 2962/3364
f 3111/3521 3110/3523 3093/3524 3092/3522
f 3110/3523 3109/3525 3094/3526 3093/3524
f 3109/3525 3108/3527 3095/3528 3094/3526
f 3108/3527 3107/3423 3096/3419 3095/3528
f 2969/3389 3112/3529 3121/3530 2965/3390
f 3112/3529 3113/3531 3120/3532 3121/3530
f 3113/3531 3114/3533 3119/3534 3120/3532
f 3114/3533 3115/3535 3118/3536 3119/3534
f 3115/3535 3116/3414 3117/3405 3118/3536
f 2963/3386 3102/3537 3111/3538 2964/3392
f 3102/3537 3103/3539 3110/3540 3111/3538
f 3103/3539 3104/3541 3109/3542 3110/3540
f 3104/3541 3105/3543 3108/3544 3109/3542
f 3105/3543 3106/3396 3107/3422 3108/3544
f 2962/3364 3092/3522 3101/3545 2972/3380
f 3092/3522 3093/3524 3100/3546 3101/3545
f 3093/3524 3094/3526 3099/3547 3100/3546
f 3094/3526 3095/3528 3098/3548 3099/3547
f 3095/3528 3096/3419 3097/3407 3098/3548
f 2967/3382 3082/3549 3091/3550 2976/3378
f 3082/3549 3083/3551 3090/3552 3091/3550
f 3083/3551 3084/3553 3089/3554 3090/3552
f 3084/3553 3085/3555 3088/3556 3089/3554
f 3085/3555 3086/3400 3087/3415 3088/3556
f 2966/3375 3156/3557 3147/3558 2968/3376
f 3156/3557 3155/3559 3148/3560 3147/3558
f 3155/3559 3154/3561 3149/3562 3148/3560
f 3154/3561 3153/3563 3150/3564 3149/3562
f 3153/3563 3152/3418 3151/3411 3150/3564
f 2976/3378 3091/3550 3156/3557 2966/3375
f 3091/3550 3090/3552 3155/3559 3156/3557
f 3090/3552 3089/3554 3154/3561 3155/3559
f 3089/3554 3088/3556 3153/3563 3154/3561
f 3088/3556 3087/3415 3152/3418 3153/3563
f 2968/3376 3147/3558 3112/3529 2969/3389
f 3147/3558 3148/3560 3113/3531 3112/3529
f 3148/3560 3149/3562 3114/3533 3113/3531
f 3149/3562 3150/3564 3115/3535 3114/3533
f 3150/3564 3151/3411 3116/3414 3115/3535
f 2973/3370 3146/3565 3132/3566 2974/3367
f 3146/3565 3145/3567 3133/3568 3132/3566
f 3145/3567 3144/3569 3134/3570 3133/3568
f 3144/3569 3143/3571 3135/3572 3134/3570
f 3143/3571 3142/3410 3136/3401 3135/3572
f 2972/3380 3101/3545 3146/3565 2973/3370
f 3101/3545 3100/3546 3145/3567 3146/3565
f 3100/3546 3099/3547 3144/3569 3145/3567
f 3099/3547 3098/3548 3143/3571 3144/3569
f 3098/3548 3097/3407 3142/3410 3143/3571
f 2965/3390 3121/3530 3122/3573 2975/3385
f 3121/3530 3120/3532 3123/3574 3122/3573
f 3120/3532 3119/3534 3124/3575 3123/3574
f 3119/3534 3118/3536 3125/3576 3124/3575
f 3118/3536 3117/3405 3126/3393 3125/3576
f 2970/3368 3141/3577 3127/3578 2971/3372
f 3141/3577 3140/3579 3128/3580 3127/3578
f 3140/3579 3139/3581 3129/3582 3128/3580
f 3139/3581 3138/3583 3130/3584 3129/3582
f 3138/3583 3137/3404 3131/3397 3130/3584
f 2974/3367 3132/3566 3141/3577 2970/3368
f 3132/3566 3133/3568 3140/3579 3141/3577
f 3133/3568 3134/3570 3139/3581 3140/3579
f 3134/3570 3135/3572 3138/3583 3139/3581
f 3135/3572 3136/3401 3137/3404 3138/3583
f 2971/3372 3127/3578 3082/3549 2967/3382
f 3127/3578 3128/3580 3083/3551 3082/3549
f 3128/3580 3129/3582 3084/3553 3083/3551
f 3129/3582 3130/3584 3085/3555 3084/3553
f 3130/3584 3131/3397 3086/3400 3085/3555
f 2975/3385 3122/3573 3102/3537 2963/3386
f 3122/3573 3123/3574 3103/3539 3102/3537
f 3123/3574 3124/3575 3104/3541 3103/3539
f 3124/3575 3125/3576 3105/3543 3104/3541
f 3125/3576 3126/3393 3106/3396 3105/3543
f 3177/3585 3171/3586 3172/3587 3178/3588
f 3171/3586 3165/3589 3166/3590 3172/3587
f 3165/3589 3159/3591 3160/3592 3166/3590
f 3159/3591 3187/3593 3188/3594 3160/3592
f 3287/3595 3285/3596 3193/3597 3239/3598
f 3182/3599 3252/3600 3211/3601 3183/3602
f 3307/3603 3306/3604 3302/3605 3253/3606
f 3302/3605 3295/3607 3210/3608 3253/3606
f 3484/3609 3485/3610 3199/3611 3194/3612
f 3179/3613 3173/3614 3174/3615 3180/3616
f 3173/3614 3167/3617 3168/3618 3174/3615
f 3167/3617 3161/3619 3162/3620 3168/3618
f 3161/3619 3189/3621 3190/3622 3162/3620
f 3487/3623 3179/3613 3180/3616 3486/3624
f 3710/3625 3711/3626 3202/3627 3207/3628
f 3207/3628 3202/3627 3201/3629 3206/3630
f 3206/3630 3201/3629 3200/3631 3205/3632
f 3213/3633 3214/3634 3211/3635 3210/3636
f 3301/3637 3284/3638 3460/3639 3321/3640
f 3216/3641 3217/3642 3214/3634 3213/3633
f 3170/3643 3176/3644 3203/3645 3208/3646
f 3703/3647 3710/3625 3207/3628 3223/3648
f 3223/3648 3207/3628 3206/3630 3222/3649
f 3222/3649 3206/3630 3205/3632 3221/3650
f 3704/3651 3703/3647 3223/3648 3227/3652
f 3307/3653 3308/3654 3231/3655 3230/3656
f 3227/3652 3223/3648 3222/3649 3226/3657
f 3226/3657 3222/3649 3221/3650 3225/3658
f 3706/3659 3704/3651 3227/3652 3234/3660
f 3234/3660 3227/3652 3226/3657 3233/3661
f 3233/3661 3226/3657 3225/3658 3232/3662
f 3505/3663 3506/3664 3320/3665 3255/3666
f 3705/3667 3706/3659 3234/3660 3242/3668
f 3242/3668 3234/3660 3233/3661 3244/3669
f 3244/3669 3233/3661 3232/3662 3245/3670
f 3248/3671 3251/3672 3189/3673 3188/3674
f 3161/3619 3160/3592 3188/3594 3189/3621
f 3160/3592 3161/3619 3167/3617 3166/3590
f 3166/3590 3167/3617 3173/3614 3172/3587
f 3475/3675 3474/3676 3483/3677 3482/3678
f 3172/3587 3173/3614 3179/3613 3178/3588
f 3187/3593 3249/3679 3248/3671 3188/3594
f 3485/3610 3487/3680 3198/3681 3199/3611
f 3189/3621 3251/3672 3250/3682 3190/3622
f 3164/3683 3170/3643 3208/3646 3224/3684
f 3157/3685 3164/3683 3224/3684 3228/3686
f 3228/3686 3235/3687 3185/3688 3157/3685
f 3247/3689 3185/3688 3235/3687 3243/3690
f 3306/3604 3470/3691 3314/3692 3302/3605
f 3323/3693 3259/3694 3258/3695 3317/3696
f 3476/3697 3277/3698 3279/3699 3475/3700
f 3271/3701 3263/3702 3264/3703 3362/3704
f 3474/3676 3263/3702 3271/3701 3483/3677
f 3196/3705 3504/3706 3505/3663 3255/3666
f 3480/3707 3477/3708 3476/3709 3481/3710
f 3181/3711 3287/3712 3239/3713 3231/3714
f 3479/3715 3478/3716 3497/3717 3498/3718
f 3182/3719 3259/3720 3309/3721 3300/3722
f 3272/3723 3456/3724 3203/3645 3176/3644
f 3457/3725 3458/3726 3201/3629 3202/3627
f 3489/3727 3492/3728 3375/3729 3265/3730
f 3319/3731 3256/3732 3255/3666 3320/3665
f 3285/3596 3281/3733 3250/3734 3193/3597
f 3277/3698 3174/3615 3168/3618 3279/3699
f 3280/3735 3162/3620 3190/3622 3283/3736
f 3312/3737 3296/3738 3295/3739 3313/3740
f 3311/3741 3297/3742 3296/3738 3312/3737
f 3949/3743 3427/3744 3278/3745 3305/3746
f 3464/3747 3331/3748 3303/3749 3284/3750
f 3339/3751 3347/3752 3288/3753 3286/3754
f 3331/3748 3339/3751 3286/3754 3303/3749
f 3253/3606 3252/3755 3308/3654 3307/3603
f 3323/3756 3464/3747 3284/3750 3301/3637
f 3474/3676 3280/3735 3283/3736 3263/3702
f 3230/3656 3237/3757 3306/3604 3307/3653
f 3302/3605 3314/3692 3313/3740 3295/3607
f 3294/3758 3249/3679 3187/3593 3293/3759
f 3159/3591 3292/3760 3293/3759 3187/3593
f 3292/3760 3159/3591 3165/3589 3291/3761
f 3246/3762 3294/3758 3293/3759 3186/3763
f 3292/3760 3158/3764 3186/3763 3293/3759
f 3461/3765 3326/3766 3325/3767 3468/3768
f 3284/3750 3303/3749 3329/3769 3460/3639
f 3463/3770 3327/3771 3326/3766 3461/3765
f 3326/3766 3334/3772 3333/3773 3325/3767
f 3303/3749 3286/3754 3337/3774 3329/3769
f 3327/3771 3335/3775 3334/3772 3326/3766
f 3334/3772 3342/3776 3341/3777 3333/3773
f 3286/3754 3288/3753 3345/3778 3337/3774
f 3335/3775 3343/3779 3342/3776 3334/3772
f 3386/3780 3378/3781 3383/3782 3363/3783
f 3269/3784 3366/3785 3365/3786 3268/3787
f 3366/3785 3372/3788 3371/3789 3365/3786
f 3363/3783 3383/3782 3270/3790 3364/3791
f 3379/3792 3384/3793 3380/3794 3385/3795
f 3492/3728 3493/3796 3369/3797 3375/3729
f 3469/3798 3271/3701 3362/3704 3472/3799
f 3267/3800 3379/3792 3385/3795 3266/3801
f 3291/3761 3165/3589 3171/3586 3290/3802
f 3269/3784 3270/3790 3383/3782 3366/3785
f 3372/3788 3366/3785 3383/3782 3378/3781
f 3267/3800 3268/3787 3365/3786 3379/3792
f 3365/3786 3371/3789 3384/3793 3379/3792
f 3351/3803 3403/3804 3402/3805 3350/3806
f 3350/3806 3402/3805 3401/3807 3349/3808
f 3355/3809 3349/3808 3401/3807 3360/3810
f 3304/3811 3299/3812 3355/3809 3360/3810
f 3299/3812 3304/3811 3389/3813 3353/3814
f 3387/3815 3388/3816 3367/3817 3373/3818
f 3382/3819 3377/3820 3373/3818 3367/3817
f 3381/3821 3376/3822 3377/3820 3382/3819
f 3357/3823 3374/3824 3376/3822 3381/3821
f 3361/3825 3370/3826 3374/3824 3357/3823
f 3396/3827 3404/3828 3410/3829 3398/3830
f 3394/3831 3406/3832 3405/3833 3395/3834
f 3398/3830 3410/3829 3411/3835 3397/3836
f 3399/3837 3409/3838 3404/3828 3396/3827
f 3397/3836 3411/3835 3406/3832 3394/3831
f 3388/3816 3399/3837 3396/3827 3367/3817
f 3416/3839 3420/3840 3419/3841 3415/3842
f 3415/3842 3419/3841 3418/3843 3414/3844
f 3398/3830 3382/3819 3367/3817 3396/3827
f 3305/3746 3278/3745 3413/3845 3412/3846
f 3515/3847 2770/2916 2652/2915 3516/3848
f 3424/3849 3425/3850 3431/3851 3430/3852
f 3424/3849 3430/3852 3429/3853 3423/3854
f 3423/3854 3429/3853 3428/3855 3422/3856
f 3447/3857 3422/3856 3428/3855 3950/3858
f 3282/3859 3254/3860 3951/3861 3433/3862
f 3254/3860 3282/3859 3432/3863 3448/3864
f 3514/3865 2641/2934 2770/2916 3515/3847
f 3420/3866 3421/3867 3425/3850 3424/3849
f 3420/3866 3424/3849 3423/3854 3419/3841
f 3241/3868 3245/3670 3232/3662 3236/3869
f 3419/3841 3423/3854 3422/3856 3418/3843
f 3952/3870 3418/3843 3422/3856 3447/3857
f 3254/3860 3278/3745 3427/3744 3951/3861
f 3278/3745 3254/3860 3448/3864 3413/3845
f 3236/3869 3232/3662 3225/3658 3229/3871
f 3210/3608 3211/3635 3252/3600 3253/3606
f 3468/3768 3325/3767 3331/3748 3464/3747
f 3325/3767 3333/3773 3339/3751 3331/3748
f 3333/3773 3341/3777 3347/3752 3339/3751
f 3490/3872 3491/3873 3370/3826 3361/3825
f 3397/3836 3381/3821 3382/3819 3398/3830
f 3394/3831 3357/3823 3381/3821 3397/3836
f 3414/3844 3418/3843 3952/3870 3426/3874
f 3191/3875 3240/3876 3238/3877 3192/3878
f 3192/3878 3238/3877 3239/3598 3193/3597
f 3214/3634 3217/3642 3195/3879 3184/3880
f 3275/3881 3197/3882 3486/3883 3488/3884
f 3195/3885 3196/3705 3255/3666 3256/3732
f 3473/3886 3465/3887 3316/3234 3322/3237
f 3465/3887 3473/3886 3330/3888 3324/3889
f 3338/3890 3332/3891 3324/3889 3330/3888
f 3346/3892 3340/3893 3332/3891 3338/3890
f 3348/3894 3354/3895 3359/3896 3356/3897
f 3356/3897 3359/3896 3393/3898 3392/3899
f 3392/3899 3393/3898 3407/3900 3408/3901
f 3408/3901 3407/3900 3449/3902 3451/3903
f 3434/3904 3435/3905 3451/3903 3449/3902
f 3409/3838 3450/3906 3445/3907 3404/3828
f 3421/3867 3420/3866 3416/3839 3417/3908
f 3454/3909 3218/3910 3215/3911 3455/3912
f 3311/3741 3310/3913 3298/3914 3297/3742
f 3216/3915 3297/3742 3298/3914 3219/3916
f 3216/3641 3219/3916 3220/3917 3217/3642
f 3158/3764 3292/3760 3291/3761 3163/3918
f 3163/3918 3291/3761 3290/3802 3169/3919
f 3184/3920 3257/3921 3258/3922 3183/3923
f 3267/3800 3466/3924 3467/3925 3268/3787
f 3169/3919 3290/3802 3289/3926 3175/3927
f 3274/3928 3175/3927 3289/3926 3453/3929
f 3276/3930 3180/3616 3174/3615 3277/3698
f 3229/3871 3225/3658 3221/3650 3209/3931
f 3205/3632 3212/3932 3209/3931 3221/3650
f 3196/3705 3195/3885 3217/3642 3220/3917
f 3290/3802 3171/3586 3177/3585 3289/3926
f 3289/3926 3177/3585 3273/3933 3453/3929
f 3505/3663 2470/3011 2764/3051 3506/3664
f 3279/3699 3168/3618 3162/3620 3280/3735
f 3256/3732 3319/3731 3318/3934 3257/3935
f 3709/3936 3457/3725 3202/3627 3711/3626
f 3195/3885 3256/3732 3257/3935 3184/3880
f 3481/3710 3476/3709 3475/3700 3482/3678
f 3458/3726 3459/3937 3200/3631 3201/3629
f 3283/3736 3190/3622 3250/3682 3281/3733
f 3318/3934 3317/3696 3258/3695 3257/3935
f 3477/3708 3276/3930 3277/3698 3476/3709
f 3318/3934 3461/3765 3468/3768 3317/3696
f 3497/3938 3488/3939 3276/3930 3477/3708
f 3266/3801 3204/3940 3466/3924 3267/3800
f 3259/3720 3182/3719 3183/3602 3258/3695
f 3319/3731 3463/3770 3461/3765 3318/3934
f 3259/3720 3323/3693 3301/3637 3309/3721
f 3478/3716 3275/3881 3488/3884 3497/3717
f 3475/3675 3279/3699 3280/3735 3474/3676
f 3317/3696 3468/3768 3464/3747 3323/3693
f 3182/3719 3300/3722 3308/3654 3252/3600
f 3308/3654 3300/3722 3181/3711 3231/3655
f 3238/3941 3230/3656 3231/3655 3239/3713
f 3322/3942 3261/3943 3260/3944 3321/3945
f 3462/3946 3463/3770 3319/3731 3320/3665
f 3268/3787 3467/3925 3471/3947 3269/3784
f 3489/3948 3495/3949 3204/3940 3266/3801
f 3269/3784 3471/3947 3469/3950 3270/3790
f 3463/3770 3462/3946 3328/3951 3327/3771
f 3270/3790 3469/3950 3472/3799 3364/3791
f 3519/3952 3494/3953 3395/3834 3405/3833
f 3230/3656 3238/3941 3240/3954 3237/3757
f 3327/3771 3328/3951 3336/3955 3335/3775
f 3335/3775 3336/3955 3344/3956 3343/3779
f 3471/3947 3483/3677 3271/3701 3469/3950
f 3466/3924 3481/3710 3482/3678 3467/3925
f 3495/3949 3498/3957 3480/3958 3204/3940
f 3467/3925 3482/3678 3483/3677 3471/3947
f 3204/3940 3480/3958 3481/3710 3466/3924
f 3212/3932 3205/3632 3200/3631 3215/3959
f 3459/3937 3455/3912 3215/3911 3200/3631
f 3306/3604 3237/3757 3315/3960 3470/3691
f 3295/3607 3296/3738 3213/3633 3210/3608
f 3297/3742 3216/3915 3213/3633 3296/3738
f 3499/3961 2675/3039 2433/3038 3496/3962
f 3500/3963 2527/3043 2515/3042 3501/3964
f 3502/3965 3219/3916 3298/3914 3501/3966
f 3502/3967 2434/3049 2435/3048 3503/3968
f 3301/3637 3321/3640 3260/3944 3309/3721
f 3211/3601 3214/3634 3184/3880 3183/3602
f 3281/3733 3285/3596 3262/3969 3264/3970
f 2408/3012 3504/3971 3503/3968 2435/3048
f 3507/3972 3462/3946 3320/3665 3506/3664
f 3507/3973 2773/3058 2547/3057 3508/3974
f 3508/3974 2547/3057 2765/3060 3509/3975
f 3509/3975 2765/3060 2766/3062 3510/3976
f 3511/3977 2767/3066 2768/3065 3512/3978
f 3395/3834 3361/3825 3357/3823 3394/3831
f 3494/3953 3490/3872 3361/3825 3395/3834
f 3513/3979 2769/3068 2641/2934 3514/3865
f 3442/3980 3410/3829 3404/3828 3445/3907
f 3443/3981 3411/3835 3410/3829 3442/3980
f 3445/3907 3450/3906 3436/3982 3437/3983
f 3440/3984 3442/3980 3445/3907 3437/3983
f 3441/3985 3443/3981 3442/3980 3440/3984
f 3439/3986 3446/3987 3443/3981 3441/3985
f 3446/3987 3406/3832 3411/3835 3443/3981
f 3444/3988 3405/3833 3406/3832 3446/3987
f 3304/3811 3305/3746 3412/3846 3389/3813
f 3305/3746 3304/3811 3360/3810 3949/3743
f 3426/3874 3360/3810 3401/3807 3414/3844
f 3414/3844 3401/3807 3402/3805 3415/3842
f 3415/3842 3402/3805 3403/3804 3416/3839
f 3351/3803 3352/3989 3400/3990 3403/3804
f 3416/3839 3403/3804 3400/3990 3417/3908
f 3512/3991 3513/3992 3417/3908 3400/3990
f 3518/3993 3541/3994 3391/3995 3519/3996
f 3438/3997 3444/3988 3446/3987 3439/3986
f 3517/3998 3518/3999 3444/3988 3438/3997
f 3177/3585 3178/3588 3485/3610 3484/3609
f 3198/3681 3487/3680 3486/3624 3197/3882
f 3178/3588 3179/3613 3487/3623 3485/3610
f 3300/3722 3309/3721 3260/3944 3181/3711
f 3266/3801 3385/3795 3492/3728 3489/3948
f 3177/3585 3484/3609 3194/3612 3273/3933
f 3385/3795 3380/3794 3493/3796 3492/3728
f 3425/3850 3515/3847 3516/3848 3431/3851
f 3421/3867 3514/3865 3515/3847 3425/3850
f 3358/4000 3368/4001 3491/3873 3490/3872
f 3488/3939 3486/3883 3180/3616 3276/3930
f 3263/3702 3283/3736 3281/3733 3264/3703
f 3265/3730 3452/4002 3495/3949 3489/3727
f 3391/3995 3390/4003 3494/3953 3519/3996
f 3452/4002 3479/3715 3498/3718 3495/3949
f 3454/3909 3499/3961 3496/3962 3218/3910
f 3310/3913 3500/3963 3501/3964 3298/3914
f 2434/3049 3502/3967 3501/3966 2515/3042
f 3219/3916 3502/3965 3503/3968 3220/3917
f 3497/3717 3477/3708 3480/3707 3498/3718
f 2773/3058 3507/3973 3506/3664 2764/3051
f 3462/3946 3507/3972 3508/3974 3328/3951
f 3328/3951 3508/3974 3509/3975 3336/3955
f 3336/3955 3509/3975 3510/3976 3344/3956
f 3352/3989 3511/3977 3512/3978 3400/3990
f 3390/4003 3358/4000 3490/3872 3494/3953
f 3417/3908 3513/3992 3514/3865 3421/3867
f 2768/3065 2769/3068 3513/3979 3512/3978
f 3444/3988 3518/3999 3519/3996 3405/3833
f 3540/4004 3541/3994 3518/3993 3517/3998
f 3248/3671 3191/3875 3192/3878 3251/3672
f 3251/3672 3192/3878 3193/3597 3250/3682
f 3220/3917 3503/3968 3504/3971 3196/3705
f 3287/3712 3181/3711 3260/3944 3261/3943
f 3479/4005 3478/4006 3552/4007 3553/4008
f 3465/3887 3472/3799 3362/3704 3316/3234
f 3472/3799 3465/3887 3324/3889 3364/3791
f 3364/3791 3324/3889 3332/3891 3363/3783
f 3363/3783 3332/3891 3340/3893 3386/3780
f 3387/3815 3348/3894 3356/3897 3388/3816
f 3388/3816 3356/3897 3392/3899 3399/3837
f 3399/3837 3392/3899 3408/3901 3409/3838
f 3409/3838 3408/3901 3451/3903 3450/3906
f 3435/3905 3436/3982 3450/3906 3451/3903
f 3432/3863 3434/4009 3449/4010 3448/3864
f 3407/4011 3413/3845 3448/3864 3449/4010
f 3393/4012 3412/3846 3413/3845 3407/4011
f 3359/4013 3389/3813 3412/3846 3393/4012
f 3354/4014 3353/3814 3389/3813 3359/4013
f 3345/3778 3346/4015 3338/4016 3337/3774
f 3337/3774 3338/4016 3330/4017 3329/3769
f 3473/4018 3460/3639 3329/3769 3330/4017
f 3460/3639 3473/4018 3322/3942 3321/3640
f 3262/3969 3316/3234 3362/3704 3264/3970
f 3261/3236 3262/3235 3285/3596 3287/3595
f 3315/3960 3241/3868 3236/3869 3470/3691
f 3470/3691 3236/3869 3229/3871 3314/3692
f 3314/3692 3229/3871 3209/3931 3313/3740
f 3212/3932 3312/3737 3313/3740 3209/3931
f 3215/3959 3311/3741 3312/3737 3212/3932
f 3311/3741 3215/3959 3218/3910 3310/3913
f 3496/3962 3500/3963 3310/3913 3218/3910
f 3500/3963 3496/3962 2433/3038 2527/3043
f 3176/3644 3175/3927 3274/3928 3272/3723
f 3170/3643 3169/3919 3175/3927 3176/3644
f 3164/3683 3163/3918 3169/3919 3170/3643
f 3157/3685 3158/3764 3163/3918 3164/3683
f 3158/3764 3157/3685 3185/3688 3186/3763
f 3247/3689 3246/3762 3186/3763 3185/3688
f 2675/3039 3499/3961 3524/4019 2742/3109
f 3459/3937 3458/3726 3522/4020 3523/4021
f 3499/3961 3454/3909 3520/4022 3524/4019
f 3455/3912 3459/3937 3523/4021 3521/4023
f 3454/3909 3455/3912 3521/4023 3520/4022
f 2742/3109 3524/4019 3529/4024 2748/3115
f 3523/4021 3522/4020 3527/4025 3528/4026
f 3524/4019 3520/4022 3525/4027 3529/4024
f 3520/4022 3521/4023 3526/4028 3525/4027
f 3521/4023 3523/4021 3528/4026 3526/4028
f 3274/3928 3453/3929 3532/4029 3531/4030
f 3453/3929 3273/3933 3530/4031 3532/4029
f 3531/4030 3532/4029 3530/4031 3533/4032
f 3709/4033 3456/4034 3535/4035 3707/4036
f 3456/3724 3272/3723 3534/4037 3535/4038
f 3707/4036 3535/4035 3538/4039 3708/4040
f 3535/4038 3534/4037 3537/4041 3538/4042
f 3534/4037 3272/3723 3274/3928 3531/4030
f 3533/4032 3537/4041 3534/4037 3531/4030
f 3522/4020 3536/4043 3539/4044 3527/4025
f 3457/3725 3536/4043 3522/4020 3458/3726
f 3370/3826 3380/3794 3384/3793 3374/3824
f 3491/3873 3493/3796 3380/3794 3370/3826
f 3493/3796 3491/3873 3368/4001 3369/3797
f 3511/3977 3510/3976 2766/3062 2767/3066
f 3510/3976 3511/3977 3352/3989 3344/3956
f 3344/3956 3352/3989 3351/3803 3343/3779
f 3343/3779 3351/3803 3350/3806 3342/3776
f 3342/3776 3350/3806 3349/3808 3341/3777
f 3355/3809 3347/3752 3341/3777 3349/3808
f 3299/3812 3288/3753 3347/3752 3355/3809
f 3288/3753 3299/3812 3353/3814 3345/3778
f 3345/3778 3353/3814 3354/4014 3346/4015
f 3348/3894 3340/3893 3346/3892 3354/3895
f 3340/3893 3348/3894 3387/3815 3386/3780
f 3386/3780 3387/3815 3373/3818 3378/3781
f 3377/3820 3372/3788 3378/3781 3373/3818
f 3376/3822 3371/3789 3372/3788 3377/3820
f 3371/3789 3376/3822 3374/3824 3384/3793
f 3478/4006 3275/4045 3548/4046 3552/4007
f 3197/4047 3198/4048 3544/4049 3543/4050
f 3369/4051 3375/4052 3550/4053 3549/4054
f 3543/4050 3548/4046 3275/4045 3197/4047
f 3530/4055 3533/4056 3555/4057 3554/4058
f 3605/4059 3548/4046 3543/4050 3590/4060
f 3533/4056 3537/4061 3556/4062 3555/4057
f 3537/4061 3538/4063 3557/4064 3556/4062
f 3273/4065 3530/4055 3554/4058 3547/4066
f 3199/4067 3194/4068 3542/4069 3545/4070
f 3194/4068 3273/4065 3547/4066 3542/4069
f 3265/4071 3452/4072 3551/4073 3546/4074
f 3198/4048 3199/4067 3545/4070 3544/4049
f 3452/4072 3479/4005 3553/4008 3551/4073
f 3375/4052 3265/4071 3546/4074 3550/4053
f 3602/4075 3603/4076 3592/4077 3593/4078
f 3598/4079 3597/4080 3563/4081 3558/4082
f 3626/4083 3627/4084 3603/4076 3602/4075
f 3610/4085 3609/4086 3571/4087 3570/4088
f 3618/4089 3617/4090 3562/4091 3566/4092
f 3622/4093 3598/4079 3558/4082 3561/4094
f 3630/4095 3622/4093 3561/4094 3560/4096
f 3634/4097 3618/4089 3566/4092 3565/4098
f 3593/4099 3630/4095 3560/4096 3559/4100
f 3642/4101 3641/4102 3569/4103 3567/4104
f 3617/4090 3642/4101 3567/4104 3562/4091
f 3564/4105 3559/4106 3575/4107 3580/4108
f 3650/4109 3649/4110 3573/4111 3572/4112
f 3597/4080 3610/4085 3570/4088 3563/4081
f 3609/4086 3650/4109 3572/4112 3571/4087
f 3568/4113 3564/4105 3580/4108 3584/4114
f 3558/4082 3563/4081 3579/4115 3574/4116
f 3585/4117 3569/4118 3568/4113 3584/4114
f 3570/4088 3571/4087 3587/4119 3586/4120
f 3566/4092 3562/4091 3578/4121 3582/4122
f 3561/4094 3558/4082 3574/4116 3577/4123
f 3560/4096 3561/4094 3577/4123 3576/4124
f 3565/4098 3566/4092 3582/4122 3581/4125
f 3559/4100 3560/4096 3576/4124 3575/4107
f 3567/4104 3569/4103 3585/4117 3583/4126
f 3562/4091 3567/4104 3583/4126 3578/4121
f 3602/4075 3593/4078 3559/4100 3564/4105
f 3572/4112 3573/4111 3589/4127 3588/4128
f 3563/4081 3570/4088 3586/4120 3579/4115
f 3571/4087 3572/4112 3588/4128 3587/4119
f 3555/4057 3556/4062 3653/4129 3606/4130
f 3606/4130 3653/4129 3652/4131 3607/4132
f 3607/4132 3652/4131 3651/4133 3608/4134
f 3608/4134 3651/4133 3650/4109 3609/4086
f 3638/4135 3629/4136 3628/4137 3639/4138
f 3639/4138 3628/4137 3627/4139 3640/4140
f 3640/4140 3627/4139 3626/4083 3641/4141
f 3504/3971 2408/3012 2470/3011 3505/3663
f 3547/4066 3554/4058 3613/4142 3594/4143
f 3594/4143 3613/4142 3612/4144 3595/4145
f 3595/4145 3612/4144 3611/4146 3596/4147
f 3596/4147 3611/4146 3610/4085 3597/4080
f 3556/4062 3557/4064 3646/4148 3653/4129
f 3653/4129 3646/4148 3647/4149 3652/4131
f 3652/4131 3647/4149 3648/4150 3651/4133
f 3651/4133 3648/4150 3649/4110 3650/4109
f 3546/4074 3551/4073 3645/4151 3614/4152
f 3614/4152 3645/4151 3644/4153 3615/4154
f 3615/4154 3644/4153 3643/4155 3616/4156
f 3616/4156 3643/4155 3642/4101 3617/4090
f 3551/4073 3553/4008 3638/4157 3645/4151
f 3645/4151 3638/4157 3639/4138 3644/4153
f 3644/4153 3639/4138 3640/4140 3643/4155
f 3643/4155 3640/4140 3641/4141 3642/4101
f 3543/4050 3544/4049 3633/4158 3590/4060
f 3590/4060 3633/4158 3632/4159 3591/4160
f 3591/4160 3632/4159 3631/4161 3592/4162
f 3592/4077 3631/4161 3630/4095 3593/4078
f 3549/4054 3550/4053 3621/4163 3637/4164
f 3637/4164 3621/4163 3620/4165 3636/4166
f 3636/4166 3620/4165 3619/4167 3635/4168
f 3635/4168 3619/4167 3618/4089 3634/4097
f 3544/4049 3545/4070 3625/4169 3633/4158
f 3633/4158 3625/4169 3624/4170 3632/4159
f 3632/4159 3624/4170 3623/4171 3631/4161
f 3631/4161 3623/4171 3622/4093 3630/4095
f 3569/4118 3641/4102 3626/4083 3568/4113
f 3553/4008 3552/4007 3629/4136 3638/4157
f 3628/4137 3629/4136 3605/4172 3604/4173
f 3627/4139 3628/4137 3604/4173 3603/4076
f 3545/4070 3542/4069 3601/4174 3625/4169
f 3625/4169 3601/4174 3600/4175 3624/4170
f 3624/4170 3600/4175 3599/4176 3623/4171
f 3623/4171 3599/4176 3598/4079 3622/4093
f 3550/4053 3546/4074 3614/4152 3621/4163
f 3621/4163 3614/4152 3615/4154 3620/4165
f 3620/4165 3615/4154 3616/4156 3619/4167
f 3619/4167 3616/4156 3617/4090 3618/4089
f 3554/4058 3555/4057 3606/4130 3613/4142
f 3613/4142 3606/4130 3607/4132 3612/4144
f 3612/4144 3607/4132 3608/4134 3611/4146
f 3611/4146 3608/4134 3609/4086 3610/4085
f 3629/4136 3552/4007 3548/4046 3605/4172
f 3626/4083 3602/4075 3564/4105 3568/4113
f 3604/4173 3605/4172 3590/4060 3591/4160
f 3603/4076 3604/4173 3591/4160 3592/4077
f 3542/4069 3547/4066 3594/4143 3601/4174
f 3601/4174 3594/4143 3595/4145 3600/4175
f 3600/4175 3595/4145 3596/4147 3599/4176
f 3599/4176 3596/4147 3597/4080 3598/4079
f 3529/4177 2748/3276 2886/3275 3658/4178
f 3527/4179 3528/4180 3657/4181 3656/4182
f 3539/4183 3527/4179 3656/4182 3659/4184
f 3525/4185 3529/4177 3658/4178 3654/4186
f 3526/4187 3525/4185 3654/4186 3655/4188
f 3528/4180 3526/4187 3655/4188 3657/4181
f 3708/4189 3539/4183 3659/4184 3717/4190
f 3715/4191 3681/4192 3666/4193 3712/4194
f 3684/4195 3683/4196 3661/4197 3663/4198
f 3683/4196 3685/4199 3660/4200 3661/4197
f 3681/4192 3686/4201 3662/4202 3666/4193
f 3687/4203 2923/3304 2893/3303 3664/4204
f 3685/4199 3687/4203 3664/4204 3660/4200
f 3686/4201 3684/4195 3663/4198 3662/4202
f 3663/4198 3661/4197 3668/4205 3670/4206
f 3661/4197 3660/4200 3667/4207 3668/4205
f 3666/4193 3662/4202 3669/4208 3673/4209
f 3664/4204 2893/3303 2901/3311 3671/4210
f 3660/4200 3664/4204 3671/4210 3667/4207
f 3662/4202 3663/4198 3670/4206 3669/4208
f 3712/4194 3666/4193 3673/4209 3713/4211
f 3668/4205 3667/4207 3674/4212 3675/4213
f 3673/4209 3669/4208 3676/4214 3680/4215
f 3671/4210 2901/3311 2909/3318 3678/4216
f 3667/4207 3671/4210 3678/4216 3674/4212
f 3669/4208 3670/4206 3677/4217 3676/4214
f 3713/4211 3673/4209 3680/4215 3714/4218
f 3670/4206 3668/4205 3675/4213 3677/4217
f 3656/4182 3657/4181 3684/4195 3686/4201
f 3654/4186 3658/4178 3687/4203 3685/4199
f 3658/4178 2886/3275 2923/3304 3687/4203
f 3659/4184 3656/4182 3686/4201 3681/4192
f 3655/4188 3654/4186 3685/4199 3683/4196
f 3657/4181 3655/4188 3683/4196 3684/4195
f 3717/4190 3659/4184 3681/4192 3715/4191
f 3665/4219 3672/4220 3694/4221 3693/4222
f 3557/4223 3682/4224 3696/4225 3691/4226
f 3647/4149 3646/4148 3690/4227 3689/4228
f 3573/4111 3649/4110 3692/4229 3589/4127
f 3646/4148 3557/4064 3691/4230 3690/4227
f 3682/4224 3665/4219 3693/4222 3696/4225
f 3648/4150 3647/4149 3689/4228 3688/4231
f 3649/4110 3648/4150 3688/4231 3692/4229
f 3672/4220 3679/4232 3695/4233 3694/4221
f 3678/4216 2909/3318 2934/3337 3701/4234
f 3674/4212 3678/4216 3701/4234 3697/4235
f 3676/4214 3677/4217 3700/4236 3699/4237
f 3714/4218 3680/4215 3702/4238 3716/4239
f 3677/4217 3675/4213 3698/4240 3700/4236
f 3675/4213 3674/4212 3697/4235 3698/4240
f 3680/4215 3676/4214 3699/4237 3702/4238
f 3679/4232 3714/4218 3716/4239 3695/4233
f 3557/4241 3717/4190 3715/4191 3682/4242
f 3672/4243 3713/4211 3714/4218 3679/4232
f 3665/4244 3712/4194 3713/4211 3672/4243
f 3682/4242 3715/4191 3712/4194 3665/4244
f 3538/4245 3708/4189 3717/4190 3557/4241
f 3536/4043 3707/4036 3708/4040 3539/4044
f 3457/3725 3709/3936 3707/4036 3536/4043
f 3456/4034 3709/4033 3711/3626 3203/4246
f 3243/4247 3235/4248 3706/3659 3705/3667
f 3235/4248 3228/4249 3704/3651 3706/3659
f 3228/4249 3224/4250 3703/3647 3704/3651
f 3224/4250 3208/4251 3710/3625 3703/3647
f 3208/4251 3203/4246 3711/3626 3710/3625
f 3637/4164 3636/4166 3722/4252 3723/4253
f 3635/4168 3634/4097 3720/4254 3721/4255
f 3565/4098 3581/4125 3719/4256 3718/4257
f 3549/4054 3637/4164 3723/4253 3369/4051
f 3636/4166 3635/4168 3721/4255 3722/4252
f 3634/4097 3565/4098 3718/4257 3720/4254
f 3760/4258 3724/4259 3726/4260 3759/4261
f 3772/4262 3732/4263 3736/4264 3771/4265
f 3771/4265 3736/4264 3735/4266 3783/4267
f 3784/4268 3733/4269 3732/4263 3772/4262
f 3796/4270 3730/4271 3728/4272 3795/4273
f 3795/4273 3728/4272 3738/4274 3807/4275
f 3783/4267 3735/4266 3734/4276 3813/4277
f 3807/4275 3738/4274 3729/4278 3819/4279
f 3826/4280 3725/4281 3737/4282 3825/4283
f 3838/4284 3727/4285 3731/4286 3837/4287
f 3759/4288 3726/4289 3725/4281 3826/4280
f 3813/4277 3734/4276 3724/4259 3760/4258
f 3819/4279 3729/4278 3733/4269 3784/4268
f 3837/4287 3731/4286 3730/4271 3796/4270
f 3825/4283 3737/4282 3727/4285 3838/4284
f 3888/4290 3868/4291 3740/4292 3752/4293
f 3893/4294 3848/4295 3744/4296 3748/4297
f 3898/4298 3899/4299 3747/4300 3751/4301
f 3899/4299 3893/4294 3748/4297 3747/4300
f 3879/4302 3888/4290 3752/4293 3742/4303
f 3859/4304 3904/4305 3750/4306 3749/4307
f 3904/4305 3898/4298 3751/4301 3750/4306
f 3913/4308 3878/4309 3746/4310 3745/4311
f 3849/4312 3914/4313 3743/4314 3753/4315
f 3914/4313 3913/4308 3745/4311 3743/4314
f 3848/4295 3849/4312 3753/4315 3744/4296
f 3858/4316 3859/4304 3749/4307 3739/4317
f 3868/4291 3869/4318 3741/4319 3740/4292
f 3878/4309 3879/4302 3742/4303 3746/4310
f 3869/4320 3858/4316 3739/4317 3741/4321
f 3315/4322 3820/4323 3843/4324 3241/4325
f 3820/4323 3821/4326 3842/4327 3843/4324
f 3821/4326 3822/4328 3841/4329 3842/4327
f 3822/4328 3823/4330 3840/4331 3841/4329
f 3823/4330 3824/4332 3839/4333 3840/4331
f 3824/4332 3825/4283 3838/4284 3839/4333
f 3245/4334 3832/4335 3801/4336 3244/4337
f 3832/4335 3833/4338 3800/4339 3801/4336
f 3833/4338 3834/4340 3799/4341 3800/4339
f 3834/4340 3835/4342 3798/4343 3799/4341
f 3835/4342 3836/4344 3797/4345 3798/4343
f 3836/4344 3837/4287 3796/4270 3797/4345
f 3243/4346 3814/4347 3789/4348 3247/4349
f 3814/4347 3815/4350 3788/4351 3789/4348
f 3815/4350 3816/4352 3787/4353 3788/4351
f 3816/4352 3817/4354 3786/4355 3787/4353
f 3817/4354 3818/4356 3785/4357 3786/4355
f 3818/4356 3819/4279 3784/4268 3785/4357
f 3248/4358 3808/4359 3765/4360 3191/4361
f 3808/4359 3809/4362 3764/4363 3765/4360
f 3809/4362 3810/4364 3763/4365 3764/4363
f 3810/4364 3811/4366 3762/4367 3763/4365
f 3811/4366 3812/4368 3761/4369 3762/4367
f 3812/4368 3813/4277 3760/4258 3761/4369
f 3240/4370 3754/4371 3831/4372 3237/4373
f 3754/4371 3755/4374 3830/4375 3831/4372
f 3755/4374 3756/4376 3829/4377 3830/4375
f 3756/4376 3757/4378 3828/4379 3829/4377
f 3757/4378 3758/4380 3827/4381 3828/4379
f 3758/4380 3759/4288 3826/4280 3827/4381
f 3241/4325 3843/4324 3832/4335 3245/4334
f 3843/4324 3842/4327 3833/4338 3832/4335
f 3842/4327 3841/4329 3834/4340 3833/4338
f 3841/4329 3840/4331 3835/4342 3834/4340
f 3840/4331 3839/4333 3836/4344 3835/4342
f 3839/4333 3838/4284 3837/4287 3836/4344
f 3237/4373 3831/4372 3820/4323 3315/4322
f 3831/4372 3830/4375 3821/4326 3820/4323
f 3830/4375 3829/4377 3822/4328 3821/4326
f 3829/4377 3828/4379 3823/4330 3822/4328
f 3828/4379 3827/4381 3824/4332 3823/4330
f 3827/4381 3826/4280 3825/4283 3824/4332
f 3705/4382 3802/4383 3814/4347 3243/4346
f 3802/4383 3803/4384 3815/4350 3814/4347
f 3803/4384 3804/4385 3816/4352 3815/4350
f 3804/4385 3805/4386 3817/4354 3816/4352
f 3805/4386 3806/4387 3818/4356 3817/4354
f 3806/4387 3807/4275 3819/4279 3818/4356
f 3249/4388 3778/4389 3808/4359 3248/4358
f 3778/4389 3779/4390 3809/4362 3808/4359
f 3779/4390 3780/4391 3810/4364 3809/4362
f 3780/4391 3781/4392 3811/4366 3810/4364
f 3781/4392 3782/4393 3812/4368 3811/4366
f 3782/4393 3783/4267 3813/4277 3812/4368
f 3242/4394 3790/4395 3802/4383 3705/4382
f 3790/4395 3791/4396 3803/4384 3802/4383
f 3791/4396 3792/4397 3804/4385 3803/4384
f 3792/4397 3793/4398 3805/4386 3804/4385
f 3793/4398 3794/4399 3806/4387 3805/4386
f 3794/4399 3795/4273 3807/4275 3806/4387
f 3244/4337 3801/4336 3790/4395 3242/4394
f 3801/4336 3800/4339 3791/4396 3790/4395
f 3800/4339 3799/4341 3792/4397 3791/4396
f 3799/4341 3798/4343 3793/4398 3792/4397
f 3798/4343 3797/4345 3794/4399 3793/4398
f 3797/4345 3796/4270 3795/4273 3794/4399
f 3247/4349 3789/4348 3777/4400 3246/4401
f 3789/4348 3788/4351 3776/4402 3777/4400
f 3788/4351 3787/4353 3775/4403 3776/4402
f 3787/4353 3786/4355 3774/4404 3775/4403
f 3786/4355 3785/4357 3773/4405 3774/4404
f 3785/4357 3784/4268 3772/4262 3773/4405
f 3294/4406 3766/4407 3778/4389 3249/4388
f 3766/4407 3767/4408 3779/4390 3778/4389
f 3767/4408 3768/4409 3780/4391 3779/4390
f 3768/4409 3769/4410 3781/4392 3780/4391
f 3769/4410 3770/4411 3782/4393 3781/4392
f 3770/4411 3771/4265 3783/4267 3782/4393
f 3246/4401 3777/4400 3766/4407 3294/4406
f 3777/4400 3776/4402 3767/4408 3766/4407
f 3776/4402 3775/4403 3768/4409 3767/4408
f 3775/4403 3774/4404 3769/4410 3768/4409
f 3774/4404 3773/4405 3770/4411 3769/4410
f 3773/4405 3772/4262 3771/4265 3770/4411
f 3191/4361 3765/4360 3754/4412 3240/4413
f 3765/4360 3764/4363 3755/4414 3754/4412
f 3764/4363 3763/4365 3756/4415 3755/4414
f 3763/4365 3762/4367 3757/4416 3756/4415
f 3762/4367 3761/4369 3758/4417 3757/4416
f 3761/4369 3760/4258 3759/4261 3758/4417
f 3726/4260 3724/4259 3854/4418 3873/4419
f 3873/4419 3854/4418 3855/4420 3872/4421
f 3872/4421 3855/4420 3856/4422 3871/4423
f 3871/4423 3856/4422 3857/4424 3870/4425
f 3870/4425 3857/4424 3858/4316 3869/4320
f 3731/4286 3727/4285 3883/4426 3874/4427
f 3874/4427 3883/4426 3882/4428 3875/4429
f 3875/4429 3882/4428 3881/4430 3876/4431
f 3876/4431 3881/4430 3880/4432 3877/4433
f 3877/4433 3880/4432 3879/4302 3878/4309
f 3725/4281 3726/4289 3873/4434 3864/4435
f 3864/4435 3873/4434 3872/4436 3865/4437
f 3865/4437 3872/4436 3871/4438 3866/4439
f 3866/4439 3871/4438 3870/4440 3867/4441
f 3867/4441 3870/4440 3869/4318 3868/4291
f 3724/4259 3734/4276 3863/4442 3854/4418
f 3854/4418 3863/4442 3862/4443 3855/4420
f 3855/4420 3862/4443 3861/4444 3856/4422
f 3856/4422 3861/4444 3860/4445 3857/4424
f 3857/4424 3860/4445 3859/4304 3858/4316
f 3729/4278 3738/4274 3853/4446 3844/4447
f 3844/4447 3853/4446 3852/4448 3845/4449
f 3845/4449 3852/4448 3851/4450 3846/4451
f 3846/4451 3851/4450 3850/4452 3847/4453
f 3847/4453 3850/4452 3849/4312 3848/4295
f 3728/4272 3730/4271 3909/4454 3918/4455
f 3918/4455 3909/4454 3910/4456 3917/4457
f 3917/4457 3910/4456 3911/4458 3916/4459
f 3916/4459 3911/4458 3912/4460 3915/4461
f 3915/4461 3912/4460 3913/4308 3914/4313
f 3738/4274 3728/4272 3918/4455 3853/4446
f 3853/4446 3918/4455 3917/4457 3852/4448
f 3852/4448 3917/4457 3916/4459 3851/4450
f 3851/4450 3916/4459 3915/4461 3850/4452
f 3850/4452 3915/4461 3914/4313 3849/4312
f 3730/4271 3731/4286 3874/4427 3909/4454
f 3909/4454 3874/4427 3875/4429 3910/4456
f 3910/4456 3875/4429 3876/4431 3911/4458
f 3911/4458 3876/4431 3877/4433 3912/4460
f 3912/4460 3877/4433 3878/4309 3913/4308
f 3735/4266 3736/4264 3894/4462 3908/4463
f 3908/4463 3894/4462 3895/4464 3907/4465
f 3907/4465 3895/4464 3896/4466 3906/4467
f 3906/4467 3896/4466 3897/4468 3905/4469
f 3905/4469 3897/4468 3898/4298 3904/4305
f 3734/4276 3735/4266 3908/4463 3863/4442
f 3863/4442 3908/4463 3907/4465 3862/4443
f 3862/4443 3907/4465 3906/4467 3861/4444
f 3861/4444 3906/4467 3905/4469 3860/4445
f 3860/4445 3905/4469 3904/4305 3859/4304
f 3727/4285 3737/4282 3884/4470 3883/4426
f 3883/4426 3884/4470 3885/4471 3882/4428
f 3882/4428 3885/4471 3886/4472 3881/4430
f 3881/4430 3886/4472 3887/4473 3880/4432
f 3880/4432 3887/4473 3888/4290 3879/4302
f 3732/4263 3733/4269 3889/4474 3903/4475
f 3903/4475 3889/4474 3890/4476 3902/4477
f 3902/4477 3890/4476 3891/4478 3901/4479
f 3901/4479 3891/4478 3892/4480 3900/4481
f 3900/4481 3892/4480 3893/4294 3899/4299
f 3736/4264 3732/4263 3903/4475 3894/4462
f 3894/4462 3903/4475 3902/4477 3895/4464
f 3895/4464 3902/4477 3901/4479 3896/4466
f 3896/4466 3901/4479 3900/4481 3897/4468
f 3897/4468 3900/4481 3899/4299 3898/4298
f 3733/4269 3729/4278 3844/4447 3889/4474
f 3889/4474 3844/4447 3845/4449 3890/4476
f 3890/4476 3845/4449 3846/4451 3891/4478
f 3891/4478 3846/4451 3847/4453 3892/4480
f 3892/4480 3847/4453 3848/4295 3893/4294
f 3737/4282 3725/4281 3864/4435 3884/4470
f 3884/4470 3864/4435 3865/4437 3885/4471
f 3885/4471 3865/4437 3866/4439 3886/4472
f 3886/4472 3866/4439 3867/4441 3887/4473
f 3887/4473 3867/4441 3868/4291 3888/4290
f 2534/2957 2540/2956 2477/3108 2478/3053
f 2930/3322 3919/4482 3920/4483 2931/3323
f 2931/3323 3920/4483 3921/4484 2932/3334
f 2933/3327 3922/4485 3919/4482 2930/3322
f 2810/3214 3927/4486 3932/4487 2815/3218
f 2812/3198 3929/4488 3924/4489 2807/3199
f 2811/3208 3928/4490 3935/4491 2818/3211
f 2818/3211 3935/4491 3936/4492 2819/3212
f 2814/3213 3931/4493 3927/4486 2810/3214
f 2929/3331 3943/4494 3939/4495 2925/3333
f 2809/3215 3926/4496 3923/4497 2806/3207
f 2816/3206 3933/4498 3929/4488 2812/3198
f 2925/3333 3939/4495 3940/4499 2926/3329
f 2808/3216 3925/4500 3926/4496 2809/3215
f 2813/3217 3930/4501 3931/4493 2814/3213
f 2926/3329 3940/4499 3941/4502 2927/3330
f 2807/3199 3924/4489 3925/4500 2808/3216
f 2957/3360 3944/4503 3930/4501 2813/3217
f 2815/3218 3932/4487 3934/4504 2817/3210
f 2821/3220 3938/4505 3943/4494 2929/3331
f 2927/3330 3941/4502 3942/4506 2928/3332
f 2817/3210 3934/4504 3933/4498 2816/3206
f 2820/3219 3937/4507 3938/4505 2821/3220
f 2806/3207 3923/4497 3928/4490 2811/3208
f 2819/3212 3936/4492 3937/4507 2820/3219
f 2928/3326 3942/4508 3922/4485 2933/3327
f 3433/3862 3951/3861 3960/4509 3956/4510
f 3427/3744 3949/3743 3958/4511 3955/4512
f 3360/3810 3426/3874 3954/4513 3953/4514
f 3447/3857 3950/3858 3959/4515 3957/4516
f 3949/3743 3360/3810 3953/4514 3958/4511
f 3952/3870 3447/3857 3957/4516 3961/4517
f 3951/3861 3427/3744 3955/4512 3960/4509
f 3426/3874 3952/3870 3961/4517 3954/4513
f 2647/2812 3947/2929 3969/4518 3964/4519
f 2579/2876 3945/2809 3967/4520 3962/4521
f 3945/2809 2647/2812 3964/4519 3967/4520
f 3948/2939 2646/2943 3963/4522 3970/4523
f 3947/2929 2654/2928 3965/4524 3969/4518
f 2646/2943 2579/2876 3962/4521 3963/4522
f 3946/2926 2668/2925 3966/4525 3968/4526
f 2668/2925 3948/2939 3970/4523 3966/4525
f 2656/2976 2657/3072 3976/4527 3975/4528
f 2654/2928 2498/2927 3971/4529 3973/4530
f 3282/3859 3433/3862 3986/4531 3984/4532
f 3437/3983 3436/3982 3989/4533 3990/4534
f 2661/3073 2662/3074 3981/4535 3980/4536
f 3517/3998 3438/3997 3991/4537 3995/4538
f 3439/3986 3441/3985 3994/4539 3992/4540
f 3433/3862 3956/4510 3997/4541 3986/4531
f 3440/3984 3437/3983 3990/4534 3993/4542
f 3965/4524 2654/2928 3973/4530 3998/4543
f 2660/3075 2659/3086 3978/4544 3979/4545
f 2655/2975 2656/2976 3975/4528 3974/4546
f 3436/3982 3435/3905 3988/4547 3989/4533
f 2739/3087 2771/3093 3983/4548 3982/4549
f 3441/3985 3440/3984 3993/4542 3994/4539
f 3540/4004 3517/3998 3995/4538 3996/4550
f 2498/2927 2653/2932 3972/4551 3971/4529
f 3432/3863 3282/3859 3984/4532 3985/4552
f 3438/3997 3439/3986 3992/4540 3991/4537
f 2653/2932 2655/3099 3974/4553 3972/4551
f 3435/3905 3434/3904 3987/4554 3988/4547
f 3434/4009 3432/3863 3985/4552 3987/4555
f 2657/3072 2658/3071 3977/4556 3976/4527
f 2662/3074 2660/3075 3979/4545 3981/4535
f 2659/3086 2739/3087 3982/4549 3978/4544
f 2658/3071 2661/3073 3980/4536 3977/4556
f 2650/2918 2649/2922 4000/4557 4001/4558
f 3429/3853 3430/3852 4007/4559 4006/4560
f 2649/2922 2648/2924 3999/4561 4000/4557
f 3428/3855 3429/3853 4006/4560 4005/4562
f 2651/2919 2650/2918 4001/4558 4002/4563
f 2652/2915 2738/2914 4004/4564 4003/4565
f 2738/2914 2651/2919 4002/4563 4004/4564
f 3430/3852 3431/3851 4008/4566 4007/4559
f 2648/2924 3946/2926 4010/4567 3999/4561
f 3950/3858 3428/3855 4005/4562 4011/4568
f 3946/2926 3968/4526 4013/4569 4010/4567
f 3516/3848 2652/2915 4003/4565 4009/4570
f 3431/3851 3516/3848 4009/4570 4008/4566
f 3959/4515 3950/3858 4011/4568 4012/4571
f 3748/4297 3744/4296 4019/4572 4023/4573
f 3751/4301 3747/4300 4022/4574 4026/4575
f 3747/4300 3748/4297 4023/4573 4022/4574
f 3742/4303 3752/4293 4027/4576 4017/4577
f 3749/4307 3750/4306 4025/4578 4024/4579
f 3750/4306 3751/4301 4026/4575 4025/4578
f 3745/4311 3746/4310 4021/4580 4020/4581
f 3753/4315 3743/4314 4018/4582 4028/4583
f 3743/4314 3745/4311 4020/4581 4018/4582
f 3741/4321 3739/4317 4014/4584 4016/4585
f 3744/4296 3753/4315 4028/4583 4019/4572
f 3739/4317 3749/4307 4024/4579 4014/4584
f 3740/4292 3741/4319 4016/4586 4015/4587
f 3746/4310 3742/4303 4017/4577 4021/4580
f 3752/4293 3740/4292 4015/4587 4027/4576
f 2986/3398 2985/3403 4037/4588 4038/4589
f 2990/3394 2980/3406 4032/4590 4042/4591
f 2988/3409 2987/3408 4039/4592 4040/4593
f 2989/3402 2988/3409 4040/4593 4041/4594
f 2984/3413 2983/3412 4035/4595 4036/4596
f 2981/3417 2991/3416 4043/4597 4033/4598
f 2983/3412 2981/3417 4033/4598 4035/4595
f 2977/3420 2979/3424 4031/4599 4029/4600
f 2991/3416 2982/3399 4034/4601 4043/4597
f 2987/3408 2977/3420 4029/4600 4039/4592
f 2979/3421 2978/3395 4030/4602 4031/4603
f 2980/3406 2984/3413 4036/4596 4032/4590
f 2978/3395 2990/3394 4042/4591 4030/4602
f 2982/3399 2986/3398 4038/4589 4034/4601
f 2985/3403 2989/3402 4041/4594 4037/4588
f 2588/4604 2961/4605 4051/4606 4046/4607
f 2587/3090 2588/2862 4046/4607 4045/4608
f 3983/4548 2771/3093 4049/4609 4052/4610
f 2577/3089 2587/3090 4045/4608 4044/4611
f 2609/3092 2577/3089 4044/4611 4047/4612
f 2771/3093 2772/3085 4050/4613 4049/4609
f 2610/3084 2609/3092 4047/4612 4048/4614
f 2772/3085 2610/3084 4048/4614 4050/4613
f 4045/4608 4046/4607 4055/4615 4054/4616
f 4050/4613 4048/4614 4057/4617 4059/4618
f 4052/4610 4049/4609 4058/4619 4061/4620
f 4048/4614 4047/4612 4056/4621 4057/4617
f 4047/4612 4044/4611 4053/4622 4056/4621
f 4044/4611 4045/4608 4054/4616 4053/4622
f 4046/4607 4051/4623 4060/4624 4055/4615
f 4049/4609 4050/4613 4059/4618 4058/4619
f 4138/4625 4139/4626 4140/4627 4137/4628
f 4141/4629 4107/4630 4111/4631 4143/4632
f 4070/4633 4071/4634 4069/4635 4068/4636
f 4097/4637 4095/4638 4091/4639 4092/4640
f 4117/4641 4120/4642 4123/4643 4121/4644
f 4164/4645 4161/4646 4160/4647 4165/4648
f 4137/4628 4140/4627 4142/4649 4141/4650
f 4089/4651 4090/4652 4087/4653 4088/4654
f 4080/4655 4081/4656 4077/4657 4078/4658
f 4343/4659 4342/4660 4325/4661 4324/4662
f 4083/4663 4085/4664 4086/4665 4084/4666
f 4073/4667 4072/4668 4078/4658 4077/4657
f 4135/4669 4136/4670 4132/4671 4129/4672
f 4078/4658 4072/4668 4074/4673 4079/4674
f 4153/4675 4154/4676 4155/4677 4152/4678
f 4131/4679 4134/4680 4151/4681 4150/4682
f 4114/4683 4110/4684 4108/4685 4113/4686
f 4150/4682 4151/4681 4148/4687 4146/4688
f 4124/4689 4123/4690 4130/4691 4131/4692
f 4119/4693 4120/4642 4117/4641 4118/4694
f 4062/4695 4065/4696 4070/4633 4068/4636
f 4087/4653 4096/4697 4098/4698 4088/4654
f 4343/4659 4324/4662 4322/4699 4345/4700
f 4133/4701 4134/4680 4131/4679 4130/4691
f 4116/4702 4114/4683 4113/4686 4115/4703
f 4162/4704 4160/4705 4156/4706 4157/4707
f 4129/4672 4132/4671 4133/4701 4130/4691
f 4099/4708 4103/4709 4106/4710 4105/4711
f 4145/4712 4127/4713 4122/4714 4138/4715
f 4144/4716 4145/4712 4138/4715 4137/4628
f 4130/4691 4123/4690 4120/4642 4129/4672
f 4109/4717 4112/4718 4111/4631 4107/4630
f 4282/4719 4245/4720 4244/4721 4269/4722
f 4245/4720 4247/4723 4248/4724 4244/4721
f 4099/4725 4096/4726 4095/4727 4100/4728
f 4142/4649 4108/4729 4107/4630 4141/4650
f 4344/4730 4346/4731 4321/4732 4323/4733
f 4112/4718 4238/4734 4237/4735 4111/4631
f 4108/4685 4142/4649 4147/4736 4113/4686
f 4250/4737 4251/4738 4116/4702 4115/4703
f 4072/4668 4073/4667 4062/4695 4068/4636
f 4347/4739 4354/4740 4345/4741 4346/4742
f 4110/4684 4109/4717 4107/4630 4108/4685
f 4321/4743 4322/4744 4319/4745 4320/4746
f 4063/4747 4064/4748 4065/4696 4062/4695
f 4126/4749 4128/4750 4118/4694 4117/4641
f 4325/4661 4316/4751 4317/4752 4324/4662
f 4152/4678 4155/4677 4158/4753 4156/4754
f 4075/4755 4073/4667 4077/4657 4083/4756
f 4081/4656 4085/4664 4083/4663 4077/4657
f 4122/4714 4124/4757 4139/4626 4138/4715
f 4076/4758 4075/4755 4083/4756 4084/4666
f 4063/4759 4075/4755 4076/4758 4066/4760
f 4156/4706 4160/4705 4161/4646 4152/4678
f 4127/4713 4125/4761 4121/4762 4122/4714
f 4147/4736 4142/4649 4140/4627 4146/4763
f 4066/4760 4067/4764 4064/4748 4063/4759
f 4100/4728 4102/4765 4103/4709 4099/4725
f 4169/4766 4167/4767 4165/4768 4166/4769
f 4143/4632 4111/4631 4237/4735 4264/4770
f 4141/4650 4143/4632 4144/4716 4137/4628
f 4158/4753 4159/4771 4157/4707 4156/4754
f 4115/4703 4149/4772 4270/4773 4250/4737
f 4095/4727 4096/4726 4087/4653 4091/4639
f 4105/4711 4098/4698 4096/4697 4099/4708
f 4323/4733 4321/4732 4320/4746 4318/4774
f 4265/4775 4236/4776 4240/4777 4266/4778
f 4350/4779 4347/4739 4346/4742 4344/4730
f 4266/4778 4240/4777 4241/4780 4267/4781
f 4236/4776 4265/4775 4264/4770 4237/4735
f 4119/4782 4076/4758 4084/4666 4135/4783
f 4121/4762 4123/4643 4124/4689 4122/4714
f 4100/4728 4095/4727 4097/4637 4101/4784
f 4129/4672 4120/4642 4119/4693 4135/4669
f 4128/4750 4067/4764 4066/4760 4118/4694
f 4348/4785 4357/4786 4342/4660 4343/4659
f 4088/4654 4098/4698 4074/4787 4069/4788
f 4161/4646 4163/4789 4153/4675 4152/4678
f 4071/4634 4089/4651 4088/4654 4069/4635
f 4079/4674 4074/4673 4098/4698 4105/4711
f 4170/4790 4163/4789 4161/4646 4164/4645
f 4116/4791 4357/4786 4348/4785 4114/4792
f 4091/4639 4093/4793 4094/4794 4092/4640
f 4167/4767 4168/4795 4164/4645 4165/4768
f 4074/4673 4072/4668 4068/4636 4069/4788
f 4168/4795 4171/4796 4170/4790 4164/4645
f 4165/4768 4160/4647 4162/4704 4166/4769
f 4062/4695 4073/4667 4075/4755 4063/4747
f 4113/4686 4147/4736 4149/4772 4115/4703
f 4163/4789 4097/4637 4092/4640 4153/4675
f 4172/4797 4173/4798 4174/4799 4175/4800
f 4175/4800 4174/4799 4158/4753 4155/4677
f 4173/4798 4176/4801 4177/4802 4174/4799
f 4174/4799 4177/4802 4159/4771 4158/4753
f 4172/4797 4175/4800 4178/4803 4179/4804
f 4179/4804 4178/4803 4093/4805 4090/4806
f 4175/4800 4155/4677 4154/4676 4178/4803
f 4178/4803 4154/4676 4094/4794 4093/4805
f 4172/4797 4179/4804 4180/4807 4181/4808
f 4181/4808 4180/4807 4182/4809 4183/4810
f 4179/4804 4090/4806 4089/4651 4180/4807
f 4180/4807 4089/4651 4071/4634 4182/4809
f 4172/4797 4181/4808 4184/4811 4173/4798
f 4173/4798 4184/4811 4185/4812 4176/4801
f 4181/4808 4183/4810 4186/4813 4184/4811
f 4184/4811 4186/4813 4187/4814 4185/4812
f 4188/4815 4189/4816 4190/4817 4191/4818
f 4191/4818 4190/4817 4106/4710 4103/4709
f 4189/4816 4192/4819 4193/4820 4190/4817
f 4190/4817 4193/4820 4082/4821 4106/4710
f 4188/4815 4191/4818 4194/4822 4195/4823
f 4195/4823 4194/4822 4171/4796 4168/4795
f 4191/4818 4103/4709 4102/4765 4194/4822
f 4194/4822 4102/4765 4104/4824 4171/4796
f 4188/4815 4195/4823 4196/4825 4197/4826
f 4197/4826 4196/4825 4198/4827 4199/4828
f 4195/4823 4168/4795 4167/4767 4196/4825
f 4196/4825 4167/4767 4169/4766 4198/4827
f 4188/4815 4197/4826 4200/4829 4189/4816
f 4189/4816 4200/4829 4201/4830 4192/4819
f 4197/4826 4199/4828 4202/4831 4200/4829
f 4200/4829 4202/4831 4203/4832 4201/4830
f 4204/4833 4205/4834 4206/4835 4207/4836
f 4207/4836 4206/4835 4208/4837 4209/4838
f 4205/4834 4065/4696 4064/4748 4206/4835
f 4206/4835 4064/4748 4067/4764 4208/4837
f 4204/4833 4207/4836 4210/4839 4211/4840
f 4211/4840 4210/4839 4212/4841 4213/4842
f 4207/4836 4209/4838 4214/4843 4210/4839
f 4210/4839 4214/4843 4215/4844 4212/4841
f 4204/4833 4211/4840 4216/4845 4217/4846
f 4217/4846 4216/4845 4186/4813 4183/4810
f 4211/4840 4213/4842 4218/4847 4216/4845
f 4216/4845 4218/4847 4187/4814 4186/4813
f 4204/4833 4217/4846 4219/4848 4205/4834
f 4205/4834 4219/4848 4070/4633 4065/4696
f 4217/4846 4183/4810 4182/4809 4219/4848
f 4219/4848 4182/4809 4071/4634 4070/4633
f 4220/4849 4221/4850 4222/4851 4223/4852
f 4223/4852 4222/4851 4224/4853 4225/4854
f 4221/4850 4192/4819 4201/4830 4222/4851
f 4222/4851 4201/4830 4203/4832 4224/4853
f 4220/4849 4223/4852 4226/4855 4227/4856
f 4227/4856 4226/4855 4228/4857 4229/4858
f 4223/4852 4225/4854 4230/4859 4226/4855
f 4226/4855 4230/4859 4231/4860 4228/4857
f 4220/4849 4227/4856 4232/4861 4233/4862
f 4233/4862 4232/4861 4085/4664 4081/4656
f 4227/4856 4229/4858 4234/4863 4232/4861
f 4232/4861 4234/4863 4086/4665 4085/4664
f 4220/4849 4233/4862 4235/4864 4221/4850
f 4221/4850 4235/4864 4193/4820 4192/4819
f 4233/4862 4081/4656 4080/4655 4235/4864
f 4235/4864 4080/4655 4082/4821 4193/4820
f 4242/4865 4243/4866 4241/4780 4240/4777
f 4238/4734 4239/4867 4236/4776 4237/4735
f 4236/4776 4239/4867 4242/4865 4240/4777
f 4249/4868 4247/4723 4245/4720 4246/4869
f 4244/4721 4248/4724 4251/4738 4250/4737
f 4252/4870 4253/4871 4254/4872 4255/4873
f 4255/4873 4254/4872 4256/4874 4257/4875
f 4253/4871 4258/4876 4259/4877 4254/4872
f 4254/4872 4259/4877 4260/4878 4256/4874
f 4252/4870 4255/4873 4261/4879 4262/4880
f 4262/4880 4261/4879 4145/4712 4144/4716
f 4255/4873 4257/4875 4263/4881 4261/4879
f 4261/4879 4263/4881 4127/4713 4145/4712
f 4252/4870 4262/4880 4264/4770 4265/4775
f 4106/4710 4082/4821 4079/4674 4105/4711
f 4262/4880 4144/4716 4143/4632 4264/4770
f 4283/4882 4246/4869 4245/4720 4282/4719
f 4252/4870 4265/4775 4266/4778 4253/4871
f 4253/4871 4266/4778 4267/4781 4258/4876
f 4101/4784 4097/4637 4163/4789 4170/4790
f 4268/4883 4269/4884 4270/4885 4271/4886
f 4271/4886 4270/4885 4149/4772 4148/4887
f 4346/4731 4345/4741 4322/4699 4321/4732
f 4269/4722 4244/4721 4250/4737 4270/4885
f 4268/4883 4271/4886 4272/4888 4273/4889
f 4273/4889 4272/4888 4274/4890 4275/4891
f 4271/4886 4148/4887 4151/4681 4272/4888
f 4272/4888 4151/4681 4134/4680 4274/4890
f 4268/4883 4273/4889 4276/4892 4277/4893
f 4277/4893 4276/4892 4278/4894 4279/4895
f 4273/4889 4275/4891 4280/4896 4276/4892
f 4276/4892 4280/4896 4281/4897 4278/4894
f 4268/4883 4277/4893 4282/4719 4269/4884
f 4277/4893 4279/4895 4283/4882 4282/4719
f 4284/4898 4285/4899 4286/4900 4287/4901
f 4287/4901 4286/4900 4214/4843 4209/4838
f 4285/4899 4288/4902 4289/4903 4286/4900
f 4286/4900 4289/4903 4215/4844 4214/4843
f 4284/4898 4287/4901 4290/4904 4291/4905
f 4291/4905 4290/4904 4128/4750 4126/4749
f 4287/4901 4209/4838 4208/4837 4290/4904
f 4290/4904 4208/4837 4067/4764 4128/4750
f 4284/4898 4291/4905 4292/4906 4293/4907
f 4293/4907 4292/4906 4263/4881 4257/4875
f 4291/4905 4126/4749 4125/4908 4292/4906
f 4292/4906 4125/4908 4127/4713 4263/4881
f 4284/4898 4293/4907 4294/4909 4285/4899
f 4285/4899 4294/4909 4295/4910 4288/4902
f 4293/4907 4257/4875 4256/4874 4294/4909
f 4294/4909 4256/4874 4260/4878 4295/4910
f 4296/4911 4297/4912 4298/4913 4299/4914
f 4299/4914 4298/4913 4133/4701 4132/4671
f 4297/4912 4275/4891 4274/4890 4298/4913
f 4298/4913 4274/4890 4134/4680 4133/4701
f 4296/4911 4299/4914 4300/4915 4301/4916
f 4301/4916 4300/4915 4234/4863 4229/4858
f 4299/4914 4132/4671 4136/4670 4300/4915
f 4300/4915 4136/4670 4086/4665 4234/4863
f 4296/4911 4301/4916 4302/4917 4303/4918
f 4303/4918 4302/4917 4304/4919 4305/4920
f 4301/4916 4229/4858 4228/4857 4302/4917
f 4302/4917 4228/4857 4231/4860 4304/4919
f 4296/4911 4303/4918 4306/4921 4297/4912
f 4297/4912 4306/4921 4280/4896 4275/4891
f 4303/4918 4305/4920 4307/4922 4306/4921
f 4306/4921 4307/4922 4281/4897 4280/4896
f 4322/4699 4324/4662 4317/4752 4319/4745
f 4325/4661 4333/4923 4308/4924 4316/4751
f 4330/4925 4332/4926 4309/4927 4311/4928
f 4326/4929 4323/4733 4318/4774 4315/4930
f 4327/4931 4326/4929 4315/4930 4314/4932
f 4146/4688 4140/4627 4139/4626 4150/4682
f 4329/4933 4328/4934 4313/4935 4312/4936
f 4341/4937 4344/4730 4323/4733 4326/4929
f 4082/4821 4080/4655 4078/4658 4079/4674
f 4150/4682 4139/4626 4124/4757 4131/4679
f 4171/4796 4104/4824 4101/4784 4170/4790
f 4087/4653 4090/4652 4093/4805 4091/4639
f 4336/4938 4337/4939 4330/4940 4331/4941
f 4334/4942 4336/4938 4331/4941 4333/4943
f 4101/4784 4104/4824 4102/4765 4100/4728
f 4339/4944 4340/4945 4327/4946 4328/4947
f 4110/4948 4114/4792 4348/4785 4354/4949
f 4121/4762 4125/4761 4126/4749 4117/4641
f 4349/4950 4359/4951 4340/4945 4339/4944
f 4342/4660 4334/4942 4333/4943 4325/4661
f 4353/4952 4350/4779 4344/4730 4341/4937
f 4337/4939 4335/4953 4332/4926 4330/4940
f 4320/4746 4319/4745 4371/4954 4372/4955
f 4357/4786 4351/4956 4334/4942 4342/4660
f 4338/4957 4339/4944 4328/4947 4329/4933
f 4086/4665 4136/4670 4135/4669 4084/4666
f 4356/4958 4358/4959 4337/4939 4336/4938
f 4076/4758 4119/4782 4118/4694 4066/4760
f 4331/4941 4330/4940 4311/4928 4310/4960
f 4351/4956 4356/4958 4336/4938 4334/4942
f 4333/4943 4331/4941 4310/4960 4308/4924
f 4355/4961 4349/4950 4339/4944 4338/4957
f 4359/4951 4353/4952 4341/4937 4340/4945
f 4358/4959 4352/4962 4335/4953 4337/4939
f 4328/4947 4327/4946 4314/4932 4313/4935
f 4340/4945 4341/4937 4326/4929 4327/4946
f 4109/4963 4347/4739 4350/4779 4112/4964
f 4247/4965 4249/4966 4352/4962 4358/4959
f 4109/4963 4110/4948 4354/4949 4347/4739
f 4348/4785 4343/4659 4345/4700 4354/4949
f 4148/4887 4149/4772 4147/4736 4146/4688
f 4239/4967 4238/4968 4353/4952 4359/4951
f 4243/4969 4242/4970 4349/4950 4355/4961
f 4251/4971 4248/4972 4356/4958 4351/4956
f 4248/4972 4247/4965 4358/4959 4356/4958
f 4116/4791 4251/4971 4351/4956 4357/4786
f 4238/4968 4112/4964 4350/4779 4353/4952
f 4242/4970 4239/4967 4359/4951 4349/4950
f 4319/4745 4317/4752 4369/4973 4371/4954
f 4318/4774 4320/4746 4372/4955 4370/4974
f 4317/4752 4316/4751 4368/4975 4369/4973
f 4369/4973 4368/4975 4381/4976 4382/4977
f 4314/4932 4315/4930 4367/4978 4366/4979
f 4313/4935 4314/4932 4366/4979 4365/4980
f 4312/4936 4313/4935 4365/4980 4364/4981
f 4316/4751 4308/4924 4360/4982 4368/4975
f 4310/4960 4311/4928 4363/4983 4362/4984
f 4311/4928 4309/4927 4361/4985 4363/4983
f 4308/4924 4310/4960 4362/4984 4360/4982
f 4315/4930 4318/4774 4370/4974 4367/4978
f 4371/4954 4369/4973 4382/4977 4384/4986
f 4372/4955 4371/4954 4384/4986 4385/4987
f 4363/4983 4361/4985 4374/4988 4376/4989
f 4365/4980 4366/4979 4379/4990 4378/4991
f 4364/4981 4365/4980 4378/4991 4377/4992
f 4360/4982 4362/4984 4375/4993 4373/4994
f 4370/4974 4372/4955 4385/4987 4383/4995
f 4367/4978 4370/4974 4383/4995 4380/4996
f 4368/4975 4360/4982 4373/4994 4381/4976
f 4362/4984 4363/4983 4376/4989 4375/4993
f 4366/4979 4367/4978 4380/4996 4379/4990
f 4384/4986 4397/4997 4398/4998 4385/4987
f 4384/4986 4382/4977 4395/4999 4397/4997
f 4380/4996 4383/4995 4396/5000 4393/5001
f 4381/4976 4373/4994 4386/5002 4394/5003
f 4375/4993 4376/4989 4389/5004 4388/5005
f 4379/4990 4380/4996 4393/5001 4392/5006
f 4383/4995 4385/4987 4398/4998 4396/5000
f 4382/4977 4381/4976 4394/5003 4395/4999
f 4397/4997 4395/4999 4408/5007 4410/5008
f 4376/4989 4374/4988 4387/5009 4389/5004
f 4378/4991 4379/4990 4392/5006 4391/5010
f 4377/4992 4378/4991 4391/5010 4390/5011
f 4373/4994 4375/4993 4388/5005 4386/5002
f 4398/4998 4397/4997 4410/5008 4411/5012
f 4389/5004 4387/5009 4400/5013 4402/5014
f 4391/5010 4392/5006 4405/5015 4404/5016
f 4390/5011 4391/5010 4404/5016 4403/5017
f 4386/5002 4388/5005 4401/5018 4399/5019
f 4395/4999 4394/5003 4407/5020 4408/5007
f 4396/5000 4398/4998 4411/5012 4409/5021
f 4393/5001 4396/5000 4409/5021 4406/5022
f 4394/5003 4386/5002 4399/5019 4407/5020
f 4388/5005 4389/5004 4402/5014 4401/5018
f 4392/5006 4393/5001 4406/5022 4405/5015
f 4410/5008 4408/5007 4421/5023 4423/5024
f 4406/5022 4409/5021 4422/5025 4419/5026
f 4407/5020 4399/5019 4412/5027 4420/5028
f 4401/5018 4402/5014 4415/5029 4414/5030
f 4405/5015 4406/5022 4419/5026 4418/5031
f 4409/5021 4411/5012 4424/5032 4422/5025
f 4408/5007 4407/5020 4420/5028 4421/5023
f 4411/5012 4410/5008 4423/5024 4424/5032
f 4402/5014 4400/5013 4413/5033 4415/5029
f 4404/5016 4405/5015 4418/5031 4417/5034
f 4403/5017 4404/5016 4417/5034 4416/5035
f 4399/5019 4401/5018 4414/5030 4412/5027
f 4423/5024 4436/5036 4437/5037 4424/5032
f 4423/5024 4421/5023 4434/5038 4436/5036
f 4419/5026 4422/5025 4435/5039 4432/5040
f 4420/5028 4412/5027 4425/5041 4433/5042
f 4414/5030 4415/5029 4428/5043 4427/5044
f 4418/5031 4419/5026 4432/5040 4431/5045
f 4422/5025 4424/5032 4437/5037 4435/5039
f 4421/5023 4420/5028 4433/5042 4434/5038
f 4436/5036 4434/5038 4447/5046 4449/5047
f 4415/5029 4413/5033 4426/5048 4428/5043
f 4417/5034 4418/5031 4431/5045 4430/5049
f 4416/5035 4417/5034 4430/5049 4429/5050
f 4412/5027 4414/5030 4427/5044 4425/5041
f 4437/5037 4436/5036 4449/5047 4450/5051
f 4428/5043 4426/5048 4439/5052 4441/5053
f 4430/5049 4431/5045 4444/5054 4443/5055
f 4429/5050 4430/5049 4443/5055 4442/5056
f 4425/5041 4427/5044 4440/5057 4438/5058
f 4434/5038 4433/5042 4446/5059 4447/5046
f 4435/5039 4437/5037 4450/5051 4448/5060
f 4432/5040 4435/5039 4448/5060 4445/5061
f 4433/5042 4425/5041 4438/5058 4446/5059
f 4427/5044 4428/5043 4441/5053 4440/5057
f 4431/5045 4432/5040 4445/5061 4444/5054
f 4449/5047 4447/5046 4460/5062 4462/5063
f 4445/5061 4448/5060 4461/5064 4458/5065
f 4446/5059 4438/5058 4451/5066 4459/5067
f 4440/5057 4441/5053 4454/5068 4453/5069
f 4444/5054 4445/5061 4458/5065 4457/5070
f 4448/5060 4450/5051 4463/5071 4461/5064
f 4447/5046 4446/5059 4459/5067 4460/5062
f 4450/5051 4449/5047 4462/5063 4463/5071
f 4441/5053 4439/5052 4452/5072 4454/5068
f 4443/5055 4444/5054 4457/5070 4456/5073
f 4442/5056 4443/5055 4456/5073 4455/5074
f 4438/5058 4440/5057 4453/5069 4451/5066
f 4463/5071 4462/5063 4475/5075 4476/5076
f 4454/5068 4452/5072 4465/5077 4467/5078
f 4456/5073 4457/5070 4470/5079 4469/5080
f 4455/5074 4456/5073 4469/5080 4468/5081
f 4451/5066 4453/5069 4466/5082 4464/5083
f 4460/5062 4459/5067 4472/5084 4473/5085
f 4462/5063 4460/5062 4473/5085 4475/5075
f 4458/5065 4461/5064 4474/5086 4471/5087
f 4459/5067 4451/5066 4464/5083 4472/5084
f 4453/5069 4454/5068 4467/5078 4466/5082
f 4457/5070 4458/5065 4471/5087 4470/5079
f 4461/5064 4463/5071 4476/5076 4474/5086
f 4475/5075 4473/5085 4486/5088 4488/5089
f 4466/5082 4467/5078 4480/5090 4479/5091
f 4470/5079 4471/5087 4484/5092 4483/5093
f 4474/5086 4476/5076 4489/5094 4487/5095
f 4473/5085 4472/5084 4485/5096 4486/5088
f 4476/5076 4475/5075 4488/5089 4489/5094
f 4467/5078 4465/5077 4478/5097 4480/5090
f 4469/5080 4470/5079 4483/5093 4482/5098
f 4468/5081 4469/5080 4482/5098 4481/5099
f 4464/5083 4466/5082 4479/5091 4477/5100
f 4489/5094 4488/5089 4501/5101 4502/5102
f 4471/5087 4474/5086 4487/5095 4484/5092
f 4472/5084 4464/5083 4477/5100 4485/5096
f 4481/5099 4482/5098 4495/5103 4494/5104
f 4477/5100 4479/5091 4492/5105 4490/5106
f 4486/5088 4485/5096 4498/5107 4499/5108
f 4488/5089 4486/5088 4499/5108 4501/5101
f 4484/5092 4487/5095 4500/5109 4497/5110
f 4485/5096 4477/5100 4490/5106 4498/5107
f 4479/5091 4480/5090 4493/5111 4492/5105
f 4483/5093 4484/5092 4497/5110 4496/5112
f 4487/5095 4489/5094 4502/5102 4500/5109
f 4501/5101 4499/5108 4512/5113 4514/5114
f 4480/5090 4478/5097 4491/5115 4493/5111
f 4482/5098 4483/5093 4496/5112 4495/5103
f 4500/5109 4502/5102 4515/5116 4513/5117
f 4499/5108 4498/5107 4511/5118 4512/5113
f 4502/5102 4501/5101 4514/5114 4515/5116
f 4493/5111 4491/5115 4504/5119 4506/5120
f 4495/5103 4496/5112 4509/5121 4508/5122
f 4494/5104 4495/5103 4508/5122 4507/5123
f 4490/5106 4492/5105 4505/5124 4503/5125
f 4515/5116 4514/5114 4527/5126 4528/5127
f 4497/5110 4500/5109 4513/5117 4510/5128
f 4498/5107 4490/5106 4503/5125 4511/5118
f 4492/5105 4493/5111 4506/5120 4505/5124
f 4496/5112 4497/5110 4510/5128 4509/5121
f 4503/5125 4505/5124 4518/5129 4516/5130
f 4512/5113 4511/5118 4524/5131 4525/5132
f 4514/5114 4512/5113 4525/5132 4527/5126
f 4510/5128 4513/5117 4526/5133 4523/5134
f 4511/5118 4503/5125 4516/5130 4524/5131
f 4505/5124 4506/5120 4519/5135 4518/5129
f 4509/5121 4510/5128 4523/5134 4522/5136
f 4513/5117 4515/5116 4528/5127 4526/5133
f 4526/5133 4528/5127 4541/5137 4539/5138
f 4506/5120 4504/5119 4517/5139 4519/5135
f 4508/5122 4509/5121 4522/5136 4521/5140
f 4507/5123 4508/5122 4521/5140 4520/5141
f 4525/5132 4524/5131 4537/5142 4538/5143
f 4527/5126 4525/5132 4538/5143 4540/5144
f 4528/5127 4527/5126 4540/5144 4541/5137
f 4519/5135 4517/5139 4530/5145 4532/5146
f 4521/5140 4522/5136 4535/5147 4534/5148
f 4520/5141 4521/5140 4534/5148 4533/5149
f 4516/5130 4518/5129 4531/5150 4529/5151
f 4523/5134 4526/5133 4539/5138 4536/5152
f 4524/5131 4516/5130 4529/5151 4537/5142
f 4518/5129 4519/5135 4532/5146 4531/5150
f 4522/5136 4523/5134 4536/5152 4535/5147
f 4092/4640 4094/4794 4154/4676 4153/4675
f 4567/5153 4568/5154 4544/5155 4545/5156
f 4571/5157 4546/5158 4547/5159 4570/5160
f 4580/5161 4548/5162 4549/5163 4577/5164
f 4668/5165 4566/5166 4551/5167 4663/5168
f 4658/5169 4664/5170 4556/5171 4576/5172
f 4643/5173 4654/5174 4558/5175 4579/5176
f 4633/5177 4640/5178 4560/5179 4578/5180
f 4666/5181 4665/5182 4557/5183 4573/5184
f 4647/5185 4653/5186 4559/5187 4572/5188
f 4636/5189 4641/5190 4561/5191 4574/5192
f 4581/5193 4562/5194 4548/5162 4580/5161
f 4575/5195 4563/5196 4546/5158 4571/5157
f 4569/5197 4567/5153 4545/5156 4565/5198
f 4635/5199 4639/5200 4555/5201 4584/5202
f 4645/5203 4652/5204 4554/5205 4583/5206
f 4660/5207 4667/5208 4553/5209 4582/5210
f 4585/5211 4587/5212 4588/5213 4586/5214
f 4564/5215 4542/5216 4567/5153 4569/5197
f 4662/5217 4550/5218 4566/5166 4668/5165
f 4542/5216 4543/5219 4568/5154 4567/5153
f 4564/5215 4575/5195 4571/5157 4542/5216
f 4648/5220 4647/5185 4572/5188 4552/5221
f 4662/5217 4666/5181 4573/5184 4550/5218
f 4542/5216 4571/5157 4570/5160 4543/5219
f 4563/5196 4581/5193 4580/5161 4546/5158
f 4641/5190 4633/5177 4578/5180 4561/5191
f 4653/5186 4643/5173 4579/5176 4559/5187
f 4665/5182 4658/5169 4576/5172 4557/5183
f 4546/5158 4580/5161 4577/5164 4547/5159
f 4548/5162 4585/5211 4586/5214 4549/5163
f 4664/5170 4660/5207 4582/5210 4556/5171
f 4654/5174 4645/5203 4583/5206 4558/5175
f 4640/5178 4635/5199 4584/5202 4560/5179
f 4611/5222 4592/5223 4591/5224 4612/5225
f 4615/5226 4614/5227 4594/5228 4593/5229
f 4624/5230 4621/5231 4596/5232 4595/5233
f 4670/5234 4669/5235 4598/5236 4610/5237
f 4661/5238 4620/5239 4600/5240 4657/5241
f 4646/5242 4623/5243 4602/5244 4650/5245
f 4634/5246 4622/5247 4604/5248 4638/5249
f 4655/5250 4617/5251 4601/5252 4656/5253
f 4642/5254 4616/5255 4603/5256 4649/5257
f 4631/5258 4618/5259 4605/5260 4637/5261
f 4625/5262 4624/5230 4595/5233 4606/5263
f 4619/5264 4615/5226 4593/5229 4607/5265
f 4613/5266 4609/5267 4592/5223 4611/5222
f 4632/5268 4628/5269 4555/5201 4639/5200
f 4644/5270 4627/5271 4554/5205 4652/5204
f 4659/5272 4626/5273 4553/5209 4667/5208
f 4629/5274 4630/5275 4588/5213 4587/5212
f 4608/5276 4613/5266 4611/5222 4589/5277
f 4671/5278 4670/5234 4610/5237 4597/5279
f 4589/5277 4611/5222 4612/5225 4590/5280
f 4608/5276 4589/5277 4615/5226 4619/5264
f 4651/5281 4599/5282 4616/5255 4642/5254
f 4671/5278 4597/5279 4617/5251 4655/5250
f 4589/5277 4590/5280 4614/5227 4615/5226
f 4607/5265 4593/5229 4624/5230 4625/5262
f 4637/5261 4605/5260 4622/5247 4634/5246
f 4649/5257 4603/5256 4623/5243 4646/5242
f 4656/5253 4601/5252 4620/5239 4661/5238
f 4593/5229 4594/5228 4621/5231 4624/5230
f 4595/5233 4596/5232 4630/5275 4629/5274
f 4657/5241 4600/5240 4626/5273 4659/5272
f 4650/5245 4602/5244 4627/5271 4644/5270
f 4638/5249 4604/5248 4628/5269 4632/5268
f 4602/5244 4638/5249 4632/5268 4627/5271
f 4603/5256 4637/5261 4634/5246 4623/5243
f 4627/5271 4632/5268 4639/5200 4554/5205
f 4616/5255 4631/5258 4637/5261 4603/5256
f 4623/5243 4634/5246 4638/5249 4602/5244
f 4558/5175 4583/5206 4635/5199 4640/5178
f 4559/5187 4579/5176 4633/5177 4641/5190
f 4583/5206 4554/5205 4639/5200 4635/5199
f 4572/5188 4559/5187 4641/5190 4636/5189
f 4579/5176 4558/5175 4640/5178 4633/5177
f 4600/5240 4650/5245 4644/5270 4626/5273
f 4601/5252 4649/5257 4646/5242 4620/5239
f 4597/5279 4651/5281 4642/5254 4617/5251
f 4626/5273 4644/5270 4652/5204 4553/5209
f 4617/5251 4642/5254 4649/5257 4601/5252
f 4620/5239 4646/5242 4650/5245 4600/5240
f 4556/5171 4582/5210 4645/5203 4654/5174
f 4557/5183 4576/5172 4643/5173 4653/5186
f 4550/5218 4573/5184 4647/5185 4648/5220
f 4582/5210 4553/5209 4652/5204 4645/5203
f 4573/5184 4557/5183 4653/5186 4647/5185
f 4576/5172 4556/5171 4654/5174 4643/5173
f 4596/5232 4657/5241 4659/5272 4630/5275
f 4594/5228 4656/5253 4661/5238 4621/5231
f 4590/5280 4671/5278 4655/5250 4614/5227
f 4590/5280 4612/5225 4670/5234 4671/5278
f 4630/5275 4659/5272 4667/5208 4588/5213
f 4614/5227 4655/5250 4656/5253 4594/5228
f 4621/5231 4661/5238 4657/5241 4596/5232
f 4612/5225 4591/5224 4669/5235 4670/5234
f 4549/5163 4586/5214 4660/5207 4664/5170
f 4547/5159 4577/5164 4658/5169 4665/5182
f 4543/5219 4570/5160 4666/5181 4662/5217
f 4543/5219 4662/5217 4668/5165 4568/5154
f 4586/5214 4588/5213 4667/5208 4660/5207
f 4570/5160 4547/5159 4665/5182 4666/5181
f 4577/5164 4549/5163 4664/5170 4658/5169
f 4568/5154 4668/5165 4663/5168 4544/5155
f 4787/5283 4784/5284 4700/5285 4748/5286
f 4816/5287 4676/5288 4675/5289 4813/5290
f 4833/5291 4829/5292 4674/5293 4679/5294
f 4843/5295 4844/5296 4689/5297 4757/5298
f 4776/5299 4773/5300 4678/5301 4672/5302
f 4800/5303 4803/5304 4686/5305 4717/5306
f 4786/5307 4781/5308 4677/5309 4680/5310
f 4789/5311 4796/5312 4685/5313 4759/5314
f 4849/5315 4846/5316 4726/5317 4697/5318
f 4819/5319 4737/5320 4704/5321 4814/5322
f 4779/5323 4775/5324 4725/5325 4718/5326
f 4851/5327 4848/5328 4724/5329 4713/5330
f 4842/5331 4839/5332 4727/5333 4714/5334
f 4840/5335 4837/5336 4729/5337 4699/5338
f 4791/5339 4793/5340 4732/5341 4712/5342
f 4790/5343 4795/5344 4735/5345 4690/5346
f 4814/5322 4704/5321 4738/5347 4820/5348
f 4817/5349 4683/5350 4740/5351 4818/5352
f 4831/5353 4834/5354 4742/5355 4710/5356
f 4832/5357 4836/5358 4744/5359 4688/5360
f 4797/5361 4802/5362 4731/5363 4722/5364
f 4799/5365 4804/5366 4734/5367 4693/5368
f 4782/5369 4787/5283 4748/5286 4715/5370
f 4784/5284 4788/5371 4750/5372 4700/5285
f 4808/5373 4809/5374 4746/5375 4721/5376
f 4811/5377 4810/5378 4747/5379 4703/5380
f 4775/5324 4777/5381 4719/5382 4725/5325
f 4780/5383 4778/5384 4720/5385 4696/5386
f 4823/5387 4710/5356 4742/5355 4826/5388
f 4824/5389 4688/5360 4744/5359 4825/5390
f 4822/5391 4694/5392 4743/5393 4828/5394
f 4774/5395 4779/5323 4718/5326 4698/5396
f 4807/5397 4812/5398 4745/5399 4702/5400
f 4783/5401 4785/5402 4749/5403 4701/5404
f 4798/5405 4801/5406 4730/5407 4708/5408
f 4830/5409 4835/5410 4743/5393 4694/5392
f 4815/5411 4695/5412 4737/5320 4819/5319
f 4792/5413 4794/5414 4733/5415 4707/5416
f 4841/5417 4838/5418 4728/5419 4711/5420
f 4848/5328 4847/5421 4753/5422 4724/5329
f 4847/5421 4850/5423 4723/5424 4753/5422
f 4785/5402 4782/5369 4715/5370 4749/5403
f 4835/5410 4831/5353 4710/5356 4743/5393
f 4846/5316 4845/5425 4692/5426 4726/5317
f 4795/5344 4789/5311 4759/5314 4735/5345
f 4801/5406 4797/5361 4722/5364 4730/5407
f 4812/5398 4808/5373 4721/5376 4745/5399
f 4788/5371 4786/5307 4680/5310 4750/5372
f 4825/5390 4744/5359 4679/5427 4827/5428
f 4778/5384 4776/5299 4672/5302 4720/5385
f 4777/5381 4780/5383 4696/5386 4719/5382
f 4838/5418 4842/5331 4714/5334 4728/5419
f 4802/5362 4799/5365 4693/5368 4731/5363
f 4826/5388 4742/5355 4688/5360 4824/5389
f 4810/5378 4805/5429 4758/5430 4747/5379
f 4850/5423 4849/5315 4697/5318 4723/5424
f 4820/5348 4738/5347 4683/5350 4817/5349
f 4839/5332 4840/5335 4699/5338 4727/5333
f 4793/5340 4790/5343 4690/5346 4732/5341
f 4837/5336 4843/5295 4757/5298 4729/5337
f 4827/5428 4679/5427 4674/5293 4821/5431
f 4845/5425 4852/5432 4691/5433 4692/5426
f 4805/5429 4806/5434 4682/5435 4758/5430
f 4828/5394 4743/5393 4710/5356 4823/5387
f 4834/5354 4832/5357 4688/5360 4742/5355
f 4809/5374 4811/5377 4703/5380 4746/5375
f 4794/5414 4791/5339 4712/5342 4733/5415
f 4804/5366 4800/5303 4717/5306 4734/5367
f 4818/5352 4740/5351 4676/5288 4816/5287
f 4836/5358 4833/5291 4679/5294 4744/5359
f 4720/5385 4672/5302 4760/5436 4766/5437
f 4672/5302 4678/5301 4761/5438 4760/5436
f 4696/5386 4720/5385 4766/5437 4762/5439
f 4698/5396 4718/5326 4764/5440 4763/5441
f 4725/5325 4719/5382 4765/5442 4767/5443
f 4719/5382 4696/5386 4762/5439 4765/5442
f 4718/5326 4725/5325 4767/5443 4764/5440
f 4764/5440 4767/5443 4863/5444 4861/5445
f 4765/5442 4762/5439 4770/5446 4862/5447
f 4760/5436 4761/5438 4769/5448 4768/5449
f 4762/5439 4766/5437 4772/5450 4770/5446
f 4767/5443 4765/5442 4862/5447 4863/5444
f 4766/5437 4760/5436 4768/5449 4772/5450
f 4763/5441 4764/5440 4861/5445 4771/5451
f 4748/5286 4700/5285 4780/5383 4777/5381
f 4750/5372 4680/5310 4776/5299 4778/5384
f 4701/5404 4749/5403 4779/5323 4774/5395
f 4700/5285 4750/5372 4778/5384 4780/5383
f 4715/5370 4748/5286 4777/5381 4775/5324
f 4749/5403 4715/5370 4775/5324 4779/5323
f 4680/5310 4677/5309 4773/5300 4776/5299
f 4735/5345 4759/5314 4786/5307 4788/5371
f 4733/5415 4712/5342 4782/5369 4785/5402
f 4707/5416 4733/5415 4785/5402 4783/5401
f 4690/5346 4735/5345 4788/5371 4784/5284
f 4712/5342 4732/5341 4787/5283 4782/5369
f 4759/5314 4685/5313 4781/5308 4786/5307
f 4732/5341 4690/5346 4784/5284 4787/5283
f 4730/5407 4722/5364 4791/5339 4794/5414
f 4731/5363 4693/5368 4790/5343 4793/5340
f 4734/5367 4717/5306 4789/5311 4795/5344
f 4708/5408 4730/5407 4794/5414 4792/5413
f 4693/5368 4734/5367 4795/5344 4790/5343
f 4722/5364 4731/5363 4793/5340 4791/5339
f 4717/5306 4686/5305 4796/5312 4789/5311
f 4747/5379 4758/5430 4800/5303 4804/5366
f 4746/5375 4703/5380 4799/5365 4802/5362
f 4745/5399 4721/5376 4797/5361 4801/5406
f 4702/5400 4745/5399 4801/5406 4798/5405
f 4703/5380 4747/5379 4804/5366 4799/5365
f 4721/5376 4746/5375 4802/5362 4797/5361
f 4758/5430 4682/5435 4803/5304 4800/5303
f 4739/5452 4684/5453 4811/5377 4809/5374
f 4673/5454 4681/5455 4806/5434 4805/5429
f 4741/5456 4673/5454 4805/5429 4810/5378
f 4736/5457 4706/5458 4808/5373 4812/5398
f 4705/5459 4736/5457 4812/5398 4807/5397
f 4684/5453 4741/5456 4810/5378 4811/5377
f 4706/5458 4739/5452 4809/5374 4808/5373
f 4741/5456 4818/5352 4816/5287 4673/5454
f 4739/5452 4820/5348 4817/5349 4684/5453
f 4705/5459 4815/5411 4819/5319 4736/5457
f 4684/5453 4817/5349 4818/5352 4741/5456
f 4706/5458 4814/5322 4820/5348 4739/5452
f 4736/5457 4819/5319 4814/5322 4706/5458
f 4673/5454 4816/5287 4813/5290 4681/5455
f 4737/5320 4828/5394 4823/5387 4704/5321
f 4676/5288 4827/5428 4821/5431 4675/5289
f 4738/5347 4826/5388 4824/5389 4683/5350
f 4740/5351 4825/5390 4827/5428 4676/5288
f 4695/5412 4822/5391 4828/5394 4737/5320
f 4683/5350 4824/5389 4825/5390 4740/5351
f 4704/5321 4823/5387 4826/5388 4738/5347
f 4729/5337 4757/5298 4833/5291 4836/5358
f 4727/5333 4699/5338 4832/5357 4834/5354
f 4728/5419 4714/5334 4831/5353 4835/5410
f 4711/5420 4728/5419 4835/5410 4830/5409
f 4699/5338 4729/5337 4836/5358 4832/5357
f 4714/5334 4727/5333 4834/5354 4831/5353
f 4757/5298 4689/5297 4829/5292 4833/5291
f 4726/5317 4692/5426 4843/5295 4837/5336
f 4723/5424 4697/5318 4840/5335 4839/5332
f 4724/5329 4753/5422 4842/5331 4838/5418
f 4713/5330 4724/5329 4838/5418 4841/5417
f 4697/5318 4726/5317 4837/5336 4840/5335
f 4753/5422 4723/5424 4839/5332 4842/5331
f 4692/5426 4691/5433 4844/5296 4843/5295
f 4751/5460 4756/5461 4852/5432 4845/5425
f 4755/5462 4687/5463 4849/5315 4850/5423
f 4752/5464 4751/5460 4845/5425 4846/5316
f 4709/5465 4755/5462 4850/5423 4847/5421
f 4754/5466 4709/5465 4847/5421 4848/5328
f 4716/5467 4754/5466 4848/5328 4851/5327
f 4687/5463 4752/5464 4846/5316 4849/5315
f 4751/5460 4752/5464 4857/5468 4856/5469
f 4709/5465 4754/5466 4858/5470 4854/5471
f 4754/5466 4716/5467 4855/5472 4858/5470
f 4755/5462 4709/5465 4854/5471 4859/5473
f 4756/5461 4751/5460 4856/5469 4860/5474
f 4687/5463 4755/5462 4859/5473 4853/5475
f 4752/5464 4687/5463 4853/5475 4857/5468
f 4974/5476 4940/5477 4892/5478 4971/5479
f 5003/5480 5000/5481 4867/5482 4868/5483
f 5020/5484 4871/5485 4866/5486 5016/5487
f 5030/5488 4949/5489 4881/5490 5031/5491
f 4963/5492 4864/5493 4870/5494 4960/5495
f 4987/5496 4909/5497 4878/5498 4990/5499
f 4973/5500 4872/5501 4869/5502 4968/5503
f 4976/5504 4951/5505 4877/5506 4983/5507
f 5036/5508 4889/5509 4918/5510 5033/5511
f 5006/5512 5001/5513 4896/5514 4929/5515
f 4966/5516 4910/5517 4917/5518 4962/5519
f 5038/5520 4905/5521 4916/5522 5035/5523
f 5029/5524 4906/5525 4919/5526 5026/5527
f 5027/5528 4891/5529 4921/5530 5024/5531
f 4978/5532 4904/5533 4924/5534 4980/5535
f 4977/5536 4882/5537 4927/5538 4982/5539
f 5001/5513 5007/5540 4930/5541 4896/5514
f 5004/5542 5005/5543 4932/5544 4875/5545
f 5018/5546 4902/5547 4934/5548 5021/5549
f 5019/5550 4880/5551 4936/5552 5023/5553
f 4984/5554 4914/5555 4923/5556 4989/5557
f 4986/5558 4885/5559 4926/5560 4991/5561
f 4969/5562 4907/5563 4940/5477 4974/5476
f 4971/5479 4892/5478 4942/5564 4975/5565
f 4995/5566 4913/5567 4938/5568 4996/5569
f 4998/5570 4895/5571 4939/5572 4997/5573
f 4962/5519 4917/5518 4911/5574 4964/5575
f 4967/5576 4888/5577 4912/5578 4965/5579
f 5010/5580 5013/5581 4934/5548 4902/5547
f 5011/5582 5012/5583 4936/5552 4880/5551
f 5009/5584 5015/5585 4935/5586 4886/5587
f 4961/5588 4890/5589 4910/5517 4966/5516
f 4994/5590 4894/5591 4937/5592 4999/5593
f 4970/5594 4893/5595 4941/5596 4972/5597
f 4985/5598 4900/5599 4922/5600 4988/5601
f 5017/5602 4886/5587 4935/5586 5022/5603
f 5002/5604 5006/5512 4929/5515 4887/5605
f 4979/5606 4899/5607 4925/5608 4981/5609
f 5028/5610 4903/5611 4920/5612 5025/5613
f 5035/5523 4916/5522 4945/5614 5034/5615
f 5034/5615 4945/5614 4915/5616 5037/5617
f 4972/5597 4941/5596 4907/5563 4969/5562
f 5022/5603 4935/5586 4902/5547 5018/5546
f 5033/5511 4918/5510 4884/5618 5032/5619
f 4982/5539 4927/5538 4951/5505 4976/5504
f 4988/5601 4922/5600 4914/5555 4984/5554
f 4999/5593 4937/5592 4913/5567 4995/5566
f 4975/5565 4942/5564 4872/5501 4973/5500
f 5012/5583 5014/5620 4871/5621 4936/5552
f 4965/5579 4912/5578 4864/5493 4963/5492
f 4964/5575 4911/5574 4888/5577 4967/5576
f 5025/5613 4920/5612 4906/5525 5029/5524
f 4989/5557 4923/5556 4885/5559 4986/5558
f 5013/5581 5011/5582 4880/5551 4934/5548
f 4997/5573 4939/5572 4950/5622 4992/5623
f 5037/5617 4915/5616 4889/5509 5036/5508
f 5007/5540 5004/5542 4875/5545 4930/5541
f 5026/5527 4919/5526 4891/5529 5027/5528
f 4980/5535 4924/5534 4882/5537 4977/5536
f 5024/5531 4921/5530 4949/5489 5030/5488
f 5014/5620 5008/5624 4866/5486 4871/5621
f 5032/5619 4884/5618 4883/5625 5039/5626
f 4992/5623 4950/5622 4874/5627 4993/5628
f 5015/5585 5010/5580 4902/5547 4935/5586
f 5021/5549 4934/5548 4880/5551 5019/5550
f 4996/5569 4938/5568 4895/5571 4998/5570
f 4981/5609 4925/5608 4904/5533 4978/5532
f 4991/5561 4926/5560 4909/5497 4987/5496
f 5005/5543 5003/5480 4868/5483 4932/5544
f 5023/5553 4936/5552 4871/5621 5020/5484
f 4912/5578 4958/5629 4952/5630 4864/5493
f 4864/5493 4952/5630 4953/5631 4870/5494
f 4888/5577 4954/5632 4958/5629 4912/5578
f 4890/5589 4955/5633 4956/5634 4910/5517
f 4917/5518 4959/5635 4957/5636 4911/5574
f 4911/5574 4957/5636 4954/5632 4888/5577
f 4910/5517 4956/5634 4959/5635 4917/5518
f 4956/5634 4861/5445 4863/5444 4959/5635
f 4957/5636 4862/5447 4770/5446 4954/5632
f 4952/5630 4768/5449 4769/5448 4953/5631
f 4954/5632 4770/5446 4772/5450 4958/5629
f 4959/5635 4863/5444 4862/5447 4957/5636
f 4958/5629 4772/5450 4768/5449 4952/5630
f 4955/5633 4771/5451 4861/5445 4956/5634
f 4940/5477 4964/5575 4967/5576 4892/5478
f 4942/5564 4965/5579 4963/5492 4872/5501
f 4893/5595 4961/5588 4966/5516 4941/5596
f 4892/5478 4967/5576 4965/5579 4942/5564
f 4907/5563 4962/5519 4964/5575 4940/5477
f 4941/5596 4966/5516 4962/5519 4907/5563
f 4872/5501 4963/5492 4960/5495 4869/5502
f 4927/5538 4975/5565 4973/5500 4951/5505
f 4925/5608 4972/5597 4969/5562 4904/5533
f 4899/5607 4970/5594 4972/5597 4925/5608
f 4882/5537 4971/5479 4975/5565 4927/5538
f 4904/5533 4969/5562 4974/5476 4924/5534
f 4951/5505 4973/5500 4968/5503 4877/5506
f 4924/5534 4974/5476 4971/5479 4882/5537
f 4922/5600 4981/5609 4978/5532 4914/5555
f 4923/5556 4980/5535 4977/5536 4885/5559
f 4926/5560 4982/5539 4976/5504 4909/5497
f 4900/5599 4979/5606 4981/5609 4922/5600
f 4885/5559 4977/5536 4982/5539 4926/5560
f 4914/5555 4978/5532 4980/5535 4923/5556
f 4909/5497 4976/5504 4983/5507 4878/5498
f 4939/5572 4991/5561 4987/5496 4950/5622
f 4938/5568 4989/5557 4986/5558 4895/5571
f 4937/5592 4988/5601 4984/5554 4913/5567
f 4894/5591 4985/5598 4988/5601 4937/5592
f 4895/5571 4986/5558 4991/5561 4939/5572
f 4913/5567 4984/5554 4989/5557 4938/5568
f 4950/5622 4987/5496 4990/5499 4874/5627
f 4931/5637 4996/5569 4998/5570 4876/5638
f 4865/5639 4992/5623 4993/5628 4873/5640
f 4933/5641 4997/5573 4992/5623 4865/5639
f 4928/5642 4999/5593 4995/5566 4898/5643
f 4897/5644 4994/5590 4999/5593 4928/5642
f 4876/5638 4998/5570 4997/5573 4933/5641
f 4898/5643 4995/5566 4996/5569 4931/5637
f 4933/5641 4865/5639 5003/5480 5005/5543
f 4931/5637 4876/5638 5004/5542 5007/5540
f 4897/5644 4928/5642 5006/5512 5002/5604
f 4876/5638 4933/5641 5005/5543 5004/5542
f 4898/5643 4931/5637 5007/5540 5001/5513
f 4928/5642 4898/5643 5001/5513 5006/5512
f 4865/5639 4873/5640 5000/5481 5003/5480
f 4929/5515 4896/5514 5010/5580 5015/5585
f 4868/5483 4867/5482 5008/5624 5014/5620
f 4930/5541 4875/5545 5011/5582 5013/5581
f 4932/5544 4868/5483 5014/5620 5012/5583
f 4887/5605 4929/5515 5015/5585 5009/5584
f 4875/5545 4932/5544 5012/5583 5011/5582
f 4896/5514 4930/5541 5013/5581 5010/5580
f 4921/5530 5023/5553 5020/5484 4949/5489
f 4919/5526 5021/5549 5019/5550 4891/5529
f 4920/5612 5022/5603 5018/5546 4906/5525
f 4903/5611 5017/5602 5022/5603 4920/5612
f 4891/5529 5019/5550 5023/5553 4921/5530
f 4906/5525 5018/5546 5021/5549 4919/5526
f 4949/5489 5020/5484 5016/5487 4881/5490
f 4918/5510 5024/5531 5030/5488 4884/5618
f 4915/5616 5026/5527 5027/5528 4889/5509
f 4916/5522 5025/5613 5029/5524 4945/5614
f 4905/5521 5028/5610 5025/5613 4916/5522
f 4889/5509 5027/5528 5024/5531 4918/5510
f 4945/5614 5029/5524 5026/5527 4915/5616
f 4884/5618 5030/5488 5031/5491 4883/5625
f 4943/5645 5032/5619 5039/5626 4948/5646
f 4947/5647 5037/5617 5036/5508 4879/5648
f 4944/5649 5033/5511 5032/5619 4943/5645
f 4901/5650 5034/5615 5037/5617 4947/5647
f 4946/5651 5035/5523 5034/5615 4901/5650
f 4908/5652 5038/5520 5035/5523 4946/5651
f 4879/5648 5036/5508 5033/5511 4944/5649
f 4943/5645 5042/5653 5043/5654 4944/5649
f 4901/5650 5041/5655 5044/5656 4946/5651
f 4946/5651 5044/5656 4855/5657 4908/5652
f 4947/5647 5045/5658 5041/5655 4901/5650
f 4948/5646 5046/5659 5042/5653 4943/5645
f 4879/5648 5040/5660 5045/5658 4947/5647
f 4944/5649 5043/5654 5040/5660 4879/5648
f 4821/5431 4674/5293 5047/5661 5066/5662
f 4806/5434 4681/5455 5051/5663 5064/5664
f 4881/5490 5016/5487 5090/5665 5079/5666
f 4968/5503 4869/5502 5073/5667 5084/5668
f 4948/5646 5039/5626 5092/5669 5081/5670
f 5016/5487 4866/5486 5071/5671 5090/5665
f 4796/5312 4686/5305 5054/5672 5062/5673
f 5000/5481 4873/5640 5075/5674 5088/5675
f 4874/5627 4990/5499 5086/5676 5076/5677
f 4960/5495 4870/5494 5074/5678 5083/5679
f 5031/5491 4881/5490 5079/5666 5091/5680
f 5039/5626 4883/5625 5080/5681 5092/5669
f 4993/5628 4874/5627 5076/5677 5087/5682
f 4883/5625 5031/5491 5091/5680 5080/5681
f 4870/5494 4953/5631 5082/5683 5074/5678
f 4686/5305 4803/5304 5063/5684 5054/5672
f 4769/5448 4761/5438 5058/5685 5059/5686
f 4953/5631 4769/5448 5059/5686 5082/5683
f 4677/5309 4781/5308 5061/5687 5049/5688
f 4983/5507 4877/5506 5077/5689 5085/5690
f 5046/5659 4948/5646 5081/5670 5093/5691
f 5008/5624 4867/5482 5072/5692 5089/5693
f 4867/5482 5000/5481 5088/5675 5072/5692
f 4852/5432 4756/5461 5057/5694 5069/5695
f 4674/5293 4829/5292 5067/5696 5047/5661
f 4877/5506 4968/5503 5084/5668 5077/5689
f 4869/5502 4960/5495 5083/5679 5073/5667
f 4678/5301 4773/5300 5060/5697 5050/5698
f 4866/5486 5008/5624 5089/5693 5071/5671
f 4681/5455 4813/5290 5065/5699 5051/5663
f 4803/5304 4682/5435 5052/5700 5063/5684
f 4829/5292 4689/5297 5055/5701 5067/5696
f 4761/5438 4678/5301 5050/5698 5058/5685
f 4689/5297 4844/5296 5068/5702 5055/5701
f 4873/5640 4993/5628 5087/5682 5075/5674
f 4691/5433 4852/5432 5069/5695 5056/5703
f 4682/5435 4806/5434 5064/5664 5052/5700
f 4844/5296 4691/5433 5056/5703 5068/5702
f 4878/5498 4983/5507 5085/5690 5078/5704
f 4675/5289 4821/5431 5066/5662 5048/5705
f 4685/5313 4796/5312 5062/5673 5053/5706
f 4773/5300 4677/5309 5049/5688 5060/5697
f 4781/5308 4685/5313 5053/5706 5061/5687
f 4813/5290 4675/5289 5048/5705 5065/5699
f 4756/5461 4860/5474 5070/5707 5057/5694
f 4990/5499 4878/5498 5078/5704 5086/5676
f 4856/5469 4857/5468 5097/5708 5096/5709
f 5044/5656 5041/5655 5102/5710 5105/5711
f 5040/5660 5043/5654 5104/5712 5101/5713
f 4853/5475 4859/5473 5099/5714 5094/5715
f 5042/5653 5046/5659 5107/5716 5103/5717
f 5046/5659 5093/5691 5109/5718 5107/5716
f 5041/5655 5045/5658 5106/5719 5102/5710
f 5043/5654 5042/5653 5103/5717 5104/5712
f 4854/5471 4858/5470 5098/5720 5095/5721
f 5070/5707 4860/5474 5100/5722 5108/5723
f 4857/5468 4853/5475 5094/5715 5097/5708
f 4860/5474 4856/5469 5096/5709 5100/5722
f 5045/5658 5040/5660 5101/5713 5106/5719
f 4859/5473 4854/5471 5095/5721 5099/5714
f 4830/5409 4694/5392 5110/5724 5130/5725
f 4701/5404 4774/5395 5123/5726 5113/5727
f 5002/5604 4887/5605 5135/5728 5151/5729
f 4771/5451 4955/5633 5145/5730 5122/5731
f 4841/5417 4711/5420 5118/5732 5131/5733
f 4798/5405 4708/5408 5117/5734 5126/5735
f 5017/5602 4903/5611 5142/5736 5153/5737
f 4763/5441 4771/5451 5122/5731 5121/5738
f 4985/5598 4894/5591 5138/5739 5149/5740
f 4894/5591 4994/5590 5150/5741 5138/5739
f 4908/5652 4855/5657 5133/5742 5144/5743
f 4707/5416 4783/5401 5124/5744 5116/5745
f 4905/5521 5038/5520 5155/5746 5143/5747
f 5009/5584 4886/5587 5134/5748 5152/5749
f 4713/5330 4841/5417 5131/5733 5119/5750
f 4792/5413 4707/5416 5116/5745 5125/5751
f 4994/5590 4897/5644 5139/5752 5150/5741
f 4887/5605 5009/5584 5152/5749 5135/5728
f 4815/5411 4705/5459 5115/5753 5128/5754
f 4890/5589 4961/5588 5146/5755 5136/5756
f 4886/5587 5017/5602 5153/5737 5134/5748
f 4698/5396 4763/5441 5121/5738 5112/5757
f 4900/5599 4985/5598 5149/5740 5141/5758
f 5038/5520 4908/5652 5144/5743 5155/5746
f 4711/5420 4830/5409 5130/5725 5118/5732
f 4695/5412 4815/5411 5128/5754 5111/5759
f 4899/5607 4979/5606 5148/5760 5140/5761
f 4708/5408 4792/5413 5125/5751 5117/5734
f 4961/5588 4893/5595 5137/5762 5146/5755
f 4903/5611 5028/5610 5154/5763 5142/5736
f 4855/5472 4716/5467 5120/5764 5133/5765
f 4970/5594 4899/5607 5140/5761 5147/5766
f 4893/5595 4970/5594 5147/5766 5137/5762
f 4702/5400 4798/5405 5126/5735 5114/5767
f 4851/5327 4713/5330 5119/5750 5132/5768
f 4774/5395 4698/5396 5112/5757 5123/5726
f 4807/5397 4702/5400 5114/5767 5127/5769
f 4955/5633 4890/5589 5136/5756 5145/5730
f 4694/5392 4822/5391 5129/5770 5110/5724
f 4705/5459 4807/5397 5127/5769 5115/5753
f 4979/5606 4900/5599 5141/5758 5148/5760
f 5028/5610 4905/5521 5143/5747 5154/5763
f 4822/5391 4695/5412 5111/5759 5129/5770
f 4897/5644 5002/5604 5151/5729 5139/5752
f 4716/5467 4851/5327 5132/5768 5120/5764
f 4783/5401 4701/5404 5113/5727 5124/5744
f 5120/5764 5132/5768 5178/5771 5166/5772
f 5153/5737 5142/5736 5188/5773 5199/5774
f 5129/5770 5111/5759 5157/5775 5175/5776
f 5132/5768 5119/5750 5165/5777 5178/5771
f 5149/5740 5138/5739 5184/5778 5195/5779
f 5116/5745 5124/5744 5170/5780 5162/5781
f 5119/5750 5131/5733 5177/5782 5165/5777
f 5134/5748 5153/5737 5199/5774 5180/5783
f 5140/5761 5148/5760 5194/5784 5186/5785
f 5131/5733 5118/5732 5164/5786 5177/5782
f 5141/5758 5149/5740 5195/5779 5187/5787
f 5145/5730 5136/5756 5182/5788 5191/5789
f 5128/5754 5115/5753 5161/5790 5174/5791
f 5151/5729 5135/5728 5181/5792 5197/5793
f 5148/5760 5141/5758 5187/5787 5194/5784
f 5118/5732 5130/5725 5176/5794 5164/5786
f 5138/5739 5150/5741 5196/5795 5184/5778
f 5137/5762 5147/5766 5193/5796 5183/5797
f 5121/5738 5122/5731 5168/5798 5167/5799
f 5150/5741 5139/5752 5185/5800 5196/5795
f 5125/5751 5116/5745 5162/5781 5171/5801
f 5136/5756 5146/5755 5192/5802 5182/5788
f 5114/5767 5126/5735 5172/5803 5160/5804
f 5152/5749 5134/5748 5180/5783 5198/5805
f 5112/5757 5121/5738 5167/5799 5158/5806
f 5146/5755 5137/5762 5183/5797 5192/5802
f 5130/5725 5110/5724 5156/5807 5176/5794
f 5135/5728 5152/5749 5198/5805 5181/5792
f 5117/5734 5125/5751 5171/5801 5163/5808
f 5155/5746 5144/5743 5190/5809 5201/5810
f 5126/5735 5117/5734 5163/5808 5172/5803
f 5147/5766 5140/5761 5186/5785 5193/5796
f 5124/5744 5113/5727 5159/5811 5170/5780
f 5143/5747 5155/5746 5201/5810 5189/5812
f 5111/5759 5128/5754 5174/5791 5157/5775
f 5122/5731 5145/5730 5191/5789 5168/5798
f 5123/5726 5112/5757 5158/5806 5169/5813
f 5154/5763 5143/5747 5189/5812 5200/5814
f 5127/5769 5114/5767 5160/5804 5173/5815
f 5144/5743 5133/5742 5179/5816 5190/5809
f 5113/5727 5123/5726 5169/5813 5159/5811
f 5142/5736 5154/5763 5200/5814 5188/5773
f 5115/5753 5127/5769 5173/5815 5161/5790
f 5133/5765 5120/5764 5166/5772 5179/5817
f 5139/5752 5151/5729 5197/5793 5185/5800
f 5110/5724 5129/5770 5175/5776 5156/5807
f 5295/5818 5286/5819 5212/5820 5223/5821
f 5294/5822 5282/5823 5210/5824 5222/5825
f 5297/5826 5292/5827 5207/5828 5225/5829
f 5283/5830 5278/5831 5205/5832 5209/5833
f 5289/5834 5274/5835 5216/5836 5218/5837
f 5282/5823 5283/5830 5209/5833 5210/5824
f 5296/5838 5280/5839 5208/5840 5224/5841
f 5286/5819 5294/5822 5222/5825 5212/5820
f 5280/5839 5295/5818 5223/5821 5208/5840
f 5292/5827 5296/5838 5224/5841 5207/5828
f 5284/5842 5297/5826 5225/5829 5206/5843
f 5217/5844 5204/5845 5228/5846 5241/5847
f 5205/5848 5219/5849 5243/5850 5229/5851
f 5219/5849 5221/5852 5245/5853 5243/5850
f 5221/5854 5220/5855 5244/5856 5245/5857
f 5213/5858 5214/5859 5238/5860 5237/5861
f 5209/5833 5205/5832 5229/5851 5233/5862
f 5207/5828 5224/5841 5248/5863 5231/5864
f 5212/5820 5222/5825 5246/5865 5236/5866
f 5214/5859 5215/5867 5239/5868 5238/5860
f 5211/5869 5206/5870 5230/5871 5235/5872
f 5220/5855 5202/5873 5226/5874 5244/5856
f 5218/5837 5216/5836 5240/5875 5242/5876
f 5225/5829 5207/5828 5231/5864 5249/5877
f 5216/5836 5217/5844 5241/5847 5240/5875
f 5222/5825 5210/5824 5234/5878 5246/5865
f 5224/5841 5208/5840 5232/5879 5248/5863
f 5210/5824 5209/5833 5233/5862 5234/5878
f 5202/5873 5203/5880 5227/5881 5226/5874
f 5203/5880 5218/5837 5242/5876 5227/5881
f 5215/5867 5211/5869 5235/5872 5239/5868
f 5206/5843 5225/5829 5249/5877 5230/5871
f 5208/5840 5223/5821 5247/5882 5232/5879
f 5204/5845 5213/5858 5237/5861 5228/5846
f 5223/5821 5212/5820 5236/5866 5247/5882
f 5230/5871 5249/5877 5273/5883 5254/5884
f 5248/5863 5232/5879 5256/5885 5272/5886
f 5229/5851 5243/5850 5267/5887 5253/5888
f 5233/5862 5229/5851 5253/5888 5257/5889
f 5239/5868 5235/5872 5259/5890 5263/5891
f 5240/5875 5241/5847 5265/5892 5264/5893
f 5235/5872 5230/5871 5254/5884 5259/5890
f 5247/5882 5236/5866 5260/5894 5271/5895
f 5237/5861 5238/5860 5262/5896 5261/5897
f 5226/5874 5227/5881 5251/5898 5250/5899
f 5243/5850 5245/5853 5269/5900 5267/5887
f 5238/5860 5239/5868 5263/5891 5262/5896
f 5228/5846 5237/5861 5261/5897 5252/5901
f 5236/5866 5246/5865 5270/5902 5260/5894
f 5246/5865 5234/5878 5258/5903 5270/5902
f 5249/5877 5231/5864 5255/5904 5273/5883
f 5234/5878 5233/5862 5257/5889 5258/5903
f 5232/5879 5247/5882 5271/5895 5256/5885
f 5244/5856 5226/5874 5250/5899 5268/5905
f 5245/5857 5244/5856 5268/5905 5269/5906
f 5231/5864 5248/5863 5272/5886 5255/5904
f 5242/5876 5240/5875 5264/5893 5266/5907
f 5227/5881 5242/5876 5266/5907 5251/5898
f 5241/5847 5228/5846 5252/5901 5265/5892
f 5203/5880 5202/5873 5293/5908 5290/5909
f 5218/5837 5203/5880 5290/5909 5289/5834
f 5206/5870 5211/5869 5291/5910 5284/5842
f 5202/5873 5220/5855 5285/5911 5293/5908
f 5217/5844 5216/5836 5274/5835 5275/5912
f 5204/5845 5217/5844 5275/5912 5281/5913
f 5211/5869 5215/5867 5276/5914 5291/5910
f 5213/5858 5204/5845 5281/5913 5277/5915
f 5219/5849 5205/5848 5278/5831 5288/5916
f 5214/5859 5213/5858 5277/5915 5279/5917
f 5221/5852 5219/5849 5288/5916 5287/5918
f 5215/5867 5214/5859 5279/5917 5276/5914
f 5220/5855 5221/5854 5287/5919 5285/5911
f 5391/5920 5319/5921 5308/5922 5382/5923
f 5390/5924 5318/5925 5306/5926 5378/5927
f 5393/5928 5321/5929 5303/5930 5388/5931
f 5379/5932 5305/5933 5301/5934 5374/5935
f 5385/5936 5314/5937 5312/5938 5370/5939
f 5378/5927 5306/5926 5305/5933 5379/5932
f 5392/5940 5320/5941 5304/5942 5376/5943
f 5382/5923 5308/5922 5318/5925 5390/5924
f 5376/5943 5304/5942 5319/5921 5391/5920
f 5388/5931 5303/5930 5320/5941 5392/5940
f 5380/5944 5302/5945 5321/5929 5393/5928
f 5313/5946 5337/5947 5324/5948 5300/5949
f 5301/5950 5325/5951 5339/5952 5315/5953
f 5315/5953 5339/5952 5341/5954 5317/5955
f 5317/5956 5341/5957 5340/5958 5316/5959
f 5309/5960 5333/5961 5334/5962 5310/5963
f 5305/5933 5329/5964 5325/5951 5301/5934
f 5303/5930 5327/5965 5344/5966 5320/5941
f 5308/5922 5332/5967 5342/5968 5318/5925
f 5310/5963 5334/5962 5335/5969 5311/5970
f 5307/5971 5331/5972 5326/5973 5302/5974
f 5316/5959 5340/5958 5322/5975 5298/5976
f 5314/5937 5338/5977 5336/5978 5312/5938
f 5321/5929 5345/5979 5327/5965 5303/5930
f 5312/5938 5336/5978 5337/5947 5313/5946
f 5318/5925 5342/5968 5330/5980 5306/5926
f 5320/5941 5344/5966 5328/5981 5304/5942
f 5306/5926 5330/5980 5329/5964 5305/5933
f 5298/5976 5322/5975 5323/5982 5299/5983
f 5299/5983 5323/5982 5338/5977 5314/5937
f 5311/5970 5335/5969 5331/5972 5307/5971
f 5302/5945 5326/5973 5345/5979 5321/5929
f 5304/5942 5328/5981 5343/5984 5319/5921
f 5300/5949 5324/5948 5333/5961 5309/5960
f 5319/5921 5343/5984 5332/5967 5308/5922
f 5326/5973 5350/5985 5369/5986 5345/5979
f 5344/5966 5368/5987 5352/5988 5328/5981
f 5325/5951 5349/5989 5363/5990 5339/5952
f 5329/5964 5353/5991 5349/5989 5325/5951
f 5335/5969 5359/5992 5355/5993 5331/5972
f 5336/5978 5360/5994 5361/5995 5337/5947
f 5331/5972 5355/5993 5350/5985 5326/5973
f 5343/5984 5367/5996 5356/5997 5332/5967
f 5333/5961 5357/5998 5358/5999 5334/5962
f 5322/5975 5346/6000 5347/6001 5323/5982
f 5339/5952 5363/5990 5365/6002 5341/5954
f 5334/5962 5358/5999 5359/5992 5335/5969
f 5324/5948 5348/6003 5357/5998 5333/5961
f 5332/5967 5356/5997 5366/6004 5342/5968
f 5342/5968 5366/6004 5354/6005 5330/5980
f 5345/5979 5369/5986 5351/6006 5327/5965
f 5330/5980 5354/6005 5353/5991 5329/5964
f 5328/5981 5352/5988 5367/5996 5343/5984
f 5340/5958 5364/6007 5346/6000 5322/5975
f 5341/5957 5365/6008 5364/6007 5340/5958
f 5327/5965 5351/6006 5368/5987 5344/5966
f 5338/5977 5362/6009 5360/5994 5336/5978
f 5323/5982 5347/6001 5362/6009 5338/5977
f 5337/5947 5361/5995 5348/6003 5324/5948
f 5299/5983 5386/6010 5389/6011 5298/5976
f 5314/5937 5385/5936 5386/6010 5299/5983
f 5302/5974 5380/5944 5387/6012 5307/5971
f 5298/5976 5389/6011 5381/6013 5316/5959
f 5313/5946 5371/6014 5370/5939 5312/5938
f 5300/5949 5377/6015 5371/6014 5313/5946
f 5307/5971 5387/6012 5372/6016 5311/5970
f 5309/5960 5373/6017 5377/6015 5300/5949
f 5315/5953 5384/6018 5374/5935 5301/5950
f 5310/5963 5375/6019 5373/6017 5309/5960
f 5317/5955 5383/6020 5384/6018 5315/5953
f 5311/5970 5372/6016 5375/6019 5310/5963
f 5316/5959 5381/6013 5383/6021 5317/5956